,processed_text
1,take now babi i am hold close tri understand desir hunger fire i breath love banquet feed come now tri understand the way i feel command take hand sun descend they cant hurt cant hurt now cant hurt now becaus night belong lover becaus night belong u becaus night belong lover caus night belong u have i doubt babi im alon love ring telephon love angel disguis lust here bed til morn come come now tri understand the way i feel command take hand sun descend they cant hurt now cant hurt now cant hurt now becaus night belong lover becaus night belong u becaus night belong lover becaus night belong u with love sleep doubt viciou circl turn burn without you oh i cannot live forgiv yearn burn i believ time heal feel take now take now take now becaus night belong lover becaus night belong u becaus night belong lover becaus night belong u
8,on bend kneeiv look everi window then touch bottom night sleepless day instead a day love camecam easi like what lost found beneath blind light would surround we without doubt we save raini day i crash mirror i crash floor laughter then in blind scene tie would moor u room a day love came came easi like what lost found and would save me i held like child if i you defiant you alon upon troubl way i would send heart you to save raini day
17,origin version lulu those schoolgirl day tell tale bite nail gone but mind i know still live on but thank someon taken crayon to perfum it easi ill tri if want sky i would write across sky in letter would soar thousand foot high to sir with love the time come close book long last look must end and i leav i know i leav best friend a friend taught right wrong weak strong that lot learn i give return if want moon i would tri make start but i would rather let give heart to sir with love those awkward year hurri fli away whi it sir child grow peopl one day what take place climb tree dirti knee world outsid what i buy if want world id surround wall id scrawl word letter ten foot tall to sir with love
32,take now babi i am hold close tri understand desir hunger fire i breath love banquet feed come now tri understand the way i feel command take hand sun descend they cant hurt cant hurt now cant hurt now becaus night belong lover becaus night belong u becaus night belong lover caus night belong u have i doubt babi im alon love ring telephon love angel disguis lust here bed til morn come come now tri understand the way i feel command take hand sun descend they cant hurt now cant hurt now cant hurt now becaus night belong lover becaus night belong u becaus night belong lover becaus night belong u with love sleep doubt viciou circl turn burn without you oh i cannot live forgiv yearn burn i believ time heal feel take now take now take now becaus night belong lover becaus night belong u becaus night belong lover becaus night belong u
35,love break apart myth human kind love break apart amyth human kind love break apart myth human kind panic worri night tempt rise panic worri night tempt rise panic worri night tempt rise no doubt shed desir blind faith surmis no doubt shed desir blind faith surmis no doubt shed deni blind faith halfsurmis becaus ani modern man see that ani modern man see that pieti obsolet faith obsolet mystic obsolet prophet vision obsolet ani modern man see that ani modern mad see that love break apart myth human kind love break apart myth human kind love break apart myth human kind panic worri night tempt rise panic worri night tempt rise panic worri night tempt rise no doubt shed desir blind faith surmis no doubt shed desir blind faith surmis no doubt shed deni blind faith halfsurmis becaus ani modern man see that ani modern man see that pieti obsolet faith obsolet mystic obsolet prophet vision obsolet ani modern man see that ani modern mad see
49,i walkin street concentratin truckin right i heard dark voic besid me and i look round state fright i saw four face one mad a brother gutter they look bit and turn other i say i like cricket oh no i love it i like cricket oh no i love it dont walk thru word you got show respect dont walk thru word caus aint heard yet well look silver chain he said ill give one dollar i said got jokin man it present mother he said i like i want it ill take hand and sorri cross me youd better understand alon a long way home and i say i like regga no i love it i like regga oh no i love it dont cramp style dont queer pitch dont walk thru word caus aint heard yet i hurri back swim pool sinkin pina colada i heard dark voic besid say would like someth harder she said ive got want it my harvest best and tri like it and wallow dreadlock holiday and i say dont like jamaica oh no i love her dont like jamaica oh no i love oh yea dont walk thru word you got show respect dont walk thru word caus aint heard yet i like cricket i love dreadlock holiday i like regga i love dreadlock holiday dont like jamaica i love dreadlock holiday
72,well i hope i fall love you caus fall love make blue well music play and display heart see i beer and i hear call me and i hope i fall love you well room crowd there peopl everywher and i wonder i offer chair well sit old clown take frown break it befor even gone away i think could make it and i hope i fall love you i see lonesom like me and late youd like compani well ive two i look you and look back me the guy split the chair next you free and i hope fall love me and i hope fall love me now close time music fade out last call drink ill anoth stout turn around look you your nowher found i search place lost face guess ill anoth round and i think i fell love
73,tom wait well i hope i fall love you caus fall love make blue well music play display heart see i beer i hear call me and i hope i fall love you well room crowd peopl everywher and i wonder i offer chair well sit old clown take frown break it befor even gone away i think could make it and i hope fall love me well night funni thing insid man these old tomcat feel understand well i turn around look you light cigarett i wish i gut bum one weve never met and i hope i fall love you i see lonesom like me late youd like compani well i turn around look you look back me the guy split chair next you free and i hope fall love me now close time music fade out last call drink ill anoth stout well i turn around look you nowher found i search place lost face guess ill anoth round and i think i fell love you
80,one morn month may bird sing i saw love maiden stray across field break day softli sung roundelay tide flow in tide flow out twice everi day return cheek red eye brown hair ringlet hang down upon face hide frown tide flow tide flow in tide flow out twice everyday return sailor wife home must bide halt heavili sigh he part poor bride im widow sea cri tide flow tide flow in tide flow out twice everi day return
85,the sky fall heaven call when danger crash rose ash like two statu hidden insid ancient rock we pray secret unlock and sun turn back u in dark love kept track u push togeth lack love we held tightli hell dream i still hear neverend echo scream but life made reliv it life make soul forgiv we seal bond begin ach affect vulner protect fall captur crawl raptur
103,on bend kneeiv look everi window then touch bottom night sleepless day instead a day love camecam easi like what lost found beneath blind light would surround we without doubt we save raini day i crash mirror i crash floor laughter then in blind scene tie would moor u room a day love came came easi like what lost found and would save me i held like child if i you defiant you alon upon troubl way i would send heart you to save raini day
121,i saw time turn much unlearn envi say tore heart string sorri day dark light hid tear one year love reason reason never know time turn love overflow i spoken sooner sorri day arm open i wonder whi wonder whi five year pas day time heal peopl say hurt one i love also hurt me time turn turn i thought never reach me sorri day arm open wide i wonder
122,origin version lulu those schoolgirl day tell tale bite nail gone but mind i know still live on but thank someon taken crayon to perfum it easi ill tri if want sky i would write across sky in letter would soar thousand foot high to sir with love the time come close book long last look must end and i leav i know i leav best friend a friend taught right wrong weak strong that lot learn i give return if want moon i would tri make start but i would rather let give heart to sir with love those awkward year hurri fli away whi it sir child grow peopl one day what take place climb tree dirti knee world outsid what i buy if want world id surround wall id scrawl word letter ten foot tall to sir with love
129,twine mingl raven black hair rose red lili fair myrtl bright emerald dew pale lyder eye light blue oh promis love me promis love cherish alway other abov woke dream idol clay passion love vanish away oh taught love him call flower blossom cheer life weari hour gone left alon wild flower weep wild bird mourn danc ill sing life shall gay charm everi heart crown i shall sway though heart break never shall know name make trembl pale cheek glow danc ill sing heart gay ill banish weep drive troubl away ill live yet see regret dark hour neglect frail wildwood flower
132,it start pain follow hate fuel endless question one answer a stain cover heart tear apart just like sleep cancer i believ men born killer i believ world save how get start an innoc child thorn heart what kind world live in where love divid hate loo control feel we must dream life away in world cold are sane where shame a moment time pas cannot rewind who blame start is cure sick have heart i believ men born killer i believ world cant save how get start an innoc child thorn heart what kind world live in where love divid hate sell soul reason we must dream life away in world cold in world cold there sick insid want escap it feel get cant find way so mani time must fall knee never never never never never again it start pain follow hate no i believ men born killer i believ world cant save what kind world live in where love divid hate lose control feel were dream life away what kind world live in where love divid hate sell soul reason we must dream life away in world cold in world cold
143,im okay patient i wait i sit hope save am i late i time it dark see blind eye and i cant see walk away caus alreadi gone becaus dark light the one bring back life i okay alon caus love alway hard find but without late im blind im awak i saw dream you came never turn away to okay someth gotta chang caus light i still feel same i cant see walk away tell i go wrong becaus dark light the one bring back life i okay alon in life i choos between lose lose you it unfair i own caus love alway hard find but without late im blind i stumbl let fall mayb love all ill take whatev bring back nobodi make feel like that plea ever let lose light in dark light the one bring back life i okay alon in life i choos between lose lose you it unfair i own caus love alway hard find but without late im blind now i see open eye that without late im blind im okay patient i wait
151,seem simpl plant seed and let grow we cant control the way continu sold doesnt matter know becaus you told trust insincer will leav hopeless how long final wake up live world made up how much real it gonna long time until get over alway get one day older with one wheel yeah it over were get let go and stori end even told doesnt matter do if choic made you trust insincer will leav hopeless how long final wake up live world made up how much real it gonna long time until get over alway get one day older with one wheel yeah how long are gonna let em pull down without fight come on are gonna let em pull down without fight how long final wake up live world made up how much real it gonna long time until get over alway get one day older with one wheel yeah
165,im okay patient i wait i sit hope save am i late i time it dark see blind eye and i cant see walk away caus alreadi gone becaus dark light the one bring back life i okay alon caus love alway hard find but without late im blind im awak i saw dream you came never turn away to okay someth gotta chang caus light i still feel same i cant see walk away tell i go wrong becaus dark light the one bring back life i okay alon in life i choos between lose lose you it unfair i own caus love alway hard find but without late im blind i stumbl let fall mayb love all ill take whatev bring back nobodi make feel like that plea ever let lose light in dark light the one bring back life i okay alon in life i choos between lose lose you it unfair i own caus love alway hard find but without late im blind now i see open eye that without late im blind im okay patient i wait
182,hey hey love lookin back everyth ive done never thought id find one to share dream tha id seen lock deepest part me i took chanc lay live there noth left hide behind if never love may never lose and i hope ill alway you and im scream hey love wont leav touch heart that broken i cant breath here hey love lift wing fli high and star shine abov hey hey love thinkin back thing weve done we watch wave drown sun we share dream u seen made realiti we found way stand test time all doubt left behind if never love may never loo and i hope ill alway you and im scream hey love wont leav touch heart that broken i cant breath here hey love lift wing fli high and star shine abov if dark fall upon heart rememb dream start hey love wont leav touch heart that broken i cant breath here hey love lift wing fli high and star shine abov hey hey love i cant breath here hey hey love
185,seem simpl plant seed and let grow we cant control the way continu sold doesnt matter know becaus you told trust insincer will leav hopeless how long final wake up live world made up how much real it gonna long time until get over alway get one day older with one wheel yeah it over were get let go and stori end even told doesnt matter do if choic made you trust insincer will leav hopeless how long final wake up live world made up how much real it gonna long time until get over alway get one day older with one wheel yeah how long are gonna let em pull down without fight come on are gonna let em pull down without fight how long final wake up live world made up how much real it gonna long time until get over alway get one day older with one wheel yeah
212,the mask wear hardli you the lie preach noth new your tast preciou but heart grow cold again the spell tempt wish seem fold again your wish seem fold again ive alway want someon like you how love hate you you disappoint me see right through how love hate you you speak vision see right through your fals intent far truth your tast preciou but heart grow cold again the spell tempt wish seem fold again your wish seem fold again ive alway want someon like you how love hate you you disappoint me see right through how love hate you my heart come now but im start over i cant wait moment longer ive done best can ive alway want someon like you how love hate you you disappoint see right through how love hate you
230,it start pain follow hate fuel endless question one answer a stain cover heart tear apart just like sleep cancer i believ men born killer i believ world save how get start an innoc child thorn heart what kind world live in where love divid hate loo control feel we must dream life away in world cold are sane where shame a moment time pas cannot rewind who blame start is cure sick have heart i believ men born killer i believ world cant save how get start an innoc child thorn heart what kind world live in where love divid hate sell soul reason we must dream life away in world cold in world cold there sick insid want escap it feel get cant find way so mani time must fall knee never never never never never again it start pain follow hate no i believ men born killer i believ world cant save what kind world live in where love divid hate lose control feel were dream life away what kind world live in where love divid hate sell soul reason we must dream life away in world cold in world cold
235,one kiss could best thing one lie could worst thought never rest someth i deserv in head there now world fall me world there real make believ seem real me and love me know i am im torn life i lead i stand love me know i am let go let go i dream ahead i hope for i turn back love you could love good thing i know im go through head there now world fall me world there real make believ seem real me and love me know i am im torn life i lead i stand love me know i am let go let go matter hard i tri i cant escap thing insid i know i know piec fall apart one know know and love me know i am im torn life i lead i stand love me know i am let go let go love me dont love me dont love me know i am love me dont love me dont love me know me
266,word get start everyth would turn way first phone call anoth mother readi play she said thing one ever told befor how could i known want settl score caus man came in i probabl see look like fun when i get back your gonna bleed i think son better run now i see i leav caus look like ive got enough she deceiv but i believ told love she told love i thought i could fix anoth minut but i guess minut late i know come and i run if hed caught i would never escap now i know never surpris how could i know tell lie co man came in i thought leav i see still fun now im get back your gonna bleed i think son better run now i see i leav caus look like ive got enough she deceiv but i believ told love she told love dont blame me it fault dont blame me im one caus the man came in i thought leav i see still fun now im get back your gonna bleed i think son better run now i see i leav caus look like ive got enough she deceiv but i believ told love she told love she break law break law break law break law break law break law break law break law break law break law break law break law break law break law break law break law when man came in i thought leav i see still fun now im back your gonna bleed i think son better run now i see i leav caus look like ive got enough she deceiv but i believ told love she told love mandinhacolar
282,i got lost world look brand new way fall down it surpris thing gotten wors and i think god never let drown i lie long i let get far gone i make one i love feel alon i die go heaven i go home while i time life i think soul die littl everi day i alway call say im sorri you said okay but never walk away but i lie long i let get far gone i make one i love feel alon i die go heaven i go home into arm angel into peac i left behind all i save life wa look eye but i lie long i let get far gone i make one i love feel alon i die go heaven but i lie long i go home i go home i go home crdito ronaldi jf cunha
296,one kiss could best thing one lie could worst thought never rest someth i deserv in head there now world fall me world there real make believ seem real me and love me know i am im torn life i lead i stand love me know i am let go let go i dream ahead i hope for i turn back love you could love good thing i know im go through head there now world fall me world there real make believ seem real me and love me know i am im torn life i lead i stand love me know i am let go let go matter hard i tri i cant escap thing insid i know i know piec fall apart one know know and love me know i am im torn life i lead i stand love me know i am let go let go love me dont love me dont love me know i am love me dont love me dont love me know me
302,said want feel beauti and i ever tell differ i tri give deserv and never mind thing said me along way i say thing i felt insid myself you took away i thought mine and gave someon el you said want love the love enough and soon enough said goodby goodby how weari i be of i see and i see love lie everybodi told i crazi but told believ lie guess i sober love might save me but i think i die thousand time i never knew side you the side i wish i never seen soon enough i guess i would discov i lover could mean you said want love the love enough so soon enough said goodby goodby how weari i be of i see and i see love lie said want feel beauti and i ever tell differ i tri give deserv never mind thing said you said want love the love enough so soon enough said goodby goodby how weari i be of i see and i see love lie
320,she walk citi no one recogn face they want piti no one ever mention name she carri broken but scar name heart caus walk forgiv shell shine like light dark she love she love she love she love shell alway rememb the day welcom here they know need her she made promis alway here she love she love she love she love when weak alway strong though know theyr never alon no matter mani time may leav it never hopeless caus still believ she love she love she love she love she love she love crdito mandinhacolar
324,thi stori girl who cri river drown whole world and look sad photograph i absolut love her when smile how mani day year she woke hope found tear i insincer make promis never real a long stand wait wear hole soul shoe how mani day disappear you look mirror choos and cloth wear look swell next day your hair never fall quit way you never seem run thing say thi stori girl who cri river drown whole world and look sad photograph i absolut love her when smile how mani lover would stay just put shit day day how wind way watch mouth word say a long stand wait wear cloth soul shoe how get today when were walk far price shoe and cloth wear look swell next day your hair never fall quit way you never seem run thing say thi stori girl who cri river drown whole world and look sad photograph i absolut love her when smile and cloth wear look swell next day your hair never fall quit way you never seem run thing say thi stori girl who cri river drown whole world and look sad photograph i absolut love her thi stori girl her pretti face hid world and look sad lone there i absolut love her thi stori girl who cri river drown whole world and look sad photograph i absolut love her when smile when smile
345,light candl im comin home then leav side i belong ive cold world long so light candl im come home i wanna feel love that heart of one make u are thank one give in heart set love that christma live snow window asleep fire somehow child never get tire miss one that wish here rememb one look dont shed tear i wanna feel love that heart of one make u are thank one give in heart set love that christma live in heart set love that christma live all along hall ring choir sing christmastim gone tree light stream child gleam christmastim gone oooh still know christma time gone ooooh still know i wanna feel love that heart one make u are thank one give heart set love that christma live x
348,whenev im alon you you make feel like im home again whenev im alon you you make feel like im whole again whenev im alon you you make feel like im young again whenev im alon you you make feel like im fun again howev far away i alway love you howev long i stay i alway love you whatev word i say i alway love i alway love you whenev im alon you you make feel like im free again whenev im alon you you make feel like im clean again howev far away i alway love you howev long i stay i alway love you whatev word i say i alway love i alway love
351,dont let me down dont let me down again dont let me down dont let me down again dont let me down dont let me down swell eye oh girl got beat and stupid mother fucker madey so that punk coward let told i hear voic night thatar electr he kick shit he heartless she leavesh low self esteem he got gravit pull suck bodi till herheart limb grow cold hang use head how i love youafter dead hang keep tri how i love die here got tell im think pictur that keep institch your caus mental glitch caus jealousi bitch iherebi emancip rom that you consid free flirt andchat with whoever want it alway way the way youwant way play my mind blank slate im pretend era you cannot let i cannot see face hang use head how i love dead hang keep tri how i lovey die ode beat girl i know there stronger thanyou think stand care get ground let down get upoff ground let down hang use head how i lovey dead hang keep tri how i love die and you im let pas without kick as becaus im youhurt someon i love it take two make thing go right that trite but one sneak weasel night if hurt ill fuckyou up if hurt ill fuck up fuck up if hurt ill fuck up if hurt ill fuck up fuck
362,he king til laid wast now cannot fill space and i see drift he drift on bourbon alley feel low just let go i think even know hell ever fine choru and he got head full idea let tell ya believ and he got heart made pure gold and someth el mani trick sleev you might think he jester becaus hell make laugh till cri and el you better come best test him unless readi die wonder woman got rid wonder man that man part wonder plan letter socal better bet man believ find babi damn choru a million peopl come go through person ebb flow and face keep chang theyr chang a certain stay tact when theyr theyll act i know import fact dont get confus like choru first love love not all smile give he got do find heart say he sought do want continu what whoa yeah whoa yeah choru
399,swell eye oh my girl got beat and stupid motherfuck made so that punk coward let told i hear voic night electr he kick shit he heartless she leav low selfesteem he got gravit pull suck bodi till heart limb grow cold hang there use head how i love dead hang there keep tri how i love die here got tell him im think pictur that keep stitch your caus mental glitch caus jealousi bitch i herebi emancip that you consid free flirt chat with whoever want alway way the way want way play my mind blank slate im pretend era you cannot let i cannot see face hang there use head how i love dead hang there keep tri how i love die ode beat girl i know there stronger think stand care get ground let down get ground let down hang there use head how i love dead hang there keep tri how i love die and you you im let pas without kick as becaus im it hurt someon i love it take two make thing go right that trite but one sneak weasel night if hurt again ill fuck up if hurt again ill fuck up fuck up if hurt again ill fuck up if hurt again ill fuck up fuck up
402,dont let me down dont let me down again dont let me down dont let me down again dont let me down dont let me down swell eye oh girl got beat and stupid mother fucker madey so that punk coward let told i hear voic night thatar electr he kick shit he heartless she leavesh low self esteem he got gravit pull suck bodi till herheart limb grow cold hang use head how i love youafter dead hang keep tri how i love die here got tell im think pictur that keep institch your caus mental glitch caus jealousi bitch iherebi emancip rom that you consid free flirt andchat with whoever want it alway way the way youwant way play my mind blank slate im pretend era you cannot let i cannot see face hang use head how i love dead hang keep tri how i lovey die ode beat girl i know there stronger thanyou think stand care get ground let down get upoff ground let down hang use head how i lovey dead hang keep tri how i love die and you im let pas without kick as becaus im youhurt someon i love it take two make thing go right that trite but one sneak weasel night if hurt ill fuckyou up if hurt ill fuck up fuck up if hurt ill fuck up if hurt ill fuck up fuck
466,whenev im alon you you make feel like im home again whenev im alon you you make feel like im whole again whenev im alon you you make feel like im young again whenev im alon you you make feel like im fun again howev far away i alway love you howev long i stay i alway love you whatev word i say i alway love i alway love you whenev im alon you you make feel like im free again whenev im alon you you make feel like im clean again howev far away i alway love you howev long i stay i alway love you whatev word i say i alway love i alway love
520,i thought scene today and ive final got word say the truth cut like knife gonna use cut away strife the grass green sky blue my head clear thought true callin young old we got thing cant sold the time take rise abov in summer love it summer it summer it summer love i say it summer it summer it summer love i say it summer it summer it summer love i say it summer it summer it summer love i say i wake day sun and hard chose fun a bliss world surround me and brother sister love alway free dont know ive wait whole life just show what insid let love flow that im sayin callin young old we got thing cant sold the time take rise abov in summer love it summer it summer it summer love i say it summer it summer it summer love i say it summer it summer it summer love i say it summer it summer it summer love i say it summer it summer it summer love i say it summer it summer it summer love i say it summer it summer it summer love i say it summer it summer it summer love i say i said summer love my head clear thought true
538,here i sit idl envi tv show still hold in thin steel creas impati beg till end and hit me and i see i see today love shall let world slide for we never be younger again well im tire ladi stupid excus sit as make feel useless earth acceler hurri turn that right im start burn well i get kinda mad like crawdad it time throw down bad sad dont step thing go plan no i give damn and hit me and i see i see today love shall let world slide for we never be younger again younger again younger again younger again it easier hurt heal hipocrit make ill young men yearn turn tabl that sin and hit me and i see i see today love shall let world slide for we never be younger again we look end certain social stress im day forget progress of waken thing passion understand here youth afraid put hand in and hit me and i see i see today love shall let world slide for we never be younger again younger again younger again younger again
540,rifl pictur you i final tell they develop well the tale i see it tell favorit stori of friction glori break cast repeat past it written that fiction no say written stone it long time oh long time find way back out woah somehow stood by beyond die im amaz thing turn out what reveal what conceal it make differ say will we unreel human web just see feel too much fast for moment last i tumbl you while stumbl through how i get head track listen train ah caus that way live i got much love give much fast oh out blue it come view you never win if go in the perfect hand can go plan i understand began right track slip crack we two kind who seem destin find we unreel human web just see feel too much fast for moment last i tumbl you while stumbl through how i get head track listen train ah caus that way live i got much love give much fast oh so much love give too much fast so much love give too much fast got much love give too much fast so much love give too much fast
564,he king til laid wast now cannot fill space and i see drift he drift on bourbon alley feel low just let go i think even know hell ever fine choru and he got head full idea let tell ya believ and he got heart made pure gold and someth el mani trick sleev you might think he jester becaus hell make laugh till cri and el you better come best test him unless readi die wonder woman got rid wonder man that man part wonder plan letter socal better bet man believ find babi damn choru a million peopl come go through person ebb flow and face keep chang theyr chang a certain stay tact when theyr theyll act i know import fact dont get confus like choru first love love not all smile give he got do find heart say he sought do want continu what whoa yeah whoa yeah choru
570,bless beast child for world voic they choic bless beast child for world never be a world see light way when dark surround them give love let shine around them bless beast child give shelter storm keep safe keep warm light way when dark sourond them give love let shine around them bless beast child give shoulder storm keep safe keep warm and child x
574,bless beast child for world voic they choic bless beast child for world never be a world see light way when dark surround them give love let shine around them bless beast child give shelter storm keep safe keep warm light way when dark sourond them give love let shine around them bless beast child give shoulder storm keep safe keep warm and child x
578,ahhah woo ahhahahahaha we came entertain you leav aggrav you dont know mean me honey im one one love come babi show love hey give me i see glow fill room i see roll you and messag abov im tellin you ow show come show love ah yeah show love ow woo oh show show love babe ah yeah show your show it ow ow wawawawawawoo look littl kid takin care music biz dont busi take good care me honey im one one love come babi show love hey give me i see glow fill room i see roll you and messag abov im tell you ow show show love babe ah yeah show love ow whoo woo show show show love babe ah yeah show your show me alright whoo bop ba da shoob doowah bop ba da shoob doowah ba dum bum bop ba da shoob dowah shoob doob doob dowhum bop ba da shoob doob doob dowah bop ba da shoob doowah bop ba da shoob doob doob doowhum bop ba da shoob doowah bop ba da shoob doob doob doowhum bop ba da shoob doowah ba dum bum bop ba da shoob doowah whoo ow show love oh oh come show me show love better show better show love now show love ah yeah show love ow yeah
741,the song question loch lomond goe someth like follow ill take high road and take low road and ill scotland afor ye but true love will never meet again on bonni bonni bank loch lomond
773,ill take high road and take low road and ill scotland afor ye but true love will never meet again on bonni bonni bank loch lomond
803,honey love me love like do woman come outsid play if dare x woman love me love like do love like say woman come outsid play if dare x come outsid if dare come outsid play
817,i know came from and i know name and legal tender well i spent same i know could happen me love third degre it love first feel they told disgustin they told sin everi night front door id smile let in now babi in hous alon better make thing happen befor mum dad get home
818,love bomb love bomber it comin strong i cant take longer come rockin door cruisin sky let fli blowin night day open bay get readi bomb away love bomb love bomber dont scare bother where size matter come long short badder cruisin sky let fli blowin night day open bay drop bomb away love bomb comin on love bomb love bomb get hard
819,your one ive wait for i need love more i know name is i know game is i want take tonight anim appetit caus im love hungri man yeah im love hungri man dont want convers i need sweet sensat and i wanna do is make meal you caus im love hungri man i got get i can caus im love hungri man im tell you ye i am im love hungri man oh babe treat love love hungri man and man got eat your one ive wait for i need love more were duo
826,tailor suit chauffer car fine hotel big cigar up grab price where red hot girl keep danc night the claim you the sight me so do that guarante hey littl girl want all the fur diamond paint wall come on come on love money come on come on listen moneytalk come on come on love money come on come on listen moneytalk a french maid foreign chef a big hous king size bed youv enough ship out the dollar updown better buy pound the claim you the sight me so do that guarante hey littl girl broke law you hustl deal steal u all come on come on love money come on come on listen moneytalk come on come on love money come on come on listen moneytalk moneytalk yeah yeah money talk b walk money talk come on come on come on come on love money come on come on listen moneytalk come on come on love money come on come on listen moneytalk moneytalk moneytalk talk talk hear talk yeah yeah yeah moneytalk
831,i never smoke cigarett i never drank much booz but im man doncha understand a man sometim lose you gave somethin i never had pull you hit big hunka love hope pull through i overdos you i overdos you crazi true aint nothin i do i overdos you oh woman give me more i take but listen honey i mind your habit i wanna break dont want none harder stuff dont need anymor im hell im sinkin fast and i need cure i overdos you i overdos you crazi true aint nothin i do i overdos you i happi man be to far gone save die love plenti of just write grave i overdos you i overdos you crazi true there nothin i do i overdos you on you on you you all you you over i overdos overdos overdos you overdos aaaahhhh
857,do want love dirti dirti love do want lust just littl lust you want bad reput you wanna better score i got qualif i open door send man send man you like dream dirti low mean your good enough eat your sticki hot sweet need shot rhythm love you make black sheep ram thi aint gun pocket i got good hand send man send man send man send man keep away decad dan send man he give damn send man send man send man send man
864,come honey take trip me well take doubl shot ecstasi ill drink water wooden cup keep rock till sun come up and i warn you best shot life shot love rock littl ladi make blow breath a littl bit need guarante come honey well get full desir a hump pump till start fire and i warn you best shot life shot love shot love im gonna make plead and i warn you best shot life shot love like plead shot love a hump pump got jump shot love a littl bit need guarante shot love let warn you im come you shot love come give shot love
899,your workin bar ridin car never gonna give free your apart view on finest avenu lookin beat street your alway pushin shovin satisfi noth you bitch must gettin old so stop love road all diggin gold you make wonder ye i wonder i wonder honey money honey money how ya get kick your ridin take alway make squeezin blood men theyr standin queue spend night you it busi usual again your alway grabbin stabbin tryin get back girl must gettin slow so stop love road all diggin gold you make wonder ye i wonder ye i wonder honey money honey money what money honey how get kick what money honey how get lick what gonna do aw gonna do
900,well i tie babi railroad track cannonbal line give woman one chanc to give one time engin wish home bed dream casey jone wideey woman head mile ahead think broken bone choru it love i want it love i need it love got have it love heavenli bodi fli across sky superman town come honey gotta chang tune caus long way down clark kent look free ride think louis lane it bird plane suicid and thatd shame choru it love i want it love i need it love got have it love but what next moon long arm look fingerprint tri find mysteri clue hit third degre work thumb screw alright offic i confess everyth come back i mean hurt woman mine it heart attack choru it love i want it love i need it love got have it love what next moon if sky oh babi say byeby
920,soak bone sink like stone walk home alon it first time it worst crime your soul ok and enough search love and miss touch of someon new burn dream it never seem cold crush esteem take shelter and hide forev your soul ok and enough search love and miss touch of someon new and enough search love and miss touch of someon new soak bone sink like stone i take home it first time it worst crime our soul ok
921,all ever think gimm gimm but never give back all i ever overthink drink until i attack we know talk into the ground we know wear out if aint gon save it gonna end up in grave babi how take back what been done what said oh my how take back cuz one win when love break down die and i would give anyth to chase dark away star again how take back what been done what said oh my i fed you fantasi been drunk realiti all youwant want long ya get outta me we use jungl sticki and wild use own night all stupid game were playin all shit sayin how take back what been done what said oh my how take back cuz one win when love break down die and i would give anyth to chase dark away star again how take back what been done what said oh my rememb rememb first time we collid we lost it lost
924,it late night i cant sleep miss run deep oh i cant think smile everi kiss cant forget thi ach heart aint broken yet oh god i wish i could make see cuz i know flame die so noth stop tri babi know that mayb time miracl cuz i aint give love you know that mayb time miracl cuz i aint give love no i aint give u i want you cuz live hard do when i know trap insid eye the futur i forget thi ach heart aint broken yet oh god i wish i could make see cuz i know flame die so noth stop tri babi know that mayb time miracl cuz i aint give love you know that mayb time miracl cuz i aint give love no i aint give u babi feel come you know i hear it hear everi soul babi feel feel you you know time babi know that mayb time miracl cuz i aint give love you know that mayb time miracl cuz i aint give love you know i aint give u you know i aint give on oh i aint give u
928,oh ra oh ra oh ra hieroglyph hieroglyph it etern and magnet hypnot me hypnot me at horizon take journey out walk in cloud use think most sing along out walk in cloud use think most sing along it surpris on mile well float forev it surpris no denial well live forev it surpris whoa whoa whoa oh oh oh oh oh ra it made gold how much love one hold oh ra oh ra it made gold how much love one hold oh ra hieroglyph hieroglyph take journey out walk in cloud use think most sing along out walk in cloud use think most sing along it surpris on mile well float forev it surpris no denial well live forev it surpris whoa whoa whoa oh oh oh oh oh ra it made gold how much love one hold oh ra oh ra it made gold how much love one hold oh ra oh ra it made gold how much love one hold oh ra oh ra it made gold how much love one hold oh ra oh ra it made gold how much love one hold oh ra oh ra it made gold how much love one hold oh ra oh ra oh ra it made gold how much love one hold oh ra oh ra it made gold how much love one hold oh ra oh ra it made gold how much love one hold oh ra oh ra it made gold how much love one hold oh ra oh ra
931,oh whoao yeah yeah yeah oh whoao yeah yeah yeah lose control collis cours with you love call so roooll dice get lucki tonight i know hold back no hesit come on i want nake love so dontcha dress tonight come on you know nake love is im dream tonight oh whoao yeah yeah yeah oh whoao yeah yeah yeah take off uh and tri on the hottest thread you ever wore so roooll dice get lucki tonight i know hold back no hesit come on i want nake love so dontcha dress tonight come on you know nake love is im dream tonight oh whoao yeah yeah yeah oh whoao yeah yeah yeah from back middl around again im gonna till end nake love from back middl around again im gonna till end nake love come on i want nake love so dontcha dress tonight come on you know nake love is im dream tonight oh whoao yeah yeah yeah oh whoao yeah yeah yeah oh whoao yeah yeah yeah oh whoao yeah yeah yeah
936,oh nowher left go are get closer closer no know no night get colder colder hey tear fall same we feel rain we cant chang everywher go were lookin sun nowher grow old were alway run they say well rot hell but i think will theyv brand u enough outlaw love scar make u are heart home broken broken far could go far with mind wide open open hey tear fall same we feel rain we cant chang everywher go were lookin sun nowher grow old were alway run they say well rot hell but i think will theyv brand u enough outlaw love outlaw love outlaw love
943,have lost way livin shadow mess made and goe everyth insid circl start overflow take step leap into colour seek you give back give away so look back yesterday wanna scream out no hide dont afraid what insid gonna tell ya alright in aftermath anytim anybodi pull down anytim anybodi say allow just rememb alon in aftermath you feel weight of lie contradict live everi day and late think could rewrit role play take step leap into colour seek you give back give away so look back yesterday wanna scream out no hide dont afraid what insid gonna tell ya alright in aftermath anytim anybodi pull down anytim anybodi say allow just rememb alon in aftermath in aftermath befor break shed armor take trip fall glitter tell stranger theyr beauti so feel love love all feel love love wanna scream out no hide dont afraid what insid wanna tell you alright in aftermath wanna scream out no hide dont afraid what insid gonna tell ya alright in aftermath anytim anybodi pull down anytim anybodi say allow just rememb alon in aftermath in aftermath gonna tell ya alright in aftermath in aftermath just rememb alon in aftermath
948,and said done your gonna one do believ love love i feel someth insid say i realli feel strong enough
964,there time when i brokenheart love much friend mine the tabl turn yeah caus way part that kind love killin kind now i want someon i cant resist i know i need know way i got kiss i cryin i met you now im tryin forget you your love sweet miseri i cryin get you now im dyin caus i let you do me now there even breath room between pleasur pain yeah cri were makin love must one same it me yeah i got tell one thing it mind and i gotta say were partner crime you got certain someth what give me take breath away the word street is devil kiss if love goe flame it fire i cant resist i cryin i met you now im tryin forget you your love sweet miseri i cryin get you now im dyin caus i let you do me now there even breathin room between pleasur pain yeah cri were makin love must one same caus got insid aint love stay yeah love sweet love aint love till give heart away yeah i cryin i met you now im tryin forget you your love sweet miseri i cryin get you now im dyin let you do me yeah yeah ooooh yeah ooooh i cryin i met you now im tryin forget you your love sweet miseri i cryin get you now im dyin caus i let you do
966,novemb much rememb you insid decemb chang weather you side love want love love need it realli want no matter day goe i know close by chang season what requir love want love love need it realli want love want love love need it realli want yeah love love love is want want it realli need love love love love is want is want it realli need yeah yeah love want it realli want yeah love
970,my life flash eye razor blade lip dagger eye babi love crime danger day evil night my life flash eye bomb broadway ffire sky babi love crime danger day evil night danger day evil night bomb broadway ffire sky hey you lit like full moon yeah i heard baddest street hey you work like there rule littl crimin im call polic keep leash tonight there nowher hide see side my life flash eye razor blade lip dagger eye babi love crime danger day evil night my life flash eye bomb broadway ffire sky babi love crime danger day evil night danger day evil night bomb broadway ffire sky hey i tell heart cold like fallen angel walk sleep hey i guess lost soul but moon come out turn beast keep leash tonight there nowher hide see side my life flash eye razor blade lip dagger eye babi love crime danger day evil night my life flash eye bomb broadway ffire sky babi love crime danger day evil night danger day evil night bomb broadway ffire sky bomb broadway ffire sky
982,lone yeah that word i leav heart i leav her the day go forev and night too one even road a half world away home i thought sleep when call came through i said darl late is everyth ok silenc took room til said i i love you i know whi i do when come home im come home soon and i love too lone let be for set free i close eye and i dream her she lost arm her head heart and softli whisper the word i i love you i know whi i do when come home im come home soon and i love too ill never stop amaz how yearold girl know exactli what say i i love you i know whi i do when come home im come home soon and i love too i know whi i
983,dont know whi im surviv everi lone day when there got chanc me my life would end and matter i cri my tear love wast time if i turn away am i strong enough see through go crazi ill do if i cant you i want nobodi babi if i cant you oohh if i cant you i want nobodi babi cant let go matter i tri i gave easili love to dream never come true my tear love wast time if i turn away am i strong enough see through go crazi ill do if i cant you i want nobodi babi if i cant you oohh if i cant you no oh yeah if i cant you i want nobodi if i cant you oohh if i cant you oohh am i strong see through if i cant
986,i go blind almost lost mind let go could share i love alway connect like made fade i thought i could find someon el mind move past routin day but i love alway connect like made fade x just way is just song now just way now i thought i could find someon el mind move past routin day but i love alway connect like made fade just way is just song now just way now you first now i believ show thirst you let lead you grow i go mayb live night we know expect short relif wa degrad just way now i i go blind i i almost lost mind i let go could share love alway connect like made fade away
991,i seem fuck lucki late i found key endless treasur my heart pump i like i see you give joy give pleasur im easi ride i got jewel i got rock and no one break stride im come hard heavi pocket but im gonna keep it that i open bag let go blow cash big fat hit road whoa pot gold littl brother if share love one anoth flash matter love win glamour you got love babi you got love were strong alon rich round me couldnt get diamond i tri roll gold honey there love could shine on shine on love far sight i unsatisfi i wanna right i need love tonight that i open bag let go blow cash big fat hit road whoa pot gold littl brother if share love one anoth flash matter love win glamour i got secret code yeah so stand get clue me cold hard cash leav cold if get hot babi come me come on come get it come get it that i open bag let go blow cash big fat hit road whoa pot gold littl brother if share love one anoth caus love key to open sesam you got key you want key you got key you need key you got key you need key you got key is love love me love win glamour
