,processed_text
679,day roll on shout loud day roll on we know price pay day roll on shout loud day roll on we know price pay day roll on shout loud day roll on we know price pay day roll on shout loud day roll on we know price pay day roll on shout loud day roll on we know price pay
703,ridin highway goin show stop byway playin rock n roll gettin rob gettin stone gettin beat up broken bone gettin had gettin took i tell folk it harder look it long way top wanna rock n roll it long way top wanna rock n roll if think easi doin one night stand tri playin rock roll band it long way top wanna rock n roll hotel motel make wanna cri ladi hard sell know reason whi gettin old gettin grey gettin rip off underpaid gettin sold second hand that goe playin band it long way top wanna rock n roll it long way top wanna rock n roll if wanna star stage screen look rough mean it long way top wanna rock n roll it long way top wanna rock n roll it long way top wanna rock n roll it long way top wanna rock n roll well long way it long way told me it long way long way
708,hey yeah are readi we made guitar band we play across land shootin tonight goin keep night hear guitar sound we play nice loud rock knee goin make destini in rock trust it rock bust in rock trust it rock bust in rock trust it rock bust in rock roll trust it rock bust come on we hear siren scream it sound lean mean we love shake down know were talk about we turn amp high the crowd gonna hit sky play fast loo co tonight were gonna burn fuse in rock trust it rock bust in rock trust it rock bust in rock trust it rock bust in rock roll trust it rock bust solo hey yeah somebodi el home in rock trust it rock bust in rock trust it rock bust in rock trust it rock bust in rock roll trust it rock bust
709,in begin back nineteen fifti five man know bout rock n roll show n jive the white man schmaltz the black man blue no one knew gonna do but tchaikovski news he said let sound sound let light light let drum drum let guitar guitar ah let rock and came pas that rock n roll born all across land everi rockin band wa blowin storm and guitar man got famou the busi man got rich and everi bar superstar with seven year itch there fifteen million finger learnin play and could hear finger pickin and say let light sound drum n guitar ah let rock one night club call shakin hand there decibel rockin band and music good and music loud and singer turn said crowd let rock
714,well you ask bout cloth i wear and ask i grow hair and ask im band i dig doin one night stand you wanna see thing all gotta plug high i said high high voltag rock n roll high voltag rock n roll high voltag high voltag high voltag rock n roll rock n roll you ask i like danc and ask i like sing and ask i like play i got get kick way you ask im about come let hear shout high i said high high voltag rock n roll high voltag rock n roll high voltag high voltag high voltag rock n roll rock n roll i said high i said high waaaah high voltag rock n roll high voltag rock n roll high voltag high voltag high voltag rock n roll mumbl mumbl spotlight put light out happi hour high voltag rock n roll high voltag rock n roll wine woman song high voltag high voltag wine woman song high voltag rock n roll star bar aroundspotlight footlight i take em por erik kyo
750,dont give line better run can just like thorn side so give no dont give no dont give no dont give lie you cant stop rock n roll you cant stop rock n roll dont play jive a bit fun side too much crap make blind so give no dont give no dont give no dont give line you cant stop rock n roll you cant stop rock n roll you cant stop rock n roll you cant stop rock n roll i said ah ah ah ah ah ah ah ah ah you cant stop rock n roll you cant stop rock n roll you cant stop rock n roll you cant stop rock n roll listen everybodi say ah ah ah ah ah ah you cant stop rock n roll you cant stop rock n roll i said cant stop rock n roll you cant stop rock n roll
760,take time kick heel lookin fine and come ride blind you come rollin back while wind blowin ya were gonna move on sweat heat soak all be make crawl night decibel decibel ha deep insid you wave smile give rock roll theyr love love rain theyr rock stand proud decibel that histori rock roll decibel rain come on were gonna ride along a hundr mile all get night til dawn spread joy go on yeah hard long stare down shock hit ground decibel decib decibel you come roll back while decibel decibel
775,we roll tonight were tonight to guitar bite yeah yeah oh stand count for receiv we dealer well give everyth need hail hail good time caus rock got right way we aint legend aint caus were livin today for rock salut you for rock salut you we rock dawn front line like bolt right blue the ski alight guitar bite head roll rock tonight for rock salut you for rock salut you for rock salut you ye do for rock salut you oooh salut oooh ooooh yeah were batteri hire guitar fire readi aim you pick ball load cannon for twentyon gun salut for rock fire we salut you for rock salut you those rock fire we salut you fire we salut you we salut you come on whooa for rock salut you for rock salut you for rock salut you for rock salut you shoot shoot shoot shoot for you rock yeah aint gonna get tire take break salut you we salut you we salut you we salut you fire
786,well im headin out down midget hous im gettin hungri im gettin mean im gettin easi street ani luck i find im feelin dust im gettin wild ani time ya readi go it around and get rock roll thunder some rock roll thunder ye i workin heat roll i keep hangin rock roll i get beat stain easi street i get hanger anger need down yo luck i kid round im help you show ive found cant admit fo ya burn ya town i cant admit fo ya come see ya need some rock roll thunder some rock roll thunder hey hey ya know im feelin readi readi roll i got rock roll thunder hey hey hey hey hey hey i got rock roll thunder some rock roll thunder hey hey ya know im feelin readi readi roll i got rock roll thunder the rock roll thunder
790,a rollin rock electr shock she give lickin stop she line em up push round smokin ring go round round her hot potato will elev you her bad behaviour will leav stand proud hard rock hard rock well harder rock hard rock well harder rock the lightnin rod strike hot it gonna hit like rushmor rock no nicotin pipe dream so low dirti darn right mean hell elev ill see later no i aint gonna take it im bustin out hard rock hard rock well harder rock hard rock well harder rock harder rock hard rock im get harder harder rock well im harder rock hard rock babi im harder rock hard rock harder rock
797,well you ask bout cloth i wear and ask i grow hair and ask im band i dig doin one night stand you wanna see thing all gotta plug high i said high high voltag rock n roll high voltag rock n roll high voltag high voltag high voltag rock n roll rock n roll you ask i like danc and ask i like sing and ask i like play i got get kick way you ask im about come let hear shout high i said high high voltag rock n roll high voltag rock n roll high voltag high voltag high voltag rock n roll rock n roll i said high i said high waaaah high voltag rock n roll high voltag rock n roll high voltag high voltag high voltag rock n roll mumbl mumbl spotlight put light out happi hour high voltag rock n roll high voltag rock n roll wine woman song high voltag high voltag wine woman song high voltag rock n roll star bar aroundspotlight footlight i take em por erik kyo
806,ridin highway goin show stop byway playin rock n roll gettin rob gettin stone gettin beat up broken bone gettin had gettin took i tell folk it harder look it long way top wanna rock n roll it long way top wanna rock n roll if think easi doin one night stand tri playin rock roll band it long way top wanna rock n roll hotel motel make wanna cri ladi hard sell know reason whi gettin old gettin grey gettin rip off underpaid gettin sold second hand that goe playin band it long way top wanna rock n roll it long way top wanna rock n roll if wanna star stage screen look rough mean it long way top wanna rock n roll it long way top wanna rock n roll it long way top wanna rock n roll it long way top wanna rock n roll well long way it long way told me it long way long way
812,in begin back nineteen fifti five man know bout rock n roll show n jive the white man schmaltz the black man blue no one knew gonna do but tchaikovski news he said let sound sound let light light let drum drum let guitar guitar ah let rock and came pas that rock n roll born all across land everi rockin band wa blowin storm and guitar man got famou the busi man got rich and everi bar superstar with seven year itch there fifteen million finger learnin play and could hear finger pickin and say let light sound drum n guitar ah let rock one night club call shakin hand there decibel rockin band and music good and music loud and singer turn said crowd let rock
836,aaaaaah leav alon like dog bone like stone that thrown let own let rock let rock let rock let rock peac outta way got boogi play everi dog day rock n roll stay let rock let roll let rock let rock peac ohhh feel good mumma mumma just like i knew would i get kick outta playin lick outta layin chick down rout let rock let rock let rock let rock peac rock rock rock peac i wanna rock rock rock peac just let rock rock rock rock peac i wanna rock rock rock peac i wanna rock let rock peac oooh feel good hey mumma just like i knew would outta way got boogi play everi dog day rock n roll stay let rock let roll let rock let rock peac rock rock rock peac i wanna rock rock rock rock peac i wanna rock rock rock rock peac ohhh rock rock rock rock peac i wanna rock let rock peac rock rock rock peac like littl richard rock rock rock peac oh jerri lee rock rock rock peac aah chuck babi cmon rock rock rock peac i wanna rock let rock peac
840,deep water around me circl shark about deep troubl turn around man one man down you pretti woman gather round you cant pick singl sound you feel win that about know win oooh and could last time i could rock n roll dream i could rock n roll dream circl shark you you come know whi where goe woman warm embrac doe man walk hard rain im amaz mess found come im stand next line give none one come here hollerin i get most i could rock n roll dream i could rock n roll dream i could rock n roll dream i could rock n roll dream circl shark around deep water around round round deep water around round round round round round round round round i could rock n roll dream i could rock n roll dream i could rock n roll dream i could rock n roll dream
841,my daddi workin nine five when momma havin me by time i half aliv they knew i gonna be but i left school grew hair they understand they want respect a a doctor lawyer man but i plan gonna rock n roll singer gonna rock n roll star gonna rock n roll singer im gonna rock n roll a rock n roll star well i work real hard bought myself a rock n roll guitar i gotta top day i wanna star i see name light and i see queue i got devil blood tellin do and im ear gonna rock n roll singer gonna rock n roll star gonna rock n roll singer im gonna rock n roll a rock n roll star i hear pay well well stick nine five livin and collar tie you stick moral standard caus dirti lie you stick golden handshak and stick silli rule and shit that teach kid school caus i fool gonna rock n roll singer im gonna rock n roll star gonna rock n roll singer im gonna rock n roll a rock n roll star gonna rock n roll singer gonna rock n roll star gonna rock n roll singer im gonna rock n roll a rock n roll star ye i are
843,hey there middl men throw away fanci cloth and sit fenc so get as come here caus rock n roll aint riddl man to make good good sen heavi decibel play guitar we got vibrat come floor were listen rock that give much nois are deaf you wanna hear more were talkin futur forget past itll alway u it never gonna die never gonna die rock n roll aint nois pollut rock n roll aint gonna die rock n roll aint nois pollut rock n roll surviv i took look insid bedroom door you look good lie bed well i ask want rhythm love you said wanna rock n roll instead were talkin futur forget past itll alway u it never gonna die never gonna die rock n roll aint nois pollut rock n roll aint gonna die rock n roll aint pollut rock n roll rock n roll solo rock n roll aint nois pollut rock n roll aint gonna die rock n roll aint pollut rock n roll surviv rock n roll aint nois pollut rock n roll never die rock n roll aint pollut rock n roll rock n roll rock n roll yeah
844,hey yeah are readi we made guitar band we play across land shootin tonight goin keep night hear guitar sound we play nice loud rock knee goin make destini in rock trust it rock bust in rock trust it rock bust in rock trust it rock bust in rock roll trust it rock bust come on we hear siren scream it sound lean mean we love shake down know were talk about we turn amp high the crowd gonna hit sky play fast loo co tonight were gonna burn fuse in rock trust it rock bust in rock trust it rock bust in rock trust it rock bust in rock roll trust it rock bust solo hey yeah somebodi el home in rock trust it rock bust in rock trust it rock bust in rock trust it rock bust in rock roll trust it rock bust
845,drive car head local bar pick girl tonight everyth gonna alright shoot pool friend smoke cigarett tell joke loud were laugh way proud and rock it and roll it and were laugh and were joke and roll it babi roll it roll it we get blue we rock blue away up night day drink night away until light day and im way back home i listen radio i hear great rock sound that make wanna sing loud and rock it roll it and laugh joke and roll it babi rockin rollin we get blue we rock blue away up night day drink night away until light day rock blue away up night day drink night away until light dayyeah yeah rock blue away up night day drink night away until light dayyeah yeah
846,mistress mistress keep come right let roll back touch back tast who on im let know she gonna shout she gonna push way down no i cant believ man sweet back babi when scream rock hous rock hous rock hous rock night roll seek thing she gonna shake down rock hous rock hous rock hous rock night i realli know see just woman wait me ill make scream rock you babi make scream rock hous rock hous rock hous rock night roll rock hous rock hous then roll get lost get
847,got devil you got devil me play danger tune come danc thee you got roll fist up shout mouth out beat wall down got freak out rock littl rock littl rock littl heart out you gotta rock down got everyth want got everyth need dont worri cost sell soul me you gotta bring hous down beat drum load bleed lamp dri come let fli rock littl rock littl rock littl heart out rock rock littl heart out rock down cut teeth thi you gotta put foot down beat chest hard blow brain out feel shout loud you gotta rock heart out rock heart out rock rock littl heart out you rocket love
848,got devil you got devil me play danger tune come danc thee you got roll fist up shout mouth out beat wall down got freak out rock littl rock littl rock littl heart out you gotta rock down got everyth want got everyth need dont worri cost sell soul me you gotta bring hous down beat drum load bleed lamp dri come let fli rock littl rock littl rock littl heart out rock rock littl heart out rock down cut teeth thi you gotta put foot down beat chest hard blow brain out feel shout loud you gotta rock heart out rock heart out rock rock littl heart out you rocket love
856,cmon up morn school the teacher teach golden rule american histori practic math you studyin hard hopin pas ooh work finger right bone and guy behind leav alon ring ring goe bell the cook kitchen readi sell but lucki find seat your fortun got time eat well back classroom open book ooh teacher know mean look hail hail rock n roll hail hail rock n roll hail hail rock n roll hail hail rock n roll hail hail rock n roll hail hail rock n roooooll a soon oclock goe around you final lay burden down throw book outta seat you go hallway street and tryin forget been you find juke joint go in you drop quarter right slot you gotta hear someth that realli hot like me with one love makin romanc all day long want danc and feel music head toe a round round round go get here long live rock n roll long live rock n roll long live rock n roll long live rock n roll long live rock n roll long live rock n roll hey rock rock rock n roll rock rock rock n roll rock rock rock n roll rock rock rock n roll rock rock rock n roll rock rock rock n roll cmon rock rock rock n roll rock rock rock n roll rock rock rock n roll rock rock rock n roll rock rock rock n roll rock rock rock n roll
860,littl game fall down you rock n roll call come round come babi make time made shade wish itd turn around your gonna rock roll night away your gonna roll babi ill make grade we gonna rock now rockin rollin town your gonna make right were gonna need rock night she dig rock n roll she like rock n roll you want rock n roll i need rock n roll everyday and night we gang come down were gonna rock night rockin n rollin time she may home rollin grove you know rock roll squeez tube she dig rock n roll she like rock n roll you want rock n roll i need rock n roll everyday night she dig rock n roll give rock n roll give rock n roll i like rock n roll i gotta danc night long and rock room she like sugar i like honey too we gonna rock it aint gonna mess around you she dig rock n roll she like rock n roll you want rock n roll i need rock n roll everyday night she dig rock n roll she give rock n roll she live rock n roll i like rock n roll we gonna rock round rockin rollin the town were gonna make right were gonna make rock night were gonna rock round rock n rollin town were gonna make right were gonna make rock night
883,parti gonna happen union hall shake rhythm til everybodi fall pick woman chevrolet glori halleluja gonna rock night away im gonna roll roll roll im gonna roll roll roll im gonna take town turn around im gonna roll roll roll now there blue sued bop high heel shoe ball round togeth like wreck crew oh bopper bubba babi i say you gotta get dose rock roll everi day were gonna roll roll roll were gonna roll roll roll were gonna take town turn around were gonna roll roll roll im gonna blow video shut radio told bos man go turn brain control that way i wanna rocknrol that way i wanna rocknrol that way that way that way i wanna rocknrol repeat repeat im gonna blow video shut radio told bos man go turn brain control that way i wanna roccknrol
903,ive drinkin night long so long babi im gone oh yeah well bloodi mari give shiver shot set shooter time drop give me old jamaica runnin come down hatch jack woman fun we drink lot that demon drop thi one here you whiskey rock doubl shot whiskey rock elix top you were drinkin mai tai singapor sling beam jim time come in ill one afor ye close door it hous mac whiskey galor we drink lot demon drop thi one me here mud eye whiskey rock a doubl shot whiskey rock elix top yeah yeah yeah come on let throw seven sheet wind hahaha fill em too im drinkin whiskey rock a doubl shot whiskey rock a doubl shot whiskey rock a doubl shot whiskey rock a doubl shot im drinkin whiskey rock ill whiskey rock give whiskey rock keep comin rock yeah pour doubl come troubl rock whiskey rock
949,beth i hear call but i cant come home right now caus boy play and cant find sound just hour and ill right home you i think i hear call oh beth i do beth i do beth i know lone and i hope alright caus boy play night i feel uptight saturday night nine oclock radio light i hear song pull through come strong tell i gotta do i got to get up everybodi gonna move foot get down everybodi gonna leav seat you gotta lose mind detroit rock citi get up everybodi gonna move foot get down everybodi gonna leav seat you gotta put mind detroit rock citi get up everybodi gonna move foot get down everybodi gonna leav seat you show u everyth got you keep dancin room get hot you drive u wild well drive crazi you say wanna go spin the parti begun well let in you drive u wild well drive crazi you keep shoutin keep shoutin i wanna rock roll night parti everyday i wanna rock roll night parti everyday i wanna rock roll night parti everyday i wanna rock roll night parti everyday
