,processed_text
368,earli mornin rise street light cigarett ill strap shoe foot got find reason reason thing went wrong got find reason money gone i got dalmat i still get high i play guitar like mother fuckin riot well life short love one got cuz might get run ya might get shot never start static i get chest never battl bulletproof vest take small exampl tititip me take money give charitytytyti love i got reach sublim style still straight long beach it come back gonna get deserv tri test that bound get serv love i got start riot feel danc get hot lovin i got i said rememb that lovin i got rememb that lovin i got i said rememb that lovin i got i got i got i got i cri dog run away i get angri bill i pay i get angri mom smoke pot hit bottl goe back rock fuck fight same livin louie dog way stay sane let lovin let lovin come back me lovin i got i said rememb that lovin i got rememb that lovin i got i said rememb that lovin i got i got i got i got
369,you got to you got to come origin got come origin all entertain come origin your got come origin got come origin all entertain hear whi to come origin aint nothin strang you got repres got come full rang full rang emot full rang style when come town comin mile come origin got come origin all entertain come origin you got come origin got come origin all entertain hear whi black eye pea comin full rang and nofx comin full rang and roni size comin full rang the one mr vega know aint easi a warn crew think theyr hot if origin rocker get shot down kid neglectin art stuff did eventu get bad put bed cuz lightn flash sweet electr all world stand reveal clariti of raw woltag briefli see hope is youll abl tell dope is come origin got come origin all entertain come origin you got come origin got come origin all entertain hear whi funk slap bass mix dancehal and hiphop beat punk guitar and deadli mic one sa the name know aint easi thi test there time mope how gonna cope radioact isotop and bos dj ill upon quickli infect fast upon airwav thi messag brought larg system activ attun mediat and green plant theyv got mad life theyr sentient theyr beauti like danc everyth gotta come origin put hand air prepar battl sit upon rhythm like tire upon rim we nonstop again some whine bitch they never switch comin heart and deliv wild pitch sit top rhythm like wild stallion thi rule system come origin got come origin all entertain come origin you got come origin got come origin all entertaint come origin you got come origin got come origin all entertain come origin you got come origin got come origin all entertain come origin
385,we bust sound kid gather round what comin radio turn down creativ scientist move em soul move em thi bass kick get intim music peopl yeah theyr it takin off crusin air sound aerodynam let take there howev im cool mellow man alway got plan copin problem everi time i can id like known great commun got beef save later i battl evil weekli monthli yearli everi step i take devil stay near me otherwis maintain globe anoth space trippin vato you cant fade me massiv yang yin earth spin sometim i gotta center find i am i chill out i let wind i gotta feel forc planet skin i got news ya aint nothin nice got demon got vice struggl never end keep check i never stop tri make trek whadup uh uh one it ya gonna believ undivid materi be undivid life cant fade me desper cling i made posetiveti stay gettin on till doubt gone could dissuad dead along like what now cant fade me still old trade posit
387,you got to you got to come origin got come origin all entertain come origin your got come origin got come origin all entertain hear whi to come origin aint nothin strang you got repres got come full rang full rang emot full rang style when come town comin mile come origin got come origin all entertain come origin you got come origin got come origin all entertain hear whi black eye pea comin full rang and nofx comin full rang and roni size comin full rang the one mr vega know aint easi a warn crew think theyr hot if origin rocker get shot down kid neglectin art stuff did eventu get bad put bed cuz lightn flash sweet electr all world stand reveal clariti of raw woltag briefli see hope is youll abl tell dope is come origin got come origin all entertain come origin you got come origin got come origin all entertain hear whi funk slap bass mix dancehal and hiphop beat punk guitar and deadli mic one sa the name know aint easi thi test there time mope how gonna cope radioact isotop and bos dj ill upon quickli infect fast upon airwav thi messag brought larg system activ attun mediat and green plant theyv got mad life theyr sentient theyr beauti like danc everyth gotta come origin put hand air prepar battl sit upon rhythm like tire upon rim we nonstop again some whine bitch they never switch comin heart and deliv wild pitch sit top rhythm like wild stallion thi rule system come origin got come origin all entertain come origin you got come origin got come origin all entertaint come origin you got come origin got come origin all entertain come origin you got come origin got come origin all entertain come origin
390,cent crack the code smack hoz rappaz wishin would lap go cant shit wishin it along side im lovin ityo ive awhil im wait for corect use time ive thru w smile beauti disast while need crack code needa crack code x crack code rearrang brain is achin fo u x
471,not im type act like i know puttin angl put show speak noth make stunt ill tell right yo i front i cross t skip nonlegitimaci or el plea i cannont handl neg vibe merchant is per chanc so much angst pain wack you take tip one frank black play pachinko play parcheesi caus angst shit cheesi it bliss smooth piss lyric talkin loud again yeah parti men cosmet fret we sport high asthet here go rap kickin dazzl crazi mathemat i i mix old school jam onto tape cuz the parti crate i scan step realm what gonna do get parti peopl someth funki listen to misdirect hostil that got see misdirect hostil that got see misdirect hostil that got see misdirect hostil that got see bodyrock pop lock here exampl boulevard chrome beat alway ampin templ punk get got age hip hop it begun like stolen bike blacktop born sing lyric immacul concept no strain game game respect come radio star drown hatr rhyme an electr guitar dispatch rap shatter the glass radio access may turn soul rythmless danc you know time theyl know scoop theyl say rhyme beat rap group your rhyme outmod your rhyme outmod your rhyme outmod your rhyme outmod your rhyme outmod so quityourbellyachin your say tortur give fuckin break and mayb take sourc of dispar i mean kick fuckin heroin i speak experi becaus i see clearli onc act like i dunc in i cocain jim beam but im ginseng misdirect hostil that got see misdirect hostil that got see misdirect hostil that got see misdirect hostil that got see
482,sunshin are outsid i simpleton choic speak hear voic sunshin whi sleep gotta get outsid cover ground foot not hitch around spur over river trough wood ive come far bring good i get high even i tri let em pas wink eye i reserv right stone i reserv right take collect sum i right dont tri be there realli point bite me im glad see easi mc let tell littl stori like dog bobbi hate pool man so i tri play kotter make thing cool and i said let smell you hold hand he reach out bam he bit him bit fuckin hard blood steadi gushin back yard i kept apolog i felt fuckin bad the dude cool even get mad he said man sweat it that dog mean took neosporin went back clean thought i dream el movi your mind joint easi like jungl boogi freebi i got job would mind come i got dog come foam water bone i wanna tell mom ring phone cherri popsicl ici cold freez love gum teeth got weewe pas lay door nasti littl shit drop floor sunshin are outsid i simpleton choic not speak hear voic sunshin whi sleep gotta get outsid
491,regga got soul got much soul regga got soul got much soul listen beat move dancin foot move em move em rock bodi light move tight you cant come school let teach rule gotta get way you know gonna new thing dont afraid in heart find way you wanna get kick your plain six back beach big z could teach all littl one could reach make back home cool head wind in front mirror pretend him stayin late wanna go bed watchin big z remain head it came surf came bang and acro board friend felt same chicken joe tekken lani do night big z even codi it feel right caus regga got soul got much soul caus regga got soul young old caus regga got soul got much soul caus regga got soul young old whatya sayin caus regga got soul got much soul caus regga got soul young old you got soul you got soul and i got soul and i got soul everybodi got soul everybodi got soul got much soul got much soul codi got soul codi got soul tekken lani got soul tekken lani got soul big z got soul big z soul everybodi got soul everybodi got soul everybodi got soul everybodi got soul everybodi got soul everybodi got soul and he got soul and he got soul and got soul and got soul and he he he he and she she she she everybodi got soul everybodi got soul got much soul got much soul regga got soul young old
525,peopl sing come spring but comin around snow rain it insan i still gang the way weatheract shame ok badder behavior shit flavor grandios endeavorsy quest greater make mistak i know time i wake i slip onlywhen pnut get bake shake yeah fuck thi you walter middi take di but fantasi got end minut i fuck dream yo i i mani function i knowi function if someon bring keep punch we bunch alittl hous condit got squalid but solid i concurtim slur blur the vision like drug yo word howabsurd deliv u nerd and funki oz glass litter curb soon thechurch pit bell clang boy corner mack slang play dicegam when i walk bag ladi goe shananana your street time islimit cuz band rock it take whole crew put em pocketif feelin sick rub on vick n take sweet super mix your street time limit cuz band rock it take whole crew put emal pocket if feelin sick got elixir rub withth sweet super mixer late night radio player late night airwav invad yeahw got forc late night radio zooma zooma zooma yeah got boom blowin spot give u room we prowl sometim howl hyster when take stage see miracl i realiz today noth vestigi than young space walkin individu for year year bubbl withsoul power to deton planet reach anoth yeah take notch we diggin shit deep like ralston dig scotch botch i regretit i say rememb instead i stay we play ina littl hous condit got squalid but solid wehaul van rv bad call it went flame ihaven seen all homey step say hey ya goin oh headin back i done growin if must go somewher rainbow theadventur cosmic hero from planet planet tag crater if notin futur either label psychedel play disco whenth go get weird know weird turn pro your street time limit cuz band rock it take whole crew put em pocket if yourfeelin sick rub vick n take sweet super mix yourstreet time limit cuz band rock it take whole crew put em allin pocket if feelin sick got elixir rub thesweet super mixer late night radio player late night airwav invad yeah wegot forc late night radio
543,thi one dedic excit one not possum play dead mess head x amount action x amount game for year i tell same ooh ooh ooo gone alreadi bore type lingo that im seein everi singl night im out bustin head your get bust right back lip split and i mess i got back tryin dont bother lie bout constant dissapoint but fun hunt quit actin front your unmotivad your sort fade but remedi get got rememb ladi guadelup the time mother made mole after mass would get home the girl run phone and im bedroom record player wa were love togeth at time i never realiz song haunt the one i heard i play i want draw wall time time coolin make creatur come aliv schoolin when im microphon the method i make much patienc the method i make much patienc i wait beat i make sen im comin hot forgot definit got clue im comin hot got definit got rude boy actin coy got nut like almond joy i tell ya tribut no one look foolish excit one but there one much fun x amount action x amount game for year i tell same ooh ooh ooo onc i met man made nearli mistak he would never bet longshot never bet break and he condescend talk gossip galor but dude definit bore hear i mess i got back tri dont bother lie bout constant dissapoint but fun hunt quit actin front yeah unmotiv sort fade but real man the one hide behind gunshot boom time travelin memori there younger doug gazin galaxi space trippin vato star searchin ufo neptun mar ode alien i know there cosmic lone heart tell care im listen sound ground im listen sound ground when im microphon the method i make much patienc the method i make much patienc i wait beat i make sen im comin hot forgot definit got clue im comin hot got definit got rude boy actin coy got nut liek almond joy i tell ya tribut im vex mani mofo im wish best i keep bout half lyric i throw best caus fli by want to the method make sen patienc
556,earli mornin rise street light cigarett ill strap shoe foot got find reason reason thing went wrong got find reason money gone i got dalmat i still get high i play guitar like mother fuckin riot well life short love one got cuz might get run ya might get shot never start static i get chest never battl bulletproof vest take small exampl tititip me take money give charitytytyti love i got reach sublim style still straight long beach it come back gonna get deserv tri test that bound get serv love i got start riot feel danc get hot lovin i got i said rememb that lovin i got rememb that lovin i got i said rememb that lovin i got i got i got i got i cri dog run away i get angri bill i pay i get angri mom smoke pot hit bottl goe back rock fuck fight same livin louie dog way stay sane let lovin let lovin come back me lovin i got i said rememb that lovin i got rememb that lovin i got i said rememb that lovin i got i got i got i got
561,half ounc quarter pound lb kilo what look for sinsemilla what hope for what hope for sinsemilla who got herb young boy ask me who got herb elder tell me who got herb young girl ask me who got herb knotti dreadlock skunk bud indica sativa reefer la arriba skunk bud indica sativa reefer la arriba when roll big one feel right when smoke bong feel nice who got herb young boy ask me who got herb elder tell me who got herb young girl ask me who got herb knotti dreadlock who got herb who got herb who got herb who got herb what im talkin bout cramacaca cayaca die shocka fryaca from coppa ye im tellin you cramacaca cayaca die shocka fryaca from coppa what look for sinsemilla what hope for sinsemilla here go skunk bud indica sativa reefer reefer who got it who got herb who got it who got herb whoa whoa whoa who got herb s got herb cant avoid that ya want hand fat blunt sack chill indica guiness steer clear white powder kick sing space go play louder plagu brain cocain i wanna i wanna go insan roll bone affix word smoke it except doom morn bake hill oh i get sun i smoke out it begin smell like mota im high doubt sing plagu brain cocain i wanna i wanna go insan if want harm the world stop the herb use the serv use warrant
631,i accept fear anoth stagnant year im proamerican antipolitician theyll trade voic for illus choic truth hit like god damn premonit inroad hangman noos we got lot lose is wanna be exhum theyr through with left expo is wanna be take what given none the claim worker song get back line warn we beat born inroad hangman noos we got lot lose is wanna be exhum theyr through with left expo is wanna be like shark that comb surfac we got tast blood dont believ pacifist tell you no war peac
706,there friend mine murder and judg gavel fell juri found guilti gave sixteen year hell he said i aint spend life here i aint live alon aint break rock chain gang im breakin headin home gonna make jailbreak and im lookin toward sky im gonna make jailbreak oh i wish i could fli all name liberti all name liberti got free jailbreak let here jailbreak sixteen year jailbreak i take jailbreak yeah he said hed seen ladi fool with by anoth man she up he gun hand bullet start fli everywher and peopl start scream big man lie ground with hole bodi where life been but wa all name liberti all name liberti i got free jailbreak jailbreak i got break out out here heartbeat racin freedom chasin spotlight siren rifl fire but made out with bullet back
711,the follow true stori onli name chang to protect guilti well i left job home town and i head smoke got rock n roll band fast right hand gonna get top noth gonna stop u noth so got money weve got sound you put well put down if got dollar got song just wanna boogi woogi night long yeh boogi i got hole shoe i got hole teeth i got hole sock i cant get sleep im tri make million and i got patch patch on old blue jean well use blue when use new when use clean but ive got momma who hummer and ive got mama who hummer who keep aliv just keepin aliv while im band drink boy while im doin drinkin she work with boy she know place woman just wait one day see drive round town in rock n roll royc sun roof down my bottl booz no summer time blue shout out look me in rock n roll voic aint fun wait round millionair repeat hey hello howard doin next door neighbour oh yea get fuckin jumbo jet airport
712,she take easi go knee go devil down nineti degre she blow crazi till ammunit dri she use head again she use head she use head again im give dog bone she mona lisa she playboy star but shell send heaven then explod mar she use head again she use head she use head again im give dog bone she got power union she hit hot and like do shell give lot given everyth got ive given dog bone
720,the follow true stori onli name chang to protect guilti well i left job home town and i head smoke got rock n roll band fast right hand gonna get top noth gonna stop u noth so got money weve got sound you put well put down if got dollar got song just wanna boogi woogi night long yeh boogi i got hole shoe i got hole teeth i got hole sock i cant get sleep im tri make million and i got patch patch on old blue jean well use blue when use new when use clean but ive got momma who hummer and ive got mama who hummer who keep aliv just keepin aliv while im band drink boy while im doin drinkin she work with boy she know place woman just wait one day see drive round town in rock n roll royc sun roof down my bottl booz no summer time blue shout out look me in rock n roll voic aint fun wait round millionair repeat hey hello howard doin next door neighbour oh yea get fuckin jumbo jet airport
732,im pistol packin man gun hand lookin woman understand i like roll i like ride ill stop noth never take aliv im man fast hand lovin last stand outlaw quick draw evil talkin bandit man badland badland i got make fri burn chassi lassi like th juli i ride hard i ride high make love till reach sky im man fast hand got last stand outlaw quick draw evil talkin bandit man badland badland badland badland well im guilti saddl six pack aint gonna back track shooter load come girl im gonna give thrill badland badland badland badland badland look woman badland bad me badland gonna take me badland yeah
737,well im upper upper class high societi god gift ballroom notorieti and i alway fill ballroom the event never small the social page say ive got the biggest ball all ive got big ball ive got big ball theyr big ball and theyr dirti big ball and he got big ball and got big ball but weve got biggest ball all and ball alway bounc my ballroom alway full and everybodi cum cum again if name guest list no one take higher everybodi say ive got great ball fire ive got big ball oh ive got big ball and theyr big ball dirti big ball and he got big ball and got big ball but weve got biggest ball all some ball held chariti and fanci dress but theyr held pleasur theyr ball i like best my ball alway bounc to left right it belief big ball should held everi night weve got big ball weve got big ball weve got big ball dirti big ball he got big ball she got big ball but weve got biggest ball all weve got big ball weve got big ball and im itch tell them oh wonder fun seafood cocktail crab crayfish but weve got biggest ball all ball sucker ball sucker ball sucker ball sucker
764,well dog eat dog eat cat too the french eat frog i eat you busi man make deal do know trust do sign life away do write name dust hey hey hey everi dog day it dog eat dog dog eat dog dog eat dog read news someon win someon lose up down below and limbo between up win lose it anybodi game hey hey hey everi dog day it dog eat dog dog eat dog and eye eye tooth tooth it lie that truth see blind man street lookin somethin free hear kind man ask friend what me hey hey hey everi dog day it dog eat dog dog eat dog dog eat dog dog eat dog dog eat dog dog eat dog dog eat dog dog eat dog dog eat dog dog eat dog
765,dog war dog war dog war dog war dog war youv pattern man let go i guess can dont need feel touch right underneath light take can rich game aint plan feel booth ground talk blew around stanch bullet shoot whistl soldier fortun search premad face game march everyth well dog war well dog war dog war send dog war ill find find night granari grind fight keep tight keep laugh smile stanch bullet shut whistl soldier fortun search premad face game march everyth well dog war well dog war dog war send dog war well dog war well dog war dog war well dog war well dog war dog war dog war well dog war well dog war well dog war yeah well dog war
770,wild beast make man choic kiss sweet lip divin she got move drip sweat she got eye blue bodi curv leg break nose fire go down fire make drown fire blow round you want fun fire gun that ladi pace hard sell drip sex well she got move long long leg she got eye blue bodi curv leg shake earth fire go down fire make drown fire blow round you want fun fire gun
771,got scream feel need littl love heal want stuff caus i like hot touch wanna littl squeez touch tea mayb wrong mayb right i like everi night come babi way were gonna make it night day i want first blood look eye thirst blood need disguis bad dog come back more first blood first blood some like hot like hot caus i like touch i want much come babi way were gonna make everi night day first blood look eye thirst blood need disguis bad dog come back more first blood first blood i want first blood look eye thirst blood need disguis bad dog come back more first blood first blood i want first blood look eye thirst blood need disguis bad dog come back more first blood you know i want first blood some like hot first blood right hot shot bad dog come back more i want first blood
779,ive around world ive seen million girl aint one got what ladi got she steal spotlight knock foot she enough start landslid just walk street wear dress tight and look dynamit enough blow out no doubt cant live without it choru the girl got rhythm the girl got rhythm she got backseat rhythm the girl got rhythm she like lethal brand too much man she give first degre she realli satisfi me love till im legless ach sore enough stop freight train or start third world war you know im lose sleep im deep and bodi need love no doubt cant live without it you know move like sin and let in it like liquid love no doubt cant live without it you know realli got rhythm she got backseat rhythm rock n roll rhythm the girl got rhythm
781,she take easi go knee go devil down nineti degre she blow crazi till ammunit dri she use head again she use head she use head again im give dog bone she mona lisa she playboy star but shell send heaven then explod mar she use head again she use head she use head again im give dog bone she got power union she hit hot and like do shell give lot given everyth got ive given dog bone
787,hey mister businessman head compani are look ladi one like plea hey mister businessman one like tea with special servic french quantiti but sacrific want tonight she come across unless there money hand and call shot she got ball hey mister businessman high societi she play school girl spank plea but sacrific want tonight she come across unless there money hand she go overtim she got ball kiss ball goodby how live drive got ball got short got curli got ball she got ball
804,it crimin there ought law crimin there ought whole lot more you get noth noth tell trust we got want and got lust choru if want blood got it if want blood got it blood street blood rock blood gutter everi last drop you want blood got it it anim live human zoo anim the shit toss you feel like christian lock cage thrown lion on second rage choru blood rock blood street blood sky blood sheet if want blood got it i want bleed me if want blood got time
807,there friend mine murder and judg gavel fell juri found guilti gave sixteen year hell he said i aint spend life here i aint live alon aint break rock chain gang im breakin headin home gonna make jailbreak and im lookin toward sky im gonna make jailbreak oh i wish i could fli all name liberti all name liberti got free jailbreak let here jailbreak sixteen year jailbreak i take jailbreak yeah he said hed seen ladi fool with by anoth man she up he gun hand bullet start fli everywher and peopl start scream big man lie ground with hole bodi where life been but wa all name liberti all name liberti i got free jailbreak jailbreak i got break out out here heartbeat racin freedom chasin spotlight siren rifl fire but made out with bullet back
811,fli free flight drive night with machineri caus i got power ani hour to show man me i got reput blown piec with artilleri ill guid in well ride given got me dont struggl dont fight dont worri caus turn tonight choru let put love you babe let put love line let put love you babe let cut cake knife like fever burn faster you spark fire me crazi feel got reel they got rais steam dont struggl dont fight dont worri caus turn tonight choru let give
821,i left i right i found abu dadi mirag night been high i low an i lot place i wanna go but i aint seen nothin get as i laugh joker wanna make walk glass i could walk for i could crawl an i meaner bad dog back wall anim anim cannib cannib see em fall see em fall im guy call meanstreak i got meanstreak meanstreak they call meanstreak i dont who wanna be the count mont cristo sheik arabi ive eaten rich an ive eaten free im perfect cultur vultur face poverti an i aint met one told i got class say never feed anim boy got much flash im guy they cant teach and i alway kick castl that built beach anim anim cannib cannib see em fall see em fall im guy call what name meanstreak i got meanstreak i got meanstreak runnin back i got meanstreak wanna feel meanstreak they call meanstreak meanstreak what name meanstreak
824,jingl bell jingl bell jingl day i cant wait till christma time when i grope hay easi come easi go have good time lot dough slip high slip low lovem leavem show listen i like meapho mid one glass money spend capit lace get date woman red wanna heaven three bed he got it i want it they got it i cant it but i want it matter she got it i cant get it i want mistress christma easi come easi go slippin high slippin low he got it i want it they got it i cant it i want it matter she got it i cant get a mistress christma i want woman red bodi bed i hear come smoke stake i wanna ride reindeer honey ring bell
839,dog day tuesday hope girl come today hard life citi life sweat keep pourin down ive got foot like love through dawn till ive blown all i want lovin down love way move around need excus to let hang loo my bodi blown fuse rise power well rais night rise power rise power well wake dead rise power youv got love life night darkest hour dead night seen walkin street the kind woman bring heat love dusk till dawn come morn gone took surpris money gone left high dri need excus to let hang loo my bodi blown fuse rise power well rais night rise power rise power well wake dead rise power youll end torn shred dont need excus my bodi blown fuse rise power well rais night rise power rise power well wake dead rise power youll end torn shred rise rise rise rise power the power rise from
861,she got style woman make smile woman she got spunk woman funk woman she got speed babe got i need babe she got abil to make man outta me chorusbut import all let tell you my ladi got ball she got ball she got soul ladi like crawl ladi all around floor hand knee oh like plea me choru and got tast ladi pace ladi make heart race with pretti face she got ball ladi like crawl ladi hand knee around floor no one tell fella for choru
876,she said shed never been never touch befor hummm she said shed never been thi far befor she said shed never like hummm to excit she said alway had had fight it and never won she said shed never been never ball befor and i think shell ever ball more fix good hey squealer i held hand squealer i made understand squealer i kiss lip squealer suck finger tip hey squealer oohh start get hot squealer oohh made hard stop squealer got much squealer i think ive got magic touch aaah squealer
879,well i drive on bit trip lookin thrill to get kick now i warn ladi i shoot hip i born stiff stiff upper lip like dog hell i bite everyth and im big im drawl and ill ball thing i keep stiff upper lip and i shoot hip i keep stiff upper lip and i shoot and i shoot shoot hip yeah i shoot hip now listen well im workin out and ive done everyth and i cant reform no can feel sting babe i keep stiff upper lip and i shoot hip yeah i keep stiff upper lip and i shoot and i shoot and shoot shoot shoot shoot hip well im prowl and ill ball thing i got teeth bite you can feel sting babe i keep stiff upper lip and i shoot hip i keep stiff upper lip and i shoot shoot shoot hip i got stiff upper lip better believ stiff upper lip comin stiff upper lip stiff upper lip yeah got stiff upper lip stiff upper lip stiff upper lip i got stiff upper lip i got stiff upper lip stiff upper lip stiff upper lip and i shoot and i shoot and i shoot shoot hip
905,wanna tell stori bout woman i know when come lovin oh steal show she aint exactli pretti she aint exaclti small fortytwo thirtynin fiftysix you could say got allllll never woman never woman like you doin thing doin thing do aint fairi stori aint skinandbon but give got weighin nineteen stone your whole lotta woman a whole lotta woman i gotta whole lotta rosi a whole lotta rosi a whole lotta rosi i gotta whole lotta woman yeahyeahyeah honey do night long onli one turn one turn on all nighttim right around clock to surpris rosi never stop your whole lotta woman a whole lotta woman i gotta whole lotta rosi a whole lotta rosi a whole lotta rosi i gotta whole lotta woman yeahyeahyeah
906,you roll round finger you roll im blind you roll talli ho ho im easi rollin kind but think im facin hill caus soon see youll lose grip slip caus aint got hold me you aint got hold me you aint got hold me whi let be caus aint got hold me you take bedroom you take heart you take climax i fall apart but count givin it all back you just im hook livin doesnt mean im hook you you aint got hold me you aint got hold me whi let be no you aint got hold me oh let be you aint got hold me you aint got hold me whi let be caus aint got hold me you aint got hold me you aint got hold me you aint got hold me hey aint got hold me aint got hold me aint got hold me aint got hold me aint got hold me
930,left right step spotlight whi actin uptight im takin school that right high low tell know how ever let go im takin school that right tonight burn all get hot get tall yeah were lighter air you got key releas so pop lock lighter air if wanna it youv got dream if got key babi pop lock if wanna free it you got scream if got key babi pop lock banje boy dancey girl get down werk bitch gotta stress thi got em feel restless show em done alright secret care keep care leak it show em done alright tonight burn all get hot get tall yeah were lighter air you got key releas so pop lock lighter air if wanna it youv got dream if got key babi pop lock if wanna free it you got scream if got key babi pop lock banje boy dancey girl get down get down get down werk werk werk alright get down werk werk werk alright banje boy dancey girl get down you better pop lock if wanna it youv got dream if got key babi pop lock if wanna free it you got scream if got key babi pop lock get down babi pop lock get down get down pop lock get down
988,you told make you feel like heaven you tell know want you want now you think im open i tell busi you know get when get on ive lot lover and everyon know it i gush caus were so fresh togeth ive noth hide and never secret i gush caus were so fresh togeth and i never said mean i get excit we got bed im asham no shame im good i kiss tell so good i kiss tell so what i kiss tell i got lie i got none so good i kiss tell so good i kiss tell so what i kiss tell i got lie i got none whi cant free without filter and gush caus were so fresh togeth whi cant proud and shout loud embrac it becaus sex enemi and i never said mean i get excit we got bed im asham no shame im good so good i kiss tell oh yeah so good i kiss tell oh yeah so so what i kiss tell i got lie i got none im good i kiss tell oh yeah so good i kiss tell i kiss tell yeah yeah so so what i kiss tell kiss tell x i got none kiss tell i got none kiss tell i got none kiss tell i got lie i got none
