,processed_text
9,for bell toll when sentenc die the stutter rifl will stifl cri the monstrou anger the fear rapid rattl a desert inferno kid die like cattl dont tell me were prepar ive seen today marin he eighteen he eager he quit mean no mockri them no prayer bell the dement choir the wail shell the boy hold candl on untravel road the fear spread like fire a shrapnel explod i think wrong to conscript youth against will when plenti citizenri realli like kill what sign post lead to armageddon fire what bugl call them from crowd grey shire the woman sit quiet with death mind a slow dusk descend the draw blind make hunter line up it idea fun and let forgiven who never own gun wa me or wail dead the laugh soldier cast lot and cut dread
14,oh babi blanket and babi shoe babi slipper babi spoon wall babi blue dream child head is nightmar born in borrow bed now i know lightn strike again it struck onc then struck dead my folli grow insid me i eat two walk two breath two now walk two breath two eat two now well egg man fell shelf all good king men with help struggl til end for shell they mend you know where lead to hush rock in nurseri for kick one insid me i eat two walk two breath two now eat two walk two breath two now when boy wa boy the girl wa girl they found each in a wick world strong respect but stand for way beg and gave in pride men young girl should run and hide instead you risk game by take dare ye i eat two walk two breath two now eat two walk two breath two now i walk two im stumbl i walk two im stumbl breath two i cant breath i cant breath five month how grow five month now i begin show
16,steep water tower paint blue match sky cant ignor train night walk valley silent could swear earth move cant ignor train dust kick up crack face idl sinist town screen door rail station devil shoe ran along side wast track hem pin dart calv cant ignor train one spoil girl tidiest apolog wedg insid throat cant ignor train patienc virtu i never could abid that dungeon life electr light clean towel basin mantl figur mind place laugh belong adventur adventuresom rage share wardrob mirror room beig cold cant ignor train window day saw child pick their street game thirti afternoon molli boy are start rhymic again tea more second daughter fell young lock some folk prison made dwell til theyr braid grey hair sit wish chair sit wish chair sit wish chair
20,spoken intro from woman diari westward journey by lillian schlissel while young folk good time mother give birth babi three babi born compani summer my cousin emili gave birth son utah forti mile north great salt lake one morn but next morn travel on til noon stop made anoth child born time susan mollmey and gave babi name alic nevada follow typic sign handpaint line prairi road pas lone church spire pas talk wire know there way divid beauti sky wild western plain where man could drift legendari myth roam space the land free price right dakota wall whiterob woman broad yet maidenli such power hand hail wagon man famili i see indian crawl mural recal histori who homestead wive who gold rush bride doe anybodi know do work surviv yellow fever live page wrote the land free yet cost live in miner lust gold famili hous bought sold piec piec a widow stake claim dollar name pain in letter mail back home eastern sister would moan would read account of mad childbirth loneli grief
29,for bell toll when sentenc die the stutter rifl will stifl cri the monstrou anger the fear rapid rattl a desert inferno kid die like cattl dont tell me were prepar ive seen today marin he eighteen he eager he quit mean no mockri them no prayer bell the dement choir the wail shell the boy hold candl on untravel road the fear spread like fire a shrapnel explod i think wrong to conscript youth against will when plenti citizenri realli like kill what sign post lead to armageddon fire what bugl call them from crowd grey shire the woman sit quiet with death mind a slow dusk descend the draw blind make hunter line up it idea fun and let forgiven who never own gun wa me or wail dead the laugh soldier cast lot and cut dread
38,steep water tower paint blue match sky cant ignor train night walk valley silent could swear earth move cant ignor train dust kick up crack face idl sinist town screen door rail station devil shoe ran along side wast track hem pin dart calv cant ignor train one spoil girl tidiest apolog wedg insid throat cant ignor train patienc virtu i never could abid that dungeon life electr light clean towel basin mantl figur mind place laugh belong adventur adventuresom rage share wardrob mirror room beig cold cant ignor train window day saw child pick their street game thirti afternoon molli boy are start rhymic again tea more second daughter fell young lock some folk prison made dwell til theyr braid grey hair sit wish chair sit wish chair sit wish chair
51,oh babi blanket and babi shoe babi slipper babi spoon wall babi blue dream child head is nightmar born in borrow bed now i know lightn strike again it struck onc then struck dead my folli grow insid me i eat two walk two breath two now walk two breath two eat two now well egg man fell shelf all good king men with help struggl til end for shell they mend you know where lead to hush rock in nurseri for kick one insid me i eat two walk two breath two now eat two walk two breath two now when boy wa boy the girl wa girl they found each in a wick world strong respect but stand for way beg and gave in pride men young girl should run and hide instead you risk game by take dare ye i eat two walk two breath two now eat two walk two breath two now i walk two im stumbl i walk two im stumbl breath two i cant breath i cant breath five month how grow five month now i begin show
53,eager plea way wa though attempt fall short expect see would tell conquest brag even alon ellen unplan delay save someon realli care you invinc say marri name kind child ladi quick temper like blaze ember one measur standard even alon alon i tell open mind take chanc mayb find life treasur stubborn stay set way realli want lone alon
61,spoken intro from woman diari westward journey by lillian schlissel while young folk good time mother give birth babi three babi born compani summer my cousin emili gave birth son utah forti mile north great salt lake one morn but next morn travel on til noon stop made anoth child born time susan mollmey and gave babi name alic nevada follow typic sign handpaint line prairi road pas lone church spire pas talk wire know there way divid beauti sky wild western plain where man could drift legendari myth roam space the land free price right dakota wall whiterob woman broad yet maidenli such power hand hail wagon man famili i see indian crawl mural recal histori who homestead wive who gold rush bride doe anybodi know do work surviv yellow fever live page wrote the land free yet cost live in miner lust gold famili hous bought sold piec piec a widow stake claim dollar name pain in letter mail back home eastern sister would moan would read account of mad childbirth loneli grief
96,cat steven ban later u copi in my tribe due cat steven agreement fatwah issu salman rushdi now ive happi late think good thing come and i believ could be someth good begun oh ive smile late dream world one and i believ could be day go come co edg dark ride peac train oh peac train take countri come take home again now ive smile late think good thing come and i believ could be someth good begun oh peac train sound louder glide peac train oh ah ee ah oh ah come peac train ye peac train holi roller everyon jump peac train oh ah ee ah oh ah come peac train get bag togeth go bring good friend too co get nearer soon you now come join live far you and get nearer soon true oh peac train sound louder glide peac train oh ah ee ah oh ah come peac train peac train now ive cri late think world is whi must go hate cant live bliss co edg dark ride peac train oh peac train take countri come take home again oh peac train sound louder glide peac train oh ah ee ah oh ah come peac train ye peac train holi roller everyon jump peac train oh ah ee ah oh ah come on come on come on ye come peac train ye peac train oh ah ee ah oh ah come peac train oh peac train
97,i found photograph underneath broken pictur glass tender face black white beauti haunt sight look angel smile captiv while from hair cloth wore id place war wa will sat and pose pretti photograph save flower fair the day come day share a big smile camera how know the moment could lost forev forev more i found photograph stash old joist wall in place time lost lost behind thing fall broken book calendar letter script care hand music too standard tune by some forgotten big brass band from threshhold what see of brave new centuri the televis dream the radio silver screen a big smile camera how know the moment could lost forev forev more wa childhood fill rhyme stolen hook impass crime wa innoc blind to cruelti time wa fear day wa hope pray were skeleton insid famili secret sworn hide did feel heat stir the fall grace wayward girl wa tempt pretend the love laughter til end
196,littl eye see again they know sin a i tri hide away again and i know youe there and i see much care but i throw away again what i realli knowchoru say need me when i far away someth i hold deep insid me when i alon i pray see the life i lead each time i tri turn awaylittl eye beg stay but i tell it okthi time i hide behind mask i wear so blindi never see there and like meoh yeah what i realli know choru littl eye x what i realli know x
232,a hundr day made older sinc last time i saw pretti face a thousand lie made colder and i think i look same but mile separ they disappear im dream face im without babi but still lone mind i think babi and i dream time im without babi but still dream and tonight me the mile keep roll a peopl leav way say hello ive heard life overr but i hope it get better go im without babi but still lone mind i think babi and i dream time im without babi but still dream and tonight girl me everyth i know anywher i go it get hard take away love and last one fall said done it get hard take away love im without babi but still lone mind i think babi and i dream time im without babi but still dream and tonight girl
237,had bad day again she said would understand she left note said im sorri i i bad day again she spill coffe broke shoelac smear lipstick face slam door said im sorri i i bad day again and swear there noth wrong i hear play old song she put put on and bad day again she said would understand she left note said im sorri i i bad day again ohh oh oh ohhhh instrument and swear there noth wrong i hear play old song she put up put on whoa ive bad day again she said would understand she left note said im sorri i i bad day again left note said im sorri i i bad day oh oh oh oh oh oh oh oh oh oh oh oh oh oh alright ooooooo oh
260,had bad day again she said would understand she left note said im sorri i i bad day again she spill coffe broke shoelac smear lipstick face slam door said im sorri i i bad day again and swear there noth wrong i hear play old song she put put on and bad day again she said would understand she left note said im sorri i i bad day again ohh oh oh ohhhh instrument and swear there noth wrong i hear play old song she put up put on whoa ive bad day again she said would understand she left note said im sorri i i bad day again left note said im sorri i i bad day oh oh oh oh oh oh oh oh oh oh oh oh oh oh alright ooooooo oh
284,a hundr day made older sinc last time i saw pretti face a thousand lie made colder and i think i look same but mile separ they disappear im dream face im without babi but still lone mind i think babi and i dream time im without babi but still dream and tonight me the mile keep roll a peopl leav way say hello ive heard life overr but i hope it get better go im without babi but still lone mind i think babi and i dream time im without babi but still dream and tonight girl me everyth i know anywher i go it get hard take away love and last one fall said done it get hard take away love im without babi but still lone mind i think babi and i dream time im without babi but still dream and tonight girl
350,today seem like good day burn bridg two the one old wood creak would burn away right cue i tri like peopl realli suck some peopl need get axe chalk bad luck i know drugstor cowgirl afraid get bore she alway run someth mani thing ignor i might stuff make feel like shit im old realiti tip mani trip it beauti disast flyin street again i tri keep up you wore left ate up now i wish luck your butterfli wind without care a pretti train crash i cant care i i whatev i know drugstor cowgirl afraid get bore she alway run someth mani thing ignor i tri like i thought itd make a good song there noth see show peopl move along beauti disast flyin street again i tri keep up you wore left ate up now i wish luck your butterfli wind without care a pretti train crash i cant care i i whatev
355,long time i run like that i would three year agotoday now it like that it right feel good it noth wrong the deepest dream have could tomorrow song just say stop run hill do im go chill know realli ought same they wanna bug you but i let today it sure shot bomb drop everi singl you know swing fling it and make shit but it
371,long time i run like that i would three year agotoday now it like that it right feel good it noth wrong the deepest dream have could tomorrow song just say stop run hill do im go chill know realli ought same they wanna bug you but i let today it sure shot bomb drop everi singl you know swing fling it and make shit but it
377,today seem like good day burn bridg two the one old wood creak would burn away right cue i tri like peopl realli suck some peopl need get axe chalk bad luck i know drugstor cowgirl afraid get bore she alway run someth mani thing ignor i might stuff make feel like shit im old realiti tip mani trip it beauti disast flyin street again i tri keep up you wore left ate up now i wish luck your butterfli wind without care a pretti train crash i cant care i i whatev i know drugstor cowgirl afraid get bore she alway run someth mani thing ignor i tri like i thought itd make a good song there noth see show peopl move along beauti disast flyin street again i tri keep up you wore left ate up now i wish luck your butterfli wind without care a pretti train crash i cant care i i whatev
393,ive got feel i think comin strong becaus talk im dealin realli get long caus loo lip loo lip sink ship our kingdom walkin sucka start talk fear rock ya thing rest me dont tone cuz crime yeah crime i said crime cmon you know i come natur i aint got listen sour grape spite folk rave rage shittalkin eavesdroppin told so sorri yall sucka so rock ya thing rest me dont tone cuz crime yeah crime i said dirti crime cmon one thing i know crime if i know crime stay rock ya thing rest me dont tone cuz crime yeah crime i said dirti crime cmon o itd dirti crime yeaheaheah and babe o girl move babi you keep walkin whi crime
474,the fish keep swim is first chill upstream i want fish right me that be the song i sing mean thing hear it soon time side it copeset let set keep stream stream up girlfriend boot lookin fresh again move toward i smell sweet flesh dam cool fine self i find way wet sweet mouth sweetli everi way treat me a fish stori know pictur perfect our morn glori everi time wake the morn ride longest ride take it like take like take yin yang it time find kind like man jack sprat forev wetter titil flow cant say better swimmin hummin bodi soul it time find kind titil flow swimmin hummin cant say better my stoney babi my stoney babi and im friend ruski in hous theyr home if find what on theyll kick u well gone no pool that cool the song i sing mean thing if hear it soon time side it copeset let set keep stream stream up my stoney babi swing wthe groovin funk groovin thang whistlin a i rip rhyme time time struttin and summertim so screw strip gener strip passeng strip messeng in askin im bori come blank winter in askin im born i come im her my summer summer could one go go down it time find kind titil flow forev togeth i kiss swimmin hummin bodi soul it time find kind titil flow swimmin hummin and i kiss my stoney babi my stoney babi my stoney babi my stoney babi
496,ooh el i x ooh face screw ooh race prove you never rememb the blossom sender still rub dub style long time know im whoa long time see troubl brew yeah stick way rock know that youll cope that not gonna let sit til i say how dope that keep head pump til get zone not give go home stick way rock real slow nobodi realli say cuz nobodi realli know onli thing matter funki you you got choic do ooh el i x ooh face screw ooh race prove you never rememb the blossom sender still rub dub style stick way rock real slow nobodi realli say cuz nobodi realli know onli thing matter funki you you got choic do
498,we born seventi the rippin rhyme brother see were fill tast great in old school i eight fot new school i late but high school i debat i rate great state california im warn ya je vai la plage parc que le guignol est chouett i kick nonsens french tasti like crepe suzett i bet gonna wanna tri take nice i like beat that uniqu i like head zoom and continent know shit boom with diamond int eh back suicid door you look etern and never receiv morsel anoth tale ordinari mad the girl gave sex i heard homeless say all i realli wanna feel nirvana wont take tonight might find a bottl wine feel nasti natur your toung lickin toung your radio pickin smokey jazz love song mad becom even though your livin life it hard exist your tempt by flesh wanna bust through beauti leg bar poetri she bend suspend as is marvel thing a danc dancin club hereaft who cant realli danc doesnt realli matter and wont hear applaus cu drunk lost all light gone your arm spread like cross and your dream world will soon fall apart topless firl gaze which hazi take dollar in gutter without cigarett or wine hungov i warn normal behaviour felt my life short to consid wack self it like dip down and boxin reel rope you face young mexican your scrappin kneck get snap back eye bled your think comeback but takin head you littl bastard better watch back cuz were after your punk as god were gonna jack it your play small time and show over your bout lucki three leaf clover and older ho bag sceezer in droopi saggi skin who thoughtsh model but truth neverhasbeen ill slap witch i pimp and crew attest fradul
500,i hum high note mayb someth i wrote out sail boat i realli sure i still sing tune i kick around sinc june all morn afternoon now it blur i listen sea shell to hear stori tell of high time tide swell that yet occur backslid drain partial take blame chase coin fill purs is realli better wors is bless cur to pas buck is bounti bust is preciou metal rust well seem it u so wish u luck i kept make uturn end sunburn but lesson i learn wa worth skin peel i climb mani mountain it even worth count all drink fountain befor reveal from copper kettl the stamen petal we watch valu sand dollar crumbl
501,it seem uncertain i wish forgon know version made life go wrong wish i clue rearrang molecul mostli wonder seem uncertain ooh seem uncertain yeah seem uncertain ooh uncertain in time troubl everyon join team one wave flag human be no one excit unless divid someon go give in seem uncertain ooh seem uncertain yeah seem uncertain ooh uncertain id like be one faith million i see excus kill your denomin privat thing spirit human be how could someth well guid turn divis mostli wonder seem uncertain yeah seem uncertain yeah seem uncertain ooh uncertain
533,so find easier make excus avoid ten moment put brain use hate face crowd take risk shout loud think back time let palm get sweati face get red laugh onc get clue take advic here do just thrive sink sit think as bad set me oh oh oh oh get ground turn around hit it god she least i never met anyon deserv titl i said god we least ive never met anyon deserv titl stop think thing weve creat like love art shoe laugh onc get clue take advic here do just thrive sink sit think as bad set me oh oh oh oh get ground turn around hit it just thrive sink sit think as bad set me oh oh oh oh get ground turn around psych
569,how tell well well make mistak now yeah plea excus itchi attitud im feelin righteou oh whi alway ask whi to lame tri justifi lack drive call peopl nothin brewin time flap big fat mouth let rap doin say might say that realli take break through where at when moral hat full money yeah can explain messi kitchen sink get confus know whi alway ask whi to lame tri justifi lack drive call peopl nothin brewin time flap big fat mouth let rap doin say might say that realli take call peopl nothin brewin time flap big fat mouth let rap doin say might say that realli take break through well let say again call peopl call peopl call peopl call peopl
573,substitut gloom happi substitut sick health substitut enemi real good friend morphin chocol substitut substitut morphin chocol bring up can warm heart whenev want and everi stop n think morphin chocol substitut substitut and u say hey weve realli come long way n u say hey b way but might b care realli hurt real you might b care realli hurt real you go down down downoh set alarm clock babi dont u miss sun im feel warm heart babi dont know im feel like someon im fear life im fear heart morphin chocol would never substitut art and that real love babi and that real love babi and that real love babi
575,how tell well well make mistak now yeah plea excus itchi attitud im feelin righteou oh whi alway ask whi to lame tri justifi lack drive call peopl nothin brewin time flap big fat mouth let rap doin say might say that realli take break through where at when moral hat full money yeah can explain messi kitchen sink get confus know whi alway ask whi to lame tri justifi lack drive call peopl nothin brewin time flap big fat mouth let rap doin say might say that realli take call peopl nothin brewin time flap big fat mouth let rap doin say might say that realli take break through well let say again call peopl call peopl call peopl call peopl
580,walkin park day babi what you think i saw crowd peopl sittin grass flower hair said hey boy wanna score and know is i realli know time wa woh ohoh i ask i could stay awhil i notic got dark i realli realli mind just policeman step ask u said pleasehey would care get line get line well know ask u stay tea fun oh ohoh said friend would drop by ooh whi take good look describ see babi babi babi like it there sit sit spare like book shelf rustin ah tri fight it you realli care theyr comin oh oh i know state mind if go street today babi better better open eye woah woah yeah folk realli care realli care care realli which way pressur lie ive decid im gonna now so im pack bag misti mountain spirit go now hill spirit fli i realli know
581,substitut gloom happi substitut sick health substitut enemi real good friend morphin chocol substitut substitut morphin chocol bring up can warm heart whenev want and everi stop n think morphin chocol substitut substitut and u say hey weve realli come long way n u say hey b way but might b care realli hurt real you might b care realli hurt real you go down down downoh set alarm clock babi dont u miss sun im feel warm heart babi dont know im feel like someon im fear life im fear heart morphin chocol would never substitut art and that real love babi and that real love babi and that real love babi
630,i took time away for understand brought u today oh end me im never happi like happi im never sad like sad oh end me you know well and i cant suppress memori your gone i tell that ive lost ever see dont say fair that person wanna be oh end me i know i perfect i kept tri till i forgot i stay oh end me yeah lost mean we lost magic so good luck way oh end me ya know well and i cant suppress memori your gone i tell that ive lost ever see dont say fair that person wanna be oh end me youll end me i get it no i get it gave i took back oh well so back away i get it no i get it cant help wanna help ya know well and i cant suppress memori your gonna i tell that ive lost ever see dont say fair that person wanna be oh end me the end
699,she fast machin she kept motor clean she best damn woman i ever seen she sightless eye tell lie knockin american thigh take share had fight air she told come i alreadi there caus wall start shake the earth quak my mind ach and makin it you shook night long yeah you shook night long walk doubl time seduct line she one kind she mine mine want applaus it anoth caus made meal me come back more had cool down to take anoth round now im back ring take anoth swing but wall shake earth quak my mind ach and make it you shook night long yeah you shook night long knockin out yeah you shook night long you realli shook me yeah you shook night long yeah shook me well shook me you shook night long yeah youshook night long you realli got me you shook night long you realli got me you shook night long yeah shook me yeah shook me all night long
725,babi plea dont go babi plea go babi plea go babi plea go new orlean you know i love so babi plea go when man done gone when man done gone when man done gone counti farm he got shackl on babi plea go dont leav me ill dog ill dog woah ill dog kiss way here when walk along babi plea go babi plea go babi plea go babi plea go new orlean you know i love so babi plea go no babi plea leav me whi must go away babi i wanna suffer you suffer suffer oh babi plea dont go no babi babi babi plea go plea dont go dont go leav me plea go babi humm babi ahah oh dont go go oh go go ah go go slow oh go go whi must leav lie back go across left side track found new man i know so babi plea go babi plea go no no oh plea plea leav me i want left alon babi ah go go go no
731,on day i born the rain fell down there troubl brewin home town it seventh day i seventh son and scare hell everyon they said drop i said go they said fast i said slow they said ye i said no i bad boy boogi bein bad boy aint bad i dirti woman men ever had all woman come along me and ill show good bad boy be i said right said left i said east said west i said said down i bad boy boogi all town i tell stori tell lie i born love till day i die i line em up and i knock em down and came runnin word got around just keep runnin bad boy boogi i said up they said down bad boy boogi they said straight i said round bad boy boogi they said lost i said found bad boy boogi i said free and said bound bad boy boogi do bad boy boogi bad boy boogi bad boy boogi
747,call dove cri bitch cream dream caus itch call doctor cash demand if get enough rope might even hang cod care devil cod devil me cod care devil care devil me the cur love caus pain the crime day again call doctor cash demand if give finger theyll take hand cod care devil cod devil me cod care devil care devil me down devil me call dove cri bitch the sign sinner size itch cod care devil cod devil me cod care devil care devil me im pay pay im pay cod care devil care devil me it cur love
815,saw front row move beat just movin groovin kill i saw the wet patch seat wa coca cola oh babi i hope like show when band said goodnight i say hello littl lover i cant get mind no littl lover ive tri hard find someon like you oh babi sure look sweet cruisin a leg either side of motorcycl seat just oozin could nightmar could dream but way home babi i thought i heard scream littl lover i cant get mind littl lover oh i tri hard find someon give thing i need ah littl lover i cant get mind no littl lover oh i tri hard find someon like you you pictur bedroom wall next gari glitter yeah i stand stage play rock n roll i guitar picker yeah never record never hit ooh babi mind bit littl lover i cant get mind littl lover know i tri hard find someon like you you you babi i know a littl lover ooh
838,ya see televis everi day hear radio aint humid sure hot way mexico the polic tryin tell me beginnin end sayin itll bend me too late friend riff raff oh well it good laugh ah ah ah riff raff gonna laugh half well real good time now im kind guy keep big mouth shut but bother me somebodi kickin im up leav miseri i never shot nobodi dont even carri gun i aint doin nothin wrong im havin fun riff raff oh well good laugh hey hey riff raff go laugh half yeah oh riff raff
863,out town look woman gonna give good love anybodi want hang me and mayb burn up she stand alon junki box like someth sell i said babi what go price she told go hell shot flame shot flame aint shame to shot flame singl bar got eye honey hang everywher she got eye slate she mistak she mind money i realli care no said hey babi drive crazi lay line when guy chip shoulder said toss buddi mine shot flame shot flame aint shame to shot flame hey you angu shoot me shoot shot flame shot flame aint shame to shot flame i want pain dont want be shot flame
907,she fast machin she kept motor clean she best damn woman i ever seen she sightless eye tell lie knockin american thigh take share had fight air she told come i alreadi there caus wall start shake the earth quak my mind ach and makin it you shook night long yeah you shook night long walk doubl time seduct line she one kind she mine mine want applaus it anoth caus made meal me come back more had cool down to take anoth round now im back ring take anoth swing but wall shake earth quak my mind ach and make it you shook night long yeah you shook night long knockin out yeah you shook night long you realli shook me yeah you shook night long yeah shook me well shook me you shook night long yeah youshook night long you realli got me you shook night long you realli got me you shook night long yeah shook me yeah shook me all night long
908,give big beat now thi thi each gener rule nation come on come on come on come on she fast machin she kept motor clean she bast damn woman id ever seen she sightless eye tellin lie knock american thigh takin share had fight air she told come i alreadi there coz wall start shake the earth quak my mind ach and make you choru you shook ight long yeah you shook night long work doubl time on seduct line she one kind she mine mine she want applaus just anoth cours she made meal came back more had cool down to take anoth round now im back ring take anoth swing caus wall shake the earth quakin my mind achin and make you choru shook night long yeah you shook night long an knock you shook night long had shakin you shook night loong well took me well took me come on come on come on come on here spiecial news bullitan stand by here apieci news bullitan stand action shot heart blame shot heart shot heart shot heart blame darlin give love bad name when high never ever want get down so down so down so huh
935,who think im call stupid stupid well think big tri prove it prove it you think realli slick rick runner keep talk goner yeah these boy boy cant slow down these boy boy cant slow down these boy boy ya wanna go who call clown these boy boy cant slow down these boy boy cant slow down these boy boy well im get close close well i listen radio i let go these boy boy cant slow down so think quit fighter a fighter but look like crier crier bet think realli quit stunner but like rest go ahead and take number these boy boy cant slow down these boy boy cant slow down these boy boy ya wanna go who call clown these boy boy cant slow down these boy boy cant slow down these boy boy well im get close close well i listen radio i let go these boy boy cant slow down take deep breath tri take deep breath so i lose composur i see edg i see edg when i feel im get closer closer so think quit fighter a fighter but look like crier crier bet think realli quit stunner but like rest go ahead and take number these boy boy cant slow down these boy boy cant slow down these boy boy ya wanna go who call clown these boy boy cant slow down these boy boy cant slow down these boy boy well im get close close well i listen radio i let go these boy boy cant slow
937,i trust tarot card pink flamingo yard peopl think im mar whatev onli smoke holi green high big machin not attach anyth whatev i got magic call add rep alien differ like me if think i i live much i realli realli give two fux if think i say i give aint love i realli realli give two fux here right here right here namast right here right here right here ooh ooh ooh im center crowd room i might well moon yeah yeah search one two who get oh yeah you see talk myself caus one get like myself ive way sinc i twelv i get it i got magic call ocd rep alien differ like me if think i i live much i realli realli give two fux if think i say i give aint love i realli realli give two fux here right here right here namast right here right here right here ooh ooh ooh one shot enemi in end aint deep it aint deep girl imma get inner peac in leather ow choru if think i i live much how i live i realli realli give two fux i give two fux if think i say i give aint love i give i give i give oh yeah i realli realli give two fux i give two fux oh oh oh oh here right here right here namast right here right here right here i give i give i give two fux ooh ooh ooh here right here right here namast right here right here right here ooh ooh ooh
951,i took babi on saturday bang boy girl you ye were one same now i believ miracl and miracl ha happen tonight but if your thinkin about babi it matter your black white they print messag in saturday sun i tell them i aint second none and i told equal an true either wrong or right but if your thinkin about babi it matter your black white i tire devil i tire stuff i tire busi sew the go get rough i aint scare of your brother i aint scare sheet i aint scare nobodi girl the goin get mean dont tell agre me when i saw kick dirt eye but if your thinkin babi it matter black white i said if your thinkin of be babi it matter black white i said if your thinkin of be brother it matter your black white ooh ooh yea yea yea now ooh ooh yea yea yea now it black white it tough you to get by it black white whoo it black white it tough you to get by it black white whoo
972,there goe my babi walk slow sexual tictacto yeah i know know it time no but could mmine well never get far just n bar silli mnage troi sometim would mmine would mmine would mmine oh babi light on but mom home im sick lay alon hey with fever fever yeah my one own i wanna get alon give fever fever yeah there goe your still soul so caus sweetheart nononobodi aknoknoknow me or find ooh time mmine mine let get insid car just n star kinda mnage troi sometim would mmine would mmine would mmine oh babi light on but mom home im sick lay alon hey with fever fever yeah my one own i wanna get alon give fever fever yeah yeah yeah yeah yeah yeah yeah yeah yeah yeah oh babi oh babi oh babi oh babi mine babi mine mine mine oh babi light on but mom home im sick lay alon with fever fever yeah my one own i wanna get alon i got fever i cant sweat out oh babi light on but mom home im sick lay alon with fever fever yeah my one own i wanna get alon yeah give fever fever yeah give fffever ffever give fffever ffever give fever fever yeah give fever fever yeah
981,i keep pictur besid bed and i still rememb everyth said i alway thought love right i guess i wrong i alway thought side mama gone what i wanna know babi good how come call anymor yeah listen i still light fire raini night i still like better hold tight everybodi said everybodi said never part yeah say babi wanna go break heart all i wanna know babi good how come call anymor all i wanna know babi good how come call anymor sometim feel like im gonna die if call me babi gotta tri down knee beggin plea plea plea yeah just call back call back plea call babi oh yeah your gonna call back call babi
996,you run away everyth fear so afraid wanna part it you see fake everyth real you hate paradox put u box we defin make u right wrong wast time were live it i wanna seiz you touch one one dont stop were done weve begun we face new gener we one reserv dont give damn bout cold calcul welcom master plan dont care understand dont care understand welcom master plan your skin burnin sight me your mask cant hide think dont ask tell take need im open book go take look we face new gener we one reserv dont give damn bout cold calcul welcom master plan dont care understand dont care understand welcom master plan there you there me i feel energi i hope see thing aint use be look face look face we face new gener we one reserv dont give damn bout cold calcul welcom master plan dont care understand dont care understand welcom master plan dont care under welcom master plan dont care understand
