,processed_text
4,trudg slowli wet sand back bench cloth stolen thi coastal town that forgot close down armagedon come armagedon come armagedon come everyday like sunday everyday silent grey hide promanad etch post card how i dearli wish i here in seasid town that forgot bomb come come nuclear bomb everyday like sunday everyday silent grey trudg back pebbl sand and strang dust land hand and face everyday like sunday win cheap tray share greas tea me everyday silent grey
22,come go far away nois street walk path narrow place feel ea think haunt drawn cemeteri ground we there still here thank found child pose angel stone lamb foot part mat overgrowth read carven elegi think haunt drawn cemeteri ground we there still here thank found born new albion rice famili elit wed myron bilow thrice son bless she think haunt drawn cemeteri ground we god acr fenc in hollow ground soon rise up amelia tender sweet last word spoke well peac think haunt drawn cemeteri ground we god acr fenc in hollow ground
28,angel realm glori wing flight oer earth ye sang creation stori now proclaim messiah birth come worship come worship worship christ newborn king shepherd field abid watch oer flock night god man resid yonder shine infant light sage leav contempl brighter vision beam afar seek great desir nation ye seen natal star saint altar bend watch long hope fear suddenli lord descend in templ shall appear
55,trudg slowli wet sand back bench cloth stolen thi coastal town that forgot close down armagedon come armagedon come armagedon come everyday like sunday everyday silent grey hide promanad etch post card how i dearli wish i here in seasid town that forgot bomb come come nuclear bomb everyday like sunday everyday silent grey trudg back pebbl sand and strang dust land hand and face everyday like sunday win cheap tray share greas tea me everyday silent grey
79,music natali merchantword natali merchant music arrang jason osbornfirst violin krista bennion feeneysecond violin mitsuru tsubotaviola louis schulmancello myron lutzkebassoon denni godburnharpsicord robert wolinski all belong the sait luke chamber orchestraclass guitar scott kuneydoubl bass frank luther all direct jason osborn he fill flower vase trim candl base take small chang poor box tyler key he take nail hammer tack banner felt scrap glu togeth read jesu live in me alon night mock word preacher god feel everi pain repair christma stabl restor plaster angel her lip begin crumbl robe begin peel for bibl studi church basement hear child gospel cite matthew alon night mock arm preacher rais ceil tell god pain to world defil in lot see like there swear sodom burn down near sacr blood there danc hall tyler glen saw black girl white boy kiss shamelessli black hand white shoulder white hand black shoulder danc know what more he god mad discipl righteou titl word heard misunderstood though simpl mind crippl man know man fear man shake come wasnt god let puritan salem unfaith boy jubile slowli sink brown bag whiskey drink reel foot girl jubile lowcut dress yield caress manhandl black hand white shoulder white hand black shoulder danc know what more through tall blade grass head jubile bucket right hand full rag soak gasolin he lift shingl dark slip rag underneath he strike matchstick box side watch rag ignit he climb bell tower sacr blood watch flame rise higher toward tree siren wail toward scene matthew lord merci onmi son lunatick and sore vex oftim he falleth fire and oftim wate
81,greta cedar hope chest is full pamphlet glass shelv romant vignett a journal lace sedimentari prose norma gather collect vintag photoplay hair comb valentin lillian allow anim scratch leather crack mail collect box coat peel agn veil cathedr dweller smile benevol pain it katrina fair tuesday morn a caution unlatch flat door she alon cascad basement care spoil her calico print pinafor composit trait mannerist all other dissip margauritt vigil dwell upon frigid casement sarah thought veloc accus alway pierc pas clara abandon passion distast miss lenora p sinclair earli coffe pool im resitu word capit space colon paragraph sylvia keep beast jar label kingdom phylum class order famili genu speci
84,come go far away nois street walk path narrow place feel ea think haunt drawn cemeteri ground we there still here thank found child pose angel stone lamb foot part mat overgrowth read carven elegi think haunt drawn cemeteri ground we there still here thank found born new albion rice famili elit wed myron bilow thrice son bless she think haunt drawn cemeteri ground we god acr fenc in hollow ground soon rise up amelia tender sweet last word spoke well peac think haunt drawn cemeteri ground we god acr fenc in hollow ground
90,honor salut speak to corner stand flag do rememb day school were indivis separ world compar contrast these dream absurd placid classroom face breath featur of demograph death map trilog child read well not buri son a like chivalri not take bill to manufactur corpu christi and think seren histori intoler famin ha clutch global tranquil reap live child maladi collabor with cyclic despair infanticid clamor time more in th th world the poor alway been besid u amid u death alway been a million ceas million that annual reap add divid multipli sum thousand
95,billi bragg natali merchant in busi street a man sit down oblivi traffic sound no chao no frenzi shriek crowd thank god silenc walk head bent down come saw u call lethargi the treadmil turn there foot should i pray end come quickli quickli quickli quickli or cross wave angri sea risk risk and brave brave the shipwreck mutini assail assail in haunt doorway and light day see anoth life fall ruin pain fals smile even child seem landlock ground empti lost dream a leagu me i hear say it worth half effort or price pay should i pray end come quickli quickli quickli quickli or i rais face heaven abov and tell god dear god stop jeer and jeer a human frailti all our fail are fail pound pound endless street again nightmar scene all strain tighten rope not one last linger hope there evid everywher see put quarter newsstand so read should i pray end come quickli quickli quickli quickli or i rais face cloud abov entreat entreat their merci some merci but cloud do theyll rain down first gentli gentli sweetli so sweetli until silenc me with burst thunder thunder lightn and lightn and helpless landlock scream i know god must agre it worst part watch it worst part watch it worst part watch it worst part landlock scream god must agre to helpless worst must worst part watch the worst part watch
109,david bowi didnt know time wa light low i lean back radio some cat layin rocknrol lotta soul said then loud sound seem fade came back like slow voic wave phase that dj hazi cosmic jive choru there starman wait sky hed like come meet u but think hed blow mind there starman wait sky he told u blow it caus know worthwhil he told me let child lose it let child use it let child boogi i phone someon i pick you hey that far heard too switch tv may pick channel two look window i see light if sparkl may land tonight dont tell poppa hell get u lock fright choru
116,bent doubl like old beggar sack knockkne cur cough like hag men march sleep without boot fatigu drunken deaf still hoot of break ga shell drop softli behind but limp bloodshod all went lame went blind ga quick boy fumbl helmet time someon still scream man fire lime under grey cloud dim dark green light in dream helpless sight he plung me choke gutter drown put wagon keep pace a eye melt face if could hear blood gurgl ruptur lung if could wit vile sore innoc tongu you would tell me not pride zest the lie histori dulc et decorum est pro patria mori some desper glori pro patria mori a wit disturb stori pro patria mori stand firm boy breath glori
144,offer hand spit face blind failur cant face shame the wall fortress come tumbl down you cri savior one around paint pictur thing went wrong caus violenc play favorit song swim void black soul never forget youv lost control me never chang i am lie never hide truth pain bless disguis i shiver thought you now ill see way a fall grace glu past moth flame where hide when cant shift blame the fall i gain never forget caus pain you feel burn deep insid you behind veil never take control me never chang i am lie never hide truth pain bless disguis i shiver thought you now ill see way a fall grace no you never chang no no you never chang no you never chang no no you never chang youv lost control me never chang i am lie never hide truth pain bless disguis i shiver thought you now ill see way a fall grace
153,it pathet in million way what desper disgrac strung out proud big mouth have gone far chang brainwash like hollywood spread neighborhood built up burnt down watch out now gotten blood time run out it run out run out i feel weak i feel numb had enough of poison weve inject live world infect out let out tell how we got disconnect sick live world infect it systemat livin haze sleep live grenad black out face down sound were blowin place how long can endur when weve taint that pure selfish high risk death wish what one find cure time run out it run out run out i feel weak i feel numb had enough of poison weve inject live world infect out let out tell how we got disconnect sick live world infect
164,offer hand spit face blind failur cant face shame the wall fortress come tumbl down you cri savior one around paint pictur thing went wrong caus violenc play favorit song swim void black soul never forget youv lost control me never chang i am lie never hide truth pain bless disguis i shiver thought you now ill see way a fall grace glu past moth flame where hide when cant shift blame the fall i gain never forget caus pain you feel burn deep insid you behind veil never take control me never chang i am lie never hide truth pain bless disguis i shiver thought you now ill see way a fall grace no you never chang no no you never chang no you never chang no no you never chang youv lost control me never chang i am lie never hide truth pain bless disguis i shiver thought you now ill see way a fall grace
190,it pathet in million way what desper disgrac strung out proud big mouth have gone far chang brainwash like hollywood spread neighborhood built up burnt down watch out now gotten blood time run out it run out run out i feel weak i feel numb had enough of poison weve inject live world infect out let out tell how we got disconnect sick live world infect it systemat livin haze sleep live grenad black out face down sound were blowin place how long can endur when weve taint that pure selfish high risk death wish what one find cure time run out it run out run out i feel weak i feel numb had enough of poison weve inject live world infect out let out tell how we got disconnect sick live world infect
270,you stand stare eye eye befor anoth second click away one u die you reach metal i reach mine the sound bullet flyin air follow cri and theyr cryin what do what say when end game play will crumbl dust friend or start game again the young man lay alon fasten ground the sound fleet foot cryin eye last sound what gain fron thi now worth life weve thrown hope away set dream asid now were cryin what do what say when end game play will crumbl dust friend or start game again it come back me it come back me what do what say when end game play will crumbl dust friend or start game again
358,chill light sight ego becom funki child word tongu like intak breath mouth get loo i scatter spit i dream juic have ever made dark hallway display kiss made day say play track record collect mix congratul weve chang lot some some you know alway down down i ever thank you you let now i bet light start show follow close cuz i told so know love love love play freaki wanna stay weve chang lot some some you know weve alway down down i ever thank you you let now lightn strike yo violent forc light garante turn bad dolemit cuz were dope kid chang like chameleon the channel whenev wack show real world on know dazzl like ghetto box boom battl rattl insid head feel redeem like cola bottl fall love teacher wax self made check techniqu la weve chang lot some some know weve alway downdown i ever thank you you let now keep foot ground keep head cloud electrifi sound come down and choru end
366,if want beat buck there luck x then there luck then came drama then i cant understand music critic x not afraid guy wholl tell he never mix been mix x were grassroot big friend everi crew everi click everi po big head hypocraci your transistor lightn resistor conduct mother star that are renegad sound system x brother anoth planet again automat x quantam saint univers holograph cosmic remix x from mysteri blue planet we breath anywher under water space la your pollut air problem homey your transistor lightn resistor x conduct mother star that
376,nod head lot apprentic some stand shoulder giant some tryant benevol to follow relev the rest get bent lend opinion im send brand new level i revel complet delit sucker get serv like smucker jam fool know rule rest keep bounc back with lack adieu see a one deduc we slam shit hard long cuz got song someth might like now allstar bound yeah sound cool blue water around from forc field flash alien send black evolut love hear the dark supernatur world call our home lightn mind come song but were wild say never trust u were shadi in lieu crew babi cuz music come word speak we erect breakbeat shatter wax still platter our shit badder come fli scatter cuz deep solid yeah hear ya holler electr run soul feel good some time thing realli ever could feed hunger i crave i love i gave it i shove batteri save later a waiter dorothi pavilion i met wierdo real good time downtown la soul graveyard where got hard get jack it lack certain sen someth someth basic karm int least i broke east you know i face it i guess i flake mistak becaus s got boom my mic check give me electr compani i cant see high wide sky or star me are flower or like high rise tower if soul sweet delight on shower there place u say somewher not dream place there your slippin content spirit and hill aliv sound music
378,three four chk uhh chk uhh im wi doubleliam linkin primo do it he ttotheatothebohoh linkin primo do it he apltothedeap linkin primo it and btotheetothep hookin primo do it vers one we comin take control zip code bridgin gap rap calypso we gonna strike citi frisco tokyo back san lui obispo data descend amadeu transmit cd tape record player we crusad attack like allig yo were known elev like escal yo comin control area black eye pea control area bringin vibe creat hysteria wack mc vacat area we three deep comin yo speaker im bustin woofer tearin tweeter everi rapper talkin bout killin somebodi aint hiphop check out choru thi hip hip hip hop hop hop we keep keep movin non non stop scratch black eye pea yo keep movin scratch yo keep movin hip hip hip hop hop hop we keep keep movin non non stop scratch black eye pea yo keep movin scratch we got keep movin vers two it black eye pea climbin empir state tower livin mission desir i see lot liar dem i cross fire lyric soundin tire repetiti expir cool dem troop time get pick i cant take dem seriou talkin bullshit got money car but cant bullshit lyric soundin like doo doo shit while im holdin mic tight recit livin insight benefit artform took make dough forgot main goal almost lost soul got norm caus everybodi talkin bout high profilin aint hiphop whi whi caus everybodi talkin bout high profilin aint hiphop so check yall choru scratch i like way rhythm make jump got black asian caucasian sayin that joint that jam scratch let bodi collid rhythm provid the black eye pea through nation build music field visual thrill feel vers three yeah style date aint came yet dont think fresh caus rockin outfit i think lost caus know rout is pick mic put money mouth is i pick mic put lyric mouth is hit spirit make jump couch quick agil slowlik slouch bounc freak def ounc and announc thi follow u show sound is primo pea collaboratin like great aiyyo let thi let thi show crew is black eye pea like ruler leavin brother clueless hater hater u wanna gon speak it we gon tell world hiphop haunt funni drug mc it we gon take back day soulson choru x w variat ad lib fade
379,it gift i know a moment bliss hold a firecrack flash light on to next plane soul remain come along dare it gonna scare love life i thank you for reason see pain through light candl dead the wick burn return have it are well reach beyond furthest star dont give fight stay aliv even if to find reason anoth pain lose you if self around care like i do one day see clear blue beyond gray ski light candl the wick it are one day youll see clear blue beyond gray ski i cant believ didnt call what made want end all wasnt someth i tri to help see beyond gray sky
380,when i go back place were i see path affect easi get back blur countless inspir revel yeah were futurist were way go quiet medit state invok th ray vibrat itll give transform serv initi first gotta break drastic measur confus give way flash light moment thing ill alway treasur mediocr never get right might in genesi solar mind amid fractal combin sign hard find pattern flow bright bluest light enhanc crystal sight never forget wick get ticket bomb town sound shake ground everybodi never forget wick get ticket bomb town sound shake ground everybodi get down a mighti stupid set current swim around now bigger task hold locat swim upstream how the art remain free skill upon day overflow thing see other talk way yeah youv establish telepathi techremot view allknow right answer futur be end begin follow me first gotta break drastic measur confus give way flash light next gonna find bliss pleasur freedom reign bliss foresight yeah do smoothli feel love let sooth thee send ya bliss wisdom sweetest kiss world know sacr templ given receiv medicin never forget wick get ticket bomb town sound shake ground everybodi never forget wick get ticket bomb town sound shake ground everybodi get down a mighti stupid set current swim around now bigger task
382,there day i wanna leav la i wanna break maze escap dark haze day so mani kid i know feelin craze crave materi thang makin slave wage baggi pocket got laundri fluff livin rich peopl alway buyin stuff so tri act tough hide what insid hold head high gettin fuck throwin dice a bad bad enough im sure my heart want love must navig war cuz seein were wire short circuit must mean meek inherit earth alreadi work it there land sand grab money plastic life end centuri peopl actin fake cant see omen wake caus chang comin there land sand grab money hollywood place fuelin frenzi and everybodi start peep around corner befor take next step know border in plu ship handl type netherworld everytim merchandis dip coffer we buy imag cost livin uh huh the fakest shit act cool friend watchin attent shopper check select reflect dont feel good enhanc fresh complexion you gotta got got x a world turn money burn on bullshit make u happi sometim never learn were self center think better we look peopl upon elder there land sand grab money now let go caus dissolv it creat fear kept hustl made sever tie famili there land sand grad money plastic life end centuri peopl actin fake cant see omen wake caus chang comin there land sand grab money hollywood place fuelin frenzi and everybodi start peep around corner befor take next step know border
383,ooh know pepper you with sonic assault side step you i cannot think better way that could celebr freedom than make set goal cold beat em see dumb verbal tag like audio spaghetti give shout one call yeti i bet put cabash foe whatsoev like origin brodel trevor posit vibe merchant grandson lord buckley scotish ralston show lucki ad raspler sweed friend deed he keep eye guy gred these charact i dub everyon the stori aint rhyme done it year i first touch ground so i grab microphon i got down just like jame brown gather round sight sound pound pound throw rather profound ill put anoth world i cant hear you like phone sex deaf girl no doubt got jam smack ya i pen three book lyric action backup cuz im cold rockin brother got transistor tune and feel real good get close you the brodel nazz nazz know at the brodel nazz know cat feed cat the goal poet carpent to one love one work the nazz someth given the brodel insid come within when i feel sea when world came kiss me transform shit told shark i dolphin swam quick funni though parranah chill laugh at the way i took polka dot top that the wale know im quick watch out and i get funki fresh fish im lit lumin im nouveau techno i glow like glacial in skin swim faster speed i i drop noth i return noth rotat style rhyme way magician rythm lover anim damn i wanna hear em aquat way i got soul shape well im foot like moham ali i float like butterfli sting like poison ivi drive lincoln suicid door around town im slink fat sub cours were greatest show earth you know turn daili in town like baarnum bailey i know simil i resist from solomon roadi pj i think hell piss i eat cobb salad smoke fish duck clam chowder chill indica guin steer clear white powder i run brother give pound yodel they know word bond talkin bout brodel the brodel nazz nazz know at the brodel nazz know cat feed cat the goal poet carpent to one love one work the nazz someth given the brodel insid come within and were fresh dude check man p he said i muddl mind impertin lost lot vega play lot sega saw phrase like put leg and were fresh dude check man d said comin ruff tuff system tweakin peopl world must thinkin all shit kickin shoe must stinkin
405,chill light sight ego becom funki child word tongu like intak breath mouth get loo i scatter spit i dream juic have ever made dark hallway display kiss made day say play track record collect mix congratul weve chang lot some some you know alway down down i ever thank you you let now i bet light start show follow close cuz i told so know love love love play freaki wanna stay weve chang lot some some you know weve alway down down i ever thank you you let now lightn strike yo violent forc light garante turn bad dolemit cuz were dope kid chang like chameleon the channel whenev wack show real world on know dazzl like ghetto box boom battl rattl insid head feel redeem like cola bottl fall love teacher wax self made check techniqu la weve chang lot some some know weve alway downdown i ever thank you you let now keep foot ground keep head cloud electrifi sound come down and choru end
414,music sexton lyric hexummartinez talkin shit like shut listen me becaus cut crap special like bomb im drop ye ton lead your tri figur last thing i said im redwood i love tree ye im druid my word flow like fluid never give never conform ill bustin rhyme triplet form dead leav tree spring cant hear bird sing a light powder snow ground glisten viper slither atop colder ground quiver a crack sky snow fall insid shiver while i doze i suppos i could get lost with brownskin friend claim kin crazi hors i stink vino greasi cloth rancid but i tip bottl back spirit kid fire water call liquid raptur into flash flame crazi natur fire water world mixtur of broken liquor peopl get pictur fire water call liquid raptur into flash flame crazi natur fire water world mixtur of broken liquor peopl get pictur whiskey spittl corner mouth im rather liquor light flicker i got shake jitter i roll im like rage bull bumrushin show hand head sway fire ive wade into all alon except whiskey voic whore laught neon sign flash choic i stagger stumbl toast past i mumbl slur song slow porno show marque word crumbl fire water call liquid raptur into flash flame crazi natur fire water world mixtur of broken liquor peopl get pictur fire water call liquid raptur into flash flame crazi natur fire water world mixtur of broken liquor peopl get pictur your hangin around hous friend steadi drink smoke green weed and head sort blink your go flow and everybodi get plow the voic music nois get loud you got heavi buzz seven oclock roll around so piul insid clunker start head downtown onli nineteen know get it so slide insid bar everyth hit by eleven oclock brain near dead you realli cant rememb one said let go bathroom meet guy chuck he got thirti dollar white powder pick up ten minut later whole vibe chang you tri convers but know act strang your eye wide open smile gone you keep fiend til fuck break dawn viper slither atop colder ground quiver a crack sky snow fall insid shiver while i doze i suppos
423,choru from chao come clariti i tell ya what appear be ought know glycerin tear fool me i tell ya delus plagu everybodi makin hybrid music back ya i hear model band front spawn ya find hard come origin warn ya were shakin white boy new york black girl california we come hiphop drumnbass dancehal rhythm you want beat lyric want get them watchin sink depth opportun miss point music love pessim im sa move suprem team i rock mic sweet lean and know start fact dj mc gettin like that metaphor chief polic rock n roll and were posit stole radio now back control the jammi come peopl succumb cuz got soul bridg everyon tend forget upon reentri orbit space quantum saint were onli begin planet natur gift heart lie technolog it right right enter space pure delight light next contest jam is tight feel spontan improvis vise choru dont even tri it want disrespect me if deal punk school id harvard degre you cant make hate matter punk act no matter i react im perfect exampl give fk about catti rude peopl suck what know sudden ah i usurp you look dictionari find i do i go back style i came from it someth fake son your con man who run done you lead world wide web decept bridg choru
426,between mar jupit there gap for anoth planet way back yeah mayb mad man blew shit it now tryin get back align explain go cycl alway tryin find it closin age aquariu crazi weather flood tornado low jet stream gettin better enterin twilight zone activ grown everi singl day more peopl spottin ufo let come togeth new coast shit we got motherfuckin kid let freak shit it mess feel everyth wrong takeov pentagon it fuck paradigm cuz im burn fossil fuel i even need to free energi har we use whi cuz techniqu suppress the hour glass pas granul that cool gotta break it bust rule switch chang pitch rearrang live dumb shit well ditch let come togeth new coast shit we got motherfuckin kid let freak shit it mess feel everyth wrong dealin chevron i found bootleg cosmic consciou era it visual breath techniqu slowli becam it now someth watchin me sinc i found key to free energi my high speed light bodi cuz galaxi crazi it amaz were livin phase and quickli decay proton neutron electron is encod plane we live on
436,now i know fool get chit chat havent heard yet bet im that with talk digi walk i stalk bird heard absurd word fact im cat nippin sippin flask passin talk shit as in front caus could run but in end reveng send end defend i cant get get caught spiral caus everi bit energi it goe surviv way im flicka flacka blotter ya tri find weak but shit keep gettin harder fourth juli luci ski i rememb pine tree coat mani color i nineteen id anyth shit like scare id like again it independ day ive seen side i say ive insan and i ever same cuz flow must fli first flow nickel brother wise and i rise here ill kid pimpin cuz slick step dark bodi electr a drone buzz air cracklin tone then boomin like thunder cosmic jungl death defyin like knievel weebl word wobbl awkward evil cuz flow rock hardest crowd a marvel pow like now ive return kiss death last damien from abyss fresh etern alien now famish pathless way i ma damag to wack mc i know cant stand thi right get im annihil rockin rhythm rhyme deton
437,i cant free suspicion for motiv mission some peopl live rule i live except cant take part decept but i know feel wanna blow world away just get real work cuz everybodi grind hlat then everybodi game get salt again no matter paper say theyr normal come bodyguard ball wax hide behind gun they get panic pul far home to reason continu roam exhilar mix peopl skunk blaze check show sadli unamaz choru hostil apostl follow neg energi swallow some coke malcont who soul rent victim lost soul hostil apostl unlimit time space nearest univers light were reachin rehears follow around follow hustl makin use everyth movin muscl angri human lead impression boy to skull pierc i destroy all hero speak noth me one emot one tempo real feel in field presenc thought missin keepin posit intact peopl dissin open eye look kissin if cant hear it peopl listen choru angri human lead impression boy to skull pierc i destroy all hero speak noth me you prick heavi changin time changin same chang life etern frame warm sun refresh breez glow star blossom tree livin life infinit extent spread undivid oper unspent no high low great small build bound connect equal all
442,pick wrong scent not gonna make dent how mani time rhyme burn shame thee but burn shame me im chase face point misplac when i think mind race im space i get point return i get burn i told im you the last thing ill ever do let guard hard i know got elev disregard choru i cant believ i fell it again i told im gonna quit again i cant believ i fell it again i told im gonna quit again thi suppos last time i told myself happen again i told i ever go call you i told i let back in but i dial tri i told get hold myself i freak out let tweak ecstaci next me somethin tell babi girl testin me i told get ahold im tryin im lyin dont make mad know i love bad i want sniff glue hold you i told get hold myself but rush me cant trust me the sound i hear whenev near i know never wrong favorit song choru and turn bad turn bad turn bad your ploy make jealou obviou sad it opposit effect now left had had the rain come love turn dust i joke took seriou the rain come love turn dust i joke took seriou ye seriou thi last time i ever go call i told myself i let back in but i dial tryin
450,well beat bad rap skip soul trap just trippin laughin crap dap get best skin hit you know rock fuckin joint split singin ryhmin im better for when describ im scribe metaphor i use simil lightli cuz shit play the common way ryhm made ya know i rock like flow like that but comparison that kickin differ style ill right here today tomorrow next week next year i alway say feel promis noth life honest sauna cool compar stage but that gotta go stone age the fame game name raptur like polish rock ill make shine sure word ive travel becom unravel i around world babi gimm appl ill boogi man rather sonofsam what am though long love day night we love wholov u right back the kid smart kid clever stompin jackolantern weather backpack strap cuz world cold headphon pumpin ya know the kid smart kid clever stompin jackolatern weather rock hood play mellow while mapl leav chang yellow and oh shit damn honey again tryin beat high score sinc age ten see high score flash back glass i malcont doug gift class now here deal came heal gonna rock rio oh joke feel put test like sugar ray scientist im alway danc sunday best im bet bliss path lit see the microphon live im rockin bodi smooth like reggi miller airborn freez frame funki like kungfu put shame choru im like hey wait minut give check two i readi begin it with boom boom bap come outta trunki give fat shout phunk junkeez striken like cancer taken chanc but love see girl windin like belli dancer standin front tight stomach showin me stage singin flowin we kickin live kickin live cuz cant kick live gonna die fraid punk quit talkin junk you need live show like ball player need dunk
472,you take littl bit me and whole lot you add togeth and here gonna do you gotta mix quick and itll blow spot i got tell ya place get hot now mix up uh mix up what sum part when add up make much had i tell what it like mad the baddest thing ever had uh i never good math anyway but add come i say a lot peopl look found and seem one around uh a littl bit me and whole lot you add togeth and here gonna do you gotta mix quick and itll blow spot i got tell ya place get hot now mix up uh mix up what sum part when add up make much had i tell what it like mad the baddest thing ever had were two misfit that one el get everyon el place becam silhouett soon you it come view on guitar i see spark when convers dark i never good math anyway but add come i say a lot peopl look found and seem one around a littl bit me and whole lot you add togeth and here gonna do you gotta mix quick and itll blow spot i got tell ya place get hot now mix up uh mix up what sum part when add up make much had i tell what it like mad the baddest thing ever had were two misfit that one el get everyon el place becam silhouett soon you it come view on guitar i see spark when convers dark
477,do want cri cri you how say blue a rich rock star are yet still complain that insan imagin child two your singl mom son name tom you work long hard day bill pay with time play would say still world mean me losin grip i trip anomali my thire eye prize unifyin horu the pleadi smash tauru energi pure decompos porou soil life move cours crystal neath surfac radiat cycl comb mineral flex let go toxic built never last cuz wast make day steadi growin fast i get intak bluegreen alga let penetr strengthen grasp holist healer dealin galact growth reversin fx shit wreck chernobyl wanna take x let take funk weve got pain that real and say feel and ive felt alon but i know ive alway got home the question im serv is i realli deserv gamma wave bacteri plagu cow mutil time not mention visit more year of fuckin fear the thing true we gotta love other tri leep posit vibe they make tough ya your cut lone while hustl dough we overcom wrong while were reachin point stick togeth forev now continu flow wanna take x let take funk
478,the cold funk sunk feel mid pump bless erupt turm up right corrupt con shade neon night were gonna feed mic blast pipe i gotta feed mic blast pipe i gotta cool capabl toast ill yo daddi told me hey son must act chill alien rough my galaxi tough here come bang hiphop thang bring swing men mar aint ever gonna hang with dope buddha come stage attackin space assassin nake live never slackin come day way enter sa amplifi form anoth world far away i got pang gang i come southsid here thang i bring i promis come live while mass pas upon fuck as and see get glass that shot word curt grubb the motherfuck scrub i said man kind with one i call brine shrimp we nover ever skimp i limp stage huff like magic dragon i puff stuff humbolt cone then im stond watch out smoke weed come northern california dont cocain come columbia that thing mash natur mash bodi mash cultur take tip flip script daddi freddi i give complet prop one rock steadi with dexter goe on and turn dope shit like one that call pawn shop press ye what up pnut chang up
480,in minut everyth straight gone in minut thing though tie come straight undon how knock wood far good day what think solid earth jump spread out to north south that plate about natur conscienc kind ill will the dream make sad vide them when one girl dreamt fire happen to famili bro i drive the rv bleed flame u leap fire surviv zone home fire it umm let life i want it im gonna let know i said were come kill were come chill weve comin will gone tell whole world what deal and i say know critic boarder cuz we want got funki style laser jet got font not one get sound like norm friendli radio shit corn all come littl bit swing and go like aint thing omaha style think one where know radio weak show fun but know fuck danc sinc mani think hear come state still were like x makin funk smell skunk such occas occur back day it begin raw kid way son gun drift all endow gift at break dawn behav like spi lampin light cold world awaken deeper light open sky look eye see dialatin omaha style shit come man embed soul breath band we alway knew could thank felt would we aris explor world find grass root how crew grind ground brew my dude one come like teflon rock shit rise on if farmer outstand field say do eill wish follow bliss say we travel round world give best like see peopl danc bounc rest the hammer chisel rule compass we forg sword chariot war battl axe there much power anger love bigger banger complet prop crew do
505,dont fear mere word cuz take word ruin ya you alreadi hard finish soon ya see stifl sentenc much suspici much wors could come much delici to dastardli basturdli plan littl mouse men ugli rear head speak then peopl love disagre avoid endless bout make attempt to tri sus stupid out but racist institut simpl mind belong not happi human wish get along littl peopl need exclus sucker group throng it make feel special make feel strong now i got click like famili not ethnic trip like ethic see i write rhyme today tell later whether come wack wast hater graffiti bombsfrom palmslov strong cant stop long for night come shape form mar stone afar ghetto cool oh well now feel spell the color rock bell the king swing rise top the thythm posse ya stop the mise broken the demon locin drop bomb left smokin cloakin chokin lyric spoken infrar vision scopin condit now breakin em piec like sli rap bandit witha fli lukang kick mortal combat i land it so get back i jam cold and hear rhyme style outmod the dopest flow upon planet dope word bro throw low goddammit you juic fuck friend like dracula but kick brokula you left big surpris pacif bell call rel friend hell now let tell someth fuck piec shit youll never money tell worth it you leav trail lie that keep move we come wed end provin in end reveng send end defend i know statement true i wear like pendant i know hear song i think funni the name theif trust money like captain picard come hard light year our star long bust reappear in sky night rise immens ye see shine it and pas dome great sky bewar star holm rule by where death reborn world gift so futur voic uplift all gone all calm yall set wreck la in wetland new york atlanta phoenix portland lincoln no
507,you know patienc push dream bring demon life song vacat soul salvat you suspend disbelief id like the thief that steal jade necklac your alway wear id take thing knive id start pair so chop chop piec piec send raider la there mani land plenti the thing lack straight squar within grasp ever ever think whether your brown your pink i think think better bout it when stop think the jade one wither while optimist grow i settl bet let larg amount so indulg minut imagin one holdin out all tri peac brother down some other happen slow think know direct world go peac they number six make feel like men they one u cuz were much much them ok method mischeif then sike shazam strike lightnin through space move emit ill tracer were set light world kid were maker check karma plu avant garder style sect wise way come wreck while mass mill around cur anguish stompin em quick we see crew comin around like drive est park savor sun but cloud come make anim
527,i need break someth insid said from tv peopl count dead a break sad i need now yeah ive ach loss word for apathi i sen herd ive heard em senseless no question it and what point noth dull could ever earth brighten entir just think it and what point noth slight could ever earth enlighten entir just think it ask me im blind i read sign so mani die so mani mind thank lucki star got good it not hard to are thank lucki star were place i thought wed never get peopl devolv fought fled but i know were goin get of it woah it mistak paranoid a mental state take strength avoid all hostil fear challeng woah cuz what point live way so mani close mind other say which ever feel voic and what point were gonna pay sort one way day so make choic ask me im blind i read sign so mani die so mani mind thank lucki star got good it not hard to are thank lucki star ask me im blind i read sign so mani die so mani mind thank lucki star got good it not hard to are thank lucki star
542,if want beat buck there luck x then there luck then came drama then i cant understand music critic x not afraid guy wholl tell he never mix been mix x were grassroot big friend everi crew everi click everi po big head hypocraci your transistor lightn resistor conduct mother star that are renegad sound system x brother anoth planet again automat x quantam saint univers holograph cosmic remix x from mysteri blue planet we breath anywher under water space la your pollut air problem homey your transistor lightn resistor x conduct mother star that
544,let tell ya littl stori about kid middl had mind set glori whatev i give i anchor keep forev drift caught danger somehow i surviv i alway look troubl troubl alway follow me i would alway doubl doubl cuz one aint enough of liquor enough pharmaceut all i pull bamboo cuticl the bullshit troubl come me honestli i got mind full weapon in battl versu myself and everyth i kept in im find courag tell the sweetest repos come strangest place i never suppos clariti would find me i alway look troubl troubl alway follow me i would alway doubl doubl cuz one aint enough of liquor enough pharmaceut all i pull bamboo cuticl the bullshit troubl come me honestli point content pain motiv and lead chang whoa it said befor ill say again you get one spin ohoh i alway look troubl troubl alway follow me i would alway doubl doubl cuz one aint enough of liquor enough pharmaceut all i pull bamboo cuticl the bullshit troubl come me honestli
555,groov soul sing spinnin around dust melodi welcom groov move right we gonna take higher caught quagmir i cant surviv stupid nine five id rather poor write tune livin commun kickin brother signific other life pursuit money think funni the thing money could ever bring me would gift friend follow now trip famili the thing i love freedom peopl around i need em id like build world spliff like i said i said you could never get interest dream wealth myself birthday happen land april twelfth whack a coney island mind mine i swipe sweet strip beat sunshin loco holm i stroll im think a tone poem alon love medicin demon spring revolut spirit i kill it travel head spinnin medicin illus fadin comin again unwind mind find entir minut abstract tract sight day break it dole share world ocean sun rise whirl motion i fought kick scream way get born i feel warm i say come night save anyon roam weve grown write soul select way for the travellin were were breath wanna keep our blood run were gonna keep gun till next homecom i like boogi bang bang boogi say jump boogi to bang bang come on
589,hey darl i hope good tonight and i know feel right im leav yeah i want it no i need it tell someth sweet get by caus i cant come back home til theyr singin la la la la la la la til everyon singin if wait til i get home then i swear make last if wait til i get home then i swear come tomorrow past it might best hey sweeti i need tonight and i know wanna leav yeah want i cant help it i feel complet side but i know cant come home til theyr singin la la la la la la la til everyon singin la la la la la la la if wait til i get home then i swear make last if wait til i get home then i swear come tomorrow past it might best you know cant give i need and even though mean much me i wait everyth is realli happen i swear ill never happi again and dare say friend im boy sway we knew itd happen eventu la la la la la la la now everybodi singin la la la la la la la now everybodi singin if wait til i get home la la la la la la la now everybodi singin then i swear make last la la la la la la la now everybodi singin if wait til i get home then i swear make last
632,we welcom second chapter thank turn page we acknowledg reason progress weve made your constant remind we keep weve conquer everyth gone far from befor well keep short sweet ill get point my friend come first that part life my friend come first that part life my friend come first that part life my friend come first that part life that part life theyv said futur never get older well tabl turn where be pick foot
645,hey darl i hope good tonight and i know feel right im leav yeah i want it no i need it tell someth sweet get by caus i cant come back home til theyr singin la la la la la la la til everyon singin if wait til i get home then i swear make last if wait til i get home then i swear come tomorrow past it might best hey sweeti i need tonight and i know wanna leav yeah want i cant help it i feel complet side but i know cant come home til theyr singin la la la la la la la til everyon singin la la la la la la la if wait til i get home then i swear make last if wait til i get home then i swear come tomorrow past it might best you know cant give i need and even though mean much me i wait everyth is realli happen i swear ill never happi again and dare say friend im boy sway we knew itd happen eventu la la la la la la la now everybodi singin la la la la la la la now everybodi singin if wait til i get home la la la la la la la now everybodi singin then i swear make last la la la la la la la now everybodi singin if wait til i get home then i swear make last
958,thank castl thank castl made stone let u call own father i cant see train next stop sunshin it horizon light fire stoke coal blow whistler aboard next stop forev alway castl man castl man well winter it goe know but cant see ocean world wind blow man station blow gun and commit ship see next stop forev alway castl man castl man and crowd memori we next gave heart sea and though road lead back you castl man friend deed alway kept u insid you alway forev alway song alway forev alway castl man castl man and i everi night new day born and im meet again thi song castl man castl man
968,break mechan step right freaki tangibl hand uncuf take leash anim if it get hyphi hit with slip right stripper shoe roll dice i got snake eye dj vu poppin ballyhoo tune tune in turn turn on drop out go rabbit hole get away know come on follow come follow me go rabbit hole even hoe gigolo come on follow come follow me quick slow high low your never gonna know sure see stereo down rabbit hole catnip honey teatim town all town town hous candi build em burn down burn em down burn em down melt face arm it start bass end crystal ball go rabbit hole get away know come on follow come follow me go rabbit hole even hoe gigolo come on follow come follow me disco rodeo my kaleidoscop cleopatra know what rabbit hole go rabbit hole get away know come on follow come follow me go rabbit hole even hoe gigolo come on follow come follow me quick slow high low your never gonna know sure see stereo down rabbit hole
