,processed_text
21,hey jack kerouac i think mother and tear cri she would cri none other than littl boy lost littl world hate and dare drag down her littl boy courag he chose word mouth of babe got lost world the hipflash sling madman steam caf flirt they spoke you hey jack tricki part when brightest star who shadow of san francisco beat boy you favourit now sit rattl bone and think blood stone day you chose word mouth of babe got lost world the hipflask sling madman steam caf flirt in chinatown howl night allen babi jade have boy grown up beauti fade billi saint made you your like mari mexico on all soul day you chose word mouth of babe lost world the cool junk boot madman street mind girl in harlem howl night what tear stain shock world youv gone away without say goodby
69,hey jack kerouac i think mother and tear cri she would cri none other than littl boy lost littl world hate and dare drag down her littl boy courag he chose word mouth of babe got lost world the hipflash sling madman steam caf flirt they spoke you hey jack tricki part when brightest star who shadow of san francisco beat boy you favourit now sit rattl bone and think blood stone day you chose word mouth of babe got lost world the hipflask sling madman steam caf flirt in chinatown howl night allen babi jade have boy grown up beauti fade billi saint made you your like mari mexico on all soul day you chose word mouth of babe lost world the cool junk boot madman street mind girl in harlem howl night what tear stain shock world youv gone away without say goodby
705,she gave queen she gave king she wheelin dealin just doin thing she holdin pair but i tri her deuc wild but ace high but i know that shed dealt befor said shed never full hous but i known from tattoo left leg and garter right shed card bring down if play right she got jack she got jackx she got jack jack jack jack jack jack jack she got jack poker face name poker face natur poker straight game if knew could get you she playd em fast and playd em hard she could close eye and feel everi card but i know that shed shuffl befor said shed never royal flush but i known that card comin from bottom pack and id known dealin out id dealt back she got jack she got jack she got jack and know el she got jack yeah yeah she got jackx she got jack jack jack jack jack jack jack she got jack she got jack she got jack ooh bad deal jack she gave jack hey she got jack she got jack she got jack ooh cant ya tell she got jack jack jack jack jack jack jack she got jack she got jack she got jack she got jack you never know she got jack she got jack she got jack she got jack hurt she got jack she got jack jack jack jack jack jack jack she got jack aaaaaaaaaaaah oooooh oooooh thank you thank you thank peopl thank you thank you im glad like show ye thank much folk goodnight god bless
719,she gave mind then gave bodi but seem me that gave anybodi but i made cri and i made scream i took high and i curdl cream but i know befor she told virgin she number nine ninetynin clinic list and i fell love dirti littl bitch she got jack got jack she got jack got jack she got jack got jack she got jack got jack she got jack jack jack jack jack jack jack she got jack i search mind and i search bodi but everybodi but gave heart and gave soul and great big warn out empti hole but i know fill befor she said bon ive never urgenc she number nine ninetynin critic list and i fell love dirti littl bitch she got jack ill kill her oh hurt you know i woke one morn sheet the clap now i know call clap over im gonnado im gonna say she got i want shoutout just got case clap and wanna know gave her look
739,the steam burn workin line the pot get readi he work hard when come lovin big jack way wink satisfact hi time go on im like bad defend smoke holi joe he big pretend look jack he way big jack big jack you know natur get scratch big jack big jack youv got reput realli got knack big jack big jack he said he one got full sack big jack look jack he alway back you never leav dollar rack ball you like get fast back stand tall when hear siren he gonna put rack he got bad reput climb bar gonna press flesh rockin rollin soldier he last all well tell jack he way big jack big jack you know natur get scratch big jack big jack alway troubl got turn way big jack big jack alway like parti like girl play big jack look jack he alway back big jack big jack you know natur get scratch big jack big jack got reput realli got knack big jack big jack said aint one got big sack big jack lookout jack aint need worri he alway back
885,she gave queen she gave king she wheelin dealin just doin thing she holdin pair but i tri her deuc wild but ace high but i know that shed dealt befor said shed never full hous but i known from tattoo left leg and garter right shed card bring down if play right she got jack she got jackx she got jack jack jack jack jack jack jack she got jack poker face name poker face natur poker straight game if knew could get you she playd em fast and playd em hard she could close eye and feel everi card but i know that shed shuffl befor said shed never royal flush but i known that card comin from bottom pack and id known dealin out id dealt back she got jack she got jack she got jack and know el she got jack yeah yeah she got jackx she got jack jack jack jack jack jack jack she got jack she got jack she got jack ooh bad deal jack she gave jack hey she got jack she got jack she got jack ooh cant ya tell she got jack jack jack jack jack jack jack she got jack she got jack she got jack she got jack you never know she got jack she got jack she got jack she got jack hurt she got jack she got jack jack jack jack jack jack jack she got jack aaaaaaaaaaaah oooooh oooooh thank you thank you thank peopl thank you thank you im glad like show ye thank much folk goodnight god bless
886,she gave mind then gave bodi but seem me that gave anybodi but i made cri and i made scream i took high and i curdl cream but i know befor she told virgin she number nine ninetynin clinic list and i fell love dirti littl bitch she got jack got jack she got jack got jack she got jack got jack she got jack got jack she got jack jack jack jack jack jack jack she got jack i search mind and i search bodi but everybodi but gave heart and gave soul and great big warn out empti hole but i know fill befor she said bon ive never urgenc she number nine ninetynin critic list and i fell love dirti littl bitch she got jack ill kill her oh hurt you know i woke one morn sheet the clap now i know call clap over im gonnado im gonna say she got i want shoutout just got case clap and wanna know gave her look
