,processed_text
7,music denni drewlyr natali merchant scienc truth life watch religion fall obsolet scienc truth life technolog natur scienc truth life fortran tongu the answer wealth promin man near perfect posse absenc interim secur demurr defens divin defens true imag human conflict number five discoveri dissolv illus mysteri destroy conclus illus never restor modern man see religion is obsolet pieti obsolet ritual obsolet martyrdom obsolet prophet vision obsolet mystic obsolet commit obsolet sacrament obsolet revel obsolet
88,border pavement flank avenu parad pas white glove attend by mother war shell rais shaft lift banner toss rose mother war know everi neighbor chat door compar econos electr applianc come share tea seat my cradl with mother war forsaken vigil three year tour hand god enfold him pray mother war haunt doorway beg postman word mother war black star bitter defianc spit corp wet brood short leagu combat mother war well acquaint sorrow grief mother war fold lace carrion and blood soak robe fold lace carrion blood soak shroud mother war
99,music denni drewlyr natali merchant scienc truth life watch religion fall obsolet scienc truth life technolog natur scienc truth life fortran tongu the answer wealth promin man near perfect posse absenc interim secur demurr defens divin defens true imag human conflict number five discoveri dissolv illus mysteri destroy conclus illus never restor modern man see religion is obsolet pieti obsolet ritual obsolet martyrdom obsolet prophet vision obsolet mystic obsolet commit obsolet sacrament obsolet revel obsolet
183,your wait someon guid step realiti let catch breath you beg plead catch break to never free choic made fall down give up hesit destin repeat mistak but mind i believ time to pick get back race hey man afraid lead way into water drown weak face nightmar steal sleep hey man strong enough face pain rise challeng lie ahead or give again just open eye take leap your control destini do best mean succeed youll alway fail live knee if fall down get up dont hesit refus repeat mistak if mind believ that time to pick back up and get back race hey man afraid lead way into water drown weak face nightmar steal sleep hey man strong enough face pain rise challeng lie ahead or give again hey man afraid lead way into water drown weak face nightmar steal sleep hey man strong enough face pain rise challeng lie ahead or give again give
224,sit swing set watch day go by convers noth street light on time go home im worri tomorrow caus day away yea and i know fault i never dream day would come now im wish yesterday so mani thing left undon so mani thing left undon a i pull driveway i feel go numb and tear pain begin fall now world undon yea and i know fault i never dream day would come now im wish yesterday so mani thing left undon so mani thing left undon ye i know fault i never dream day would come now im wish yesterday so mani thing left undon so mani thing left undon ye never know you never know you never know you never know you never know tomorrow you never know you never know you never know you never know you never know tomorrow yea yea yea ye i know fault i never dream day would come now im wish yesterday so mani thing left undon so mani thing left undon so mani thing left undon
318,she say ive got someth say she know say well chang everyth she led mani sleepless night she cri she cri she cri mother man took soul away father could ever treat way brother dont let again thi time it im gonna make end now it old man in ly ground bullet head she stood foot guilti bed last night she held said rest life she see said gonna do she through she through she through yeah mother man took soul away father could ever treat way brother dont let again thi time it im gonna make end now it old man in ly ground bullet head there bullet head i kept fall down i kept fall down i kept cri out i kept cri out i keep fall down i keep fall down im readi im readi im readi now it over said he lie ground bullet head
392,my name volatil ive way long while id sure like rest but energi get best me it wild ride i wouldnt chang minut i cant slow insid guess that i live it watch now the year mischief follow week thrift i land earth hard face no leg could keep pace and rest i sift is ever time when state sleep willingli leav mind highli frustrat wanna feel elat come monday morn fell checkmat you uncool becom rule except made drown im use it youd think id now the in out up down i wanna make mess i wanna blow stress i wanna stoke fire just creatur while it come goe come goe sometim i go littl crazi sometim i go littl crazi like i do i know were gonna say but afraid caus dismay your lyric switch around the mixtur water down and pointless display it someth one wont understand unless hand hand dont buy fear dont buy dear the thing love must keep near and carri wont feel withdrawn even your come down sometim it wearabl sometim bearabl i careen toward balanc til glass full i wanna make mess i wanna blow stress i wanna stoke fire just creatur while it come goe come goe sometim sometim i get littl there sometim i go off sometim like you watch now sometim i go littl crazi sometim i go littl crazi like i do sometim i go littl crazi sometim i go littl crazi like i do
398,you could lose mind easier would like think best friend could leav you play trick cold deceiv you stand peopl stare let mind day appreci way mind yet let down truth go mayb five minut show know shoot star blaze flash gone are advanc collaps visionari realli here imaginari thought separ mani fray part torn shatter bit mind fall apart are advanc collaps visionari realli here imaginari thought separ mani fray part torn shatter bit mind fall apart what thing there thing depend day there self congratul day appreci quietli humbl thing gone wrong imagin frustrat lose bear simplest thing come best worst befor cant rememb came for are advanc collaps visionari realli here imaginari thought separ mani fray part torn shatter bit mind fall apart blaze main hungri flame consum i see are advanc collaps visionari realli here imaginari thought separ mani fray part torn shatter bit mind fall apart are advanc collaps visionari realli here imaginari thought separ mani fray part torn shatter bit mind fall apart
401,everi time i get near field graviti you look sad tell could be ah ah said thing i ob i would never confess ah ah i told dont dwell that leav hell sometim thing your scorn for you ador for but like i told dont dwell i know love i look dilapid but glad i made it can tell much ahah whi surpris i dont take advic ahah told dont dwell that leav hell sometim i need remind regret blind but like i told dont dwell everyth choic go ahead rais voic might well forgiv self that mean someon el set free break shell to demon farewel ooh na na na na i tell dont dwell
416,oh whole new way look thing the way react phone ring the way feel let flow sometim i wonder could be you take everi bit see rail i think know you never ceas amaz me you keep go crazi and that one thing i know sure sometim i see be take everi bit easi first straw and i know sure choru the first straw so small seem imposs the next straw vanish like shoot star fall the last straw there reason get all yeah no reason take all yeah the last straw land mix your best day could apocalyps nobodi pay attent first straw it seem last one ever saw the first straw metaphor i pick myself it tell someth show someth el i think know choru no reason take all yeah everyon react get weight break back i let u caus long side never gave back yeah choru x
434,youv chang tune mani time sinc weve met but ill alway recogn you you part me i feel you whether jamaica angel citi your gift me uuuuh choru hey you i gotta tell long time friend i think year saw tear good time spend hey you your constant companion you alway let explain im say weve begun ooooh ive got one wish music uplift and i need uplift deal there song peopl sing along one song come along sing real uuuuh choru hey you i gotta tell long time friend i think year saw tear and good time spend hey you your constant companion you alway let explain im say weve begun ooooh bridg a i wander around town town lost found when mani other come go come go the sweet sweet pull through choru hey you i gotta tell long time friend i think year saw tear good time spend hey you your constant companion you alway let explain im say weve begun hey you you never turn back me ooooh i gave myself hey you you never turn back me ooooh i gave upon myself hey you what would world like without around music your constant companion oooooh
454,sometim thing save you think bad thing luck never gave you and although true love left you well least mother kept you be sure dream aliv there short burst life are abl satisfi do expect fun time hey rock easi lay fold hey shake simpli cold and fall apart still friend get back were gonna stick togeth and mani thing gone wrong at least ear hear song and read close caption there still bad thing could happen long time sinc weve first came here and sometim fall deaf ear one thing ive got say sale dive stay posit love life hey rock easi lay fold hey shake simpli cold and fall apart still friend get back were gonna stick togeth
481,houston problem tv made u dumb anxiou weve becom much prozac system it mental condit it mental condit one thing lack educ institut fuck our emot elast stretch back stretch back sometim snap dont go back never go back what true werent blue felt like you could anyth were face sunset moment it look like it rise side thing there procrastin mayb i get straight i see peopl wast time much pointless debat i cant wait analyt polit correct upset threat nation mindset i bet wed let revers psycholog mob mental ecolog a colleg could learn usual burn wast it tast time time it time take medicin emot elast stretch back stretch back sometim snap dont go back never go back what true werent blue felt like you could anyth were face sunset moment it look like it rise side thing bridg what true werent blue felt like you could anyth were face sunset moment it look like it rise side thing side thing
489,sound boy proceed blast galaxi go back rocket man sky see hear time come back rewind alien watch sky sound boy proceed blast galaxi sound boy come round sound boy stay no one gonna harm you the want play i watch th bird prey that hunt canyon hous look meal like lizard mous i wonder appreci set like me to control direct choos free and reserv right trite want and lick bite i toss vermont i kick licketi split and hand man tan van and crew hate you peac prioriti cuz marley said sureiti just think im doin im screwin yo sore take care it perhap much stuck but anytim awar keep fuck you know cool hey hey random when come bout peopl get readi hey hey random gonna freak nation sound boy gonna rock you peopl rock steadi hey hey random to one hard and ill type dude funki car i dream suit fit rhyme when recogn girl former life i love sound hear is infecti laughter i hear year if im still lucki go north outpost take left mullholland to that like macapa drive callin i get sun stretch out begin look like summer and im doubt swing choru i break silli peac offer rap weasel im boffer id give exclus playlist the thought style kick radom hat pick that radio never play tell em again me rude boy omaha nebraska sick porno flick yet gold preciou laugter mani agre cant care that cuz were never gonna wear old hat spoken
499,these lyric booklet it one thing make the same mistak twice anoth thing make it all life it one thing make the same mistak twice anoth thing make it all life the strengethen denial the turn desir na na na na appetit fight beat yet na na na na by hook crook i would bet just hang there it one thing make the same mistak twice anoth thing make it all life lost barrel wine whin snare trap design dont sure nobodi know end dont sure wouldnt i speak im true friend just hang there it one thing make the same mistak twice anoth thing make it all life life anoth detail goe by fallen abyss that becom life it one thing make the same mistak twice anoth thing make it all life all life
511,sometim jack rule realm cant tell swimmer drown without sound chalkboard scratch sound could craze town emperor cloth never expo i took compliment regardless meant could innoc spent spent rail undeserv dangl precipit rain idiot alway flap the flap wind i took compliment matter meant could belliger could half percent could want afraid caught promis end taunt me i cant chang that i cant chang i cant chang that i cant chang im watch you sure what true life cruel there noth do fade return i feel eye burn i realli concern sometim jack rule realm sometim jealousi dwell cant begin dispel even tell what make act way i do i ask you make act way i do i ask you make act way i do i ask you sometim jack rule realm sometim jealousi dwell cant begin dispel even tell sometim jack rule realm sometim jealousi dwell cant begin dispel even tell
513,if there scream insid you just let go your beat babi dont know youv got get through and lift roof soul it like pain lock in part heart it never gonna leav it unless start to warm up be wise smart out ocean there one around no one hear sound it u here out ocean speak free away citi away ear that bug u judg u it liber to free and heart slow down nice easi and breath plea just speak easi and say what mind i search someth to compar to thought long hard for simil true now im suddenli awar in quest beyond compar so speak easi if there shadow life then there sunshin thing turn insid out all time just rewind it mind oh speak easi out were float late night and light guid u a full moon that glow on sea nice easi and breath plea just speak easi and say what mind i search someth to compar to thought long hard for simil true now im suddenli awar in quest beyond compar so speak easi speak easi speak easi speak easi
514,i music lover i get paid thi song would still exist money made that differ i sum sentenc im sittin perfectli still cuz ive got place go be two month light up the show follow now i sing spring marvel thing what el swing thing bring yo i got say hola orang counti angola i go back beat x it never let zone let rola i deem stream sweat connect you i still thing do we dip dip dive herbal i look shoulder i know spi but long time crew stuck like glue you never let down alway came through alway kept flow even know dont ask u we make go yo i got say hola orang counti angola i go back beat x it never let zone let rola seem like peopl virus and earth simpli tire u so mani headz someth would give and kill race mayb diseas space arriv comet with trail left planet say wake creat start end fill spore engin plant pathogen what futur view mani chang human could danger what would eat remaind a food maim to take frame some would vapor some would remain the sucker care about the wave world i feel their live destin hard time too there parallel univers might block but emot put could unlock im say could escap fate tunnel vast untranslat energi fill dust ash
546,think you it come view i believ came cloud two drop ocean tell again the stori we we togeth one day were two kind forev weve combin though current pull u apart two drop ocean you part me the side sea and togeth one day hey hey what i say i swim way though tide pull u away i ask you what gonna do ocean apart but i know one el do two drop ocean just go motion dear well meet again from two river dealt two shore two drop ocean fall me dissolv sea the boundari between noth but love have real thing yeah there stone wall around heart nothin left start chippin away day day until see break apart hear talkin bout let known done bit bit one one if two u tri two side until see sun your phenomen two drop ocean just go motion a lot fish sea not me your somethin differ kind the rest evapor stay mind there stone wall around heart nothin left start chippin away day day until see break apart hear talkin bout let known done bit bit one one if two u tri from two side until see sun your phenomen hey hey what i say i swim way though tide pull u away i ask you what gonna do ocean apart but i know one el do two drop ocean just go motion two drop ocean dear
557,you slick oper till taken station they book score she broke name pour down highway soar na na na na na na what do i ask you theyr you i tell you your go go alon you know leav home repeat mile sea under light nobodi strangest face everywher medic despair feel one care na na na na na na sometim plan go plan and beat odd stack you it miser life made and paranoia get use to but theyv got better thing do than come look you but mayb not itll drive crazi now year youd return fear sometim peopl get away still haunt till day feel theyv gone away na na na na na na
565,twentyf year life still tri get great big hill hope for destin i realiz quickli i knew i should that world made thi brotherhood man for whatev mean and i cri sometim when im lie bed just get out what head and i i feel littl peculiar and i wake morn and i step outsid and i take deep breath i get real high and i scream top lung what go on and i say hey yeah yeaaah hey yeah yea i said hey what go on and i say hey yeah yeaaah hey yeah yea i said hey what go on ooh ooh ooh i tri oh god i tri i tri time institut and i pray oh god i pray i pray everi singl day for revolut and i cri sometim when im lie bed just get out what head and i i feel littl peculiar and i wake morn and i step outsid and i take deep breath i get real high and i scream top lung what go on and i say hey hey hey hey i said hey what go on twentyf year life still tri get great big hill hope destin
588,twentyf year life still tri get great big hill hope for destin i realiz quickli i knew i should that world made thi brotherhood man for whatev mean and i cri sometim when im lie bed just get out what head and i i feel littl peculiar and i wake morn and i step outsid and i take deep breath i get real high and i scream top lung what go on and i say hey yeah yeaaah hey yeah yea i said hey what go on and i say hey yeah yeaaah hey yeah yea i said hey what go on ooh ooh ooh i tri oh god i tri i tri time institut and i pray oh god i pray i pray everi singl day for revolut and i cri sometim when im lie bed just get out what head and i i feel littl peculiar and i wake morn and i step outsid and i take deep breath i get real high and i scream top lung what go on and i say hey hey hey hey i said hey what go on twentyf year life still tri get great big hill hope destin
593,here thing we start friend it cool pretend yeah yeah sinc gone your dedic took time wasnt long til i call mine yeah yeah sinc gone and ever hear say is i pictur you that ever hear say but sinc gone i breath first time im movin on yeah yeah thank you i get i want sinc gone how i put it put on i even fell stupid love song yeah yeah sinc gone how come id never hear say i wanna you guess never felt way but sinc gone i breath first time im movin on yeah yeah thank you i get i get i want sinc gone you chanc blew it out sight mind shut mouth i cant take it again again sinc gone sinc gone i breath first time im movin on yeah yeah thank thank you now i get i get i want i breath first time im movin on yeah yeah thank thank you now i get i get you know you know i get i get i want sinc gone sinc gone sinc gone
669,here thing we start friend it cool pretend yeah yeah sinc gone your dedic took time wasnt long til i call mine yeah yeah sinc gone and ever hear say is i pictur you that ever hear say but sinc gone i breath first time im movin on yeah yeah thank you i get i want sinc gone how i put it put on i even fell stupid love song yeah yeah sinc gone how come id never hear say i wanna you guess never felt way but sinc gone i breath first time im movin on yeah yeah thank you i get i get i want sinc gone you chanc blew it out sight mind shut mouth i cant take it again again sinc gone sinc gone i breath first time im movin on yeah yeah thank thank you now i get i get i want i breath first time im movin on yeah yeah thank thank you now i get i get you know you know i get i get i want sinc gone sinc gone sinc gone
694,if affect spoke louder word make deaf now you make seem easi love i realli am am itd break heart fell apart itd hard let go itd break heart fell apart itd hard watch go so let dwell thing said a piec piec i pick floor off floor it crazi itd make week hear mention name is hard understand you right palm hand itd break heart fell apart itd hard let go itd break heart fell apart itd hard watch go so let dwell thing said a piec piec i pick floor off floor your first foremost alway mind through song ill sing ill give heart so let dwell thing said a piec piec i pick floor so let dwell thing said a piec piec i pick floor so let dwell thing said a piec piec i pick floor off floor so let dwell thing said a piec piec i pick floor off floor
717,hey you yeah you sometim i think woman kinda hot sometim i think woman sometim not put down fool around whi me out satisfact ani piec action that aint way be she need lovin know im man she gotta see pour beer lick ear bring devil me hell aint bad place be spend money drink booz stay everi night but i got thinkin hey minut somethin aint right all disillus confus make wanna cri oh shame you playin game tellin lie dont mind playin demon long me if hell then could say it heavenli hell aint bad place be late night turn light close me open heart tear apart bring devil me hell aint bad place be i said hell aint bad place be hell aint bad place be hell aint bad place be
744,alright hold tight i realli wanna ball tonight bender space defend joy floor ill get tight toe toe black widow fee fi fum smell blood rock n roll drive rockin suicid foot jumpin joy ride joy ride joy ride joy ride rockin suicid brain shake brain shake brain shake i take brain shake brain shake brain shake mean lean rockin machin hip huggin blue jean dream woman worth givin sweet sweet kissin lip runnin round me toe toe black widow fee fi fum smell blood rock n roll drive rockin suicid foot jumpin joy ride joy ride joy ride joy ride rockin suicid brain shake brain shake brain shake readi shake brain shake brain shake brain shake brain shake brain shake brain shake merci sake brain shake brain shake brain shake caus joy ride joy ride joy ride drive rockin suicid brain shake brain shake brain shake brain shake readi shake brain shake brain shake brain shake brain shake brain shake brain shake merci sake brain shake brain shake brain shake i could take brain shake brain shake brain shake cant fake brain shake brain shake brain shake well brain shake brain shake brain shake merci sake brain shake brain shake brain shake brain brain brain shake
780,oh yeah well word fight around here caus nothin matter caus aint clear well could monday or could even sunday so cant stand distanc you better disappear do i make clear im readi rock im gonna rip it readi rock yeah im gonna stick it give give out whip about stick shout loud come on give up give up give up give up yeah well there big storm howlin around here and wine sinnin beer im gonna aim fire rocket there aint damn way stop it i got sure fire bullet to get outta here i said i make clear im readi rock yeah im gonna rip it readi rock yeah im gonna stick it give give out i said whip about you gotta stick shout loud come on give up give up give up give up im go crazi wild man night take pick anyth like give up give up im sit pretti readi bite she givin bit cream delight give up give up give up give up give give out whip about you gotta stick shout loud give around givin up give up give up give givin up whippin in whippin givin up stick up stick up stick em givin up give around give up give up give up give up givin up stickin up givin up givin up give up do i make clear
794,hey you yeah you sometim i think woman kinda hot sometim i think woman sometim not put down fool around whi me out satisfact ani piec action that aint way be she need lovin know im man she gotta see pour beer lick ear bring devil me hell aint bad place be spend money drink booz stay everi night but i got thinkin hey minut somethin aint right all disillus confus make wanna cri oh shame you playin game tellin lie dont mind playin demon long me if hell then could say it heavenli hell aint bad place be late night turn light close me open heart tear apart bring devil me hell aint bad place be i said hell aint bad place be hell aint bad place be hell aint bad place be
805,no merci bad want it no merci bad plead no merci bad need it no merci me tell truth tell lie cross heart hope die never give cant take back scratch like cat inject venom itll last attack no merci bad want it no merci bad plead no merci bad need it venom got heart feel pain take soul leav stain come choos victim take surpris go hard get right eye and inject venom inject venom inject venom inject all stick in stick
808,two face woman two face lie i hope two face livin made satisfi toldl babi im one while ya runnin round town everi mother son two time told woman like you two time told thing do i use think sugar spice i listen ma advic kick teeth again sometim lose sometim win kick teeth again aint miseri ever gonna end and i kick teeth kick teeth again two face woman cryin shame doubl nothin same you run around hope fun you never know who gonna win til race been run kick teeth again sometim lose sometim win kick teeth again aint miseri ever gonna end i kick teeth kick teeth kick teeth again by stevehow
858,idl juvenil street street who kick everyth foot foot fight wrong side law law dont kick fight sleep night it shake leg shake leg shake leg shake yeah keep troubl with eye back face kick as class tell me your damn disgrac they tell think but stink i realli care got mind own move get hair choru shake leg shake head shake leg wake dead shake leg get stuck in shake leg shake leg yeah magazin wet dream dirti woman machin me big lick skin flick trickey dick chemistri go grain tri keep sane you so stop grin drop linen me choru shake leg shake head shake leg wake dead shake leg get stuck in shake leg shake leg yeah idl juvenil street street kick everyth foot foot fight wrong side law law spit bite kick fight
869,come blow mind your time oooh beat chest join like rest oooh shovem back hey hey hey ye hey hey hey yeah seem like run mile hey tri unwind come let blow mind it use aint got time without sound come let get around oh i hear crash come smash grab take can smash grab take it hey hey hey yeah whi come out come run ground your gonna blow mind your gonna pulver onc come late you gotta pick straight it gonna blow mind and live gone smash grab take it take yourself smash grab take it take take take yeah steal money im take i can come let blow mind hey hey hey yeah shoot em right down oooh take can come let blow mind smash grab take it hey hey hey yeah smash grab take yourself smash grab take
878,youv smile late babi youv sing bath youv act like ladi not dirti photograph then tonight came home earli pack bag two it worri honey just gonna do ooh stick around yeah stick around stick around babi stick around well came like hurrican hey about month ago blow like stiff breez alway go all good time babi all stay past all good lay i get never seem last stick around yeah stick around stick around babi stick around come babi sit thi what i late to make wanna go i take danc honey go show spend night romanc night town listen babi youll glad stuck around stick around yeah stick around oh honey stick around yeah stick around stick around around around around around stick around cmon babi stick around let down stick around yeah stick around
997,so pave road provid and line memori in refer dead gone then band symphoni in sweet sound harmoni lay gun disgust for knew armi last so seen enough on cover of havent fun watch tv screen oh yeah so harbor hope fear in hous evergreen cast adrift dont need then rhythm tambourin and drama march scene lay violenc trust for knew much cost so seen enough on cover of havent fun watch tv screen for said done aim run then well come byjobrosjc
