,processed_text
2,these are these day rememb never never sinc i promis will whole world warm thi and feel it youll know true that bless lucki it true you are touch someth that grow bloom you these day rememb when may rush you with desir part miracl you see everi hour youll know true that bless lucki it true touch by someth grow bloom you these day these day might fill with laughter break these day might feel a shaft light make way across face and do youll know meant be see sign know mean youll know meant be hear sign know theyr speak to you
3,a lie say o mountain coal vein bed dig men axe dig me a lie ssay o my river mant fish swim half catch mine haul net in never believ greed blind ray no devil redeem cheat him hell take gold to he lie cold a lie say o mine gave diamond big fist but everi gem pocket jewel miss a lie to say o garden grow taller day he eat the best toss rest away never believ hi greed blind ray no devil redeem cheat him hell take gold he lie cold six deep grave someth reach someth want someth reach he taunt someth reach can beg steal buy oldest pain fear life therel time oldest pain fear life therel time a lie say o forest tree block sun and i cut i answer anyon no no never he believ greed blind ray devil redeem can cheat him hell take gold he lie cold
18,that summer field grew high foxglov stalk ivi wild appl blossom everywher emerald green like none i seen apart dream escap me there girl warm you how ive learn plea doubt need never never know that summer field grow high we made garland crown hide pull stem flower hair blue stream like none i seen apart dream escap me there girl bold you how ive learn plea doubt need never never know youll never know violet seren like none i seen apart dream escap me there girl warm you how ive learn plea doubt need youll never never know youll never know that summer field grow high we wildflow fever we lay grow how ive learn hide ive lock insid surpris shown but never never know
23,a lie say o mountain coal vein bed dig men axe dig me a lie ssay o my river mant fish swim half catch mine haul net in never believ greed blind ray no devil redeem cheat him hell take gold to he lie cold a lie say o mine gave diamond big fist but everi gem pocket jewel miss a lie to say o garden grow taller day he eat the best toss rest away never believ hi greed blind ray no devil redeem cheat him hell take gold he lie cold six deep grave someth reach someth want someth reach he taunt someth reach can beg steal buy oldest pain fear life therel time oldest pain fear life therel time a lie say o forest tree block sun and i cut i answer anyon no no never he believ greed blind ray devil redeem can cheat him hell take gold he lie cold
41,i dream circl i dream circl round and circl i made all world unform unborn yet a volum sphere earth moon revolv around room i dream circl i dream circl round and circl maze terribl spiral lost in blind fear i escap feel but everi turn way seal i dream circl i dream circl round and circl face her eye look upon fond her warmth come near call sweet call dear but i whisper no i cant rest here i dream circl i dream circl round
42,robert bucknatali merchant heaven heaven are see walk dare call walk stumbl stagger fall drag along street heaven where bless tabl feed hunger earth welcom seat one joy serv see walk dare call walk stumbl stagger fall drag along street heaven where halo glow round face wing grow shoulder blade show me these sober sight ive seen citi angel one rude awaken due heaven there would heavenli music i convinc befor a host dearli meet hosanna sung door sober sight ive seen citi angel one rude awaken due heaven in citi fallen angel
47,origin version rem look watch third time wait station bu go place that far far away that enough go nobodi say hello talk anybodi dont know youll wind factori that full time filth nowher left go walk home empti hous sit around yourself i know might sound strang i believ youll come back long dont go back rockvil and wast anoth year at night i drink sleep pretend i care me caus much easier handl all problem im far sea but someth better happen soon or gonna late bring back it though i realli need you if id bleed you but everybodi el town want bring and that ought be i know might sound strang i believ youll come back long
50,i know leav home they follow store toy i cant afford kid take back know better than that doll talk astronaut tv game airplan dont understand i explain i tri tri i cant save penni nickel dollar slip away ive tri tri i cant save my youngest girl bad fever sure all night alcohol cool rub down rubi im tire tri get sleep im ad doctor fee remedi cost three day work lost i tri tri i cant save penni nickel dollar slip away ive tri and tri i cant save the hole pocketbook grow there new wind blow say gonna cold cold one so brace darl bring anyth much way but dust bowl day i play card week game took first last letter three name thi lotteri build week i could lucki five million prize tear disbelief spill out eye i tri tri i cant save penni nickel dollar slip away ive tri tri i cant save the hole pocketbook is grow there new wind blow say gonna cold cold one so brace darl bring anyth much way but dust bowl day
52,we rose garden beauti thorn among leav to pick rose ask hand bleed what reason rose blood shed carelessli it must someth vaniti believ me truth were honest peopl dream were close could be will grow rain shallow barren windscatt seed stone dri land be wait light arisen flood insid prison and time kind word alon teach u bitter reach u reason guid anoth way all time clock anoth demon that devour time eden paradis will eye see well beneath u flower divin is still time if wake discov life preciou love wake becom heavenli
57,time far between i bet look upon live without regret of thing i done think im proud everyon without except till make peac yesterday never build futur i swear i say whatev penanc do decid worth you respect it howev long take weather mistak accept it my hand now tie im bodi frozen im that paralyz when ever set asid pain miseri no matter i beg matter i wish plead never aliv youll never surviv expect it do want build a world live you better soon decid forget it my hand now tie im bodi frozen im that paralyz till drop heavi baggag drag behind room u go ride
66,music natali merchantword natali merchant in dark night giant slumber untouch centuri til awaken white man cri thi eden i find there land chart claim crown hero made length could stay danger land hate hate curio fill head these upper room see curio kill best hero hometown welcom still move on who came build mission unswerv men cloth gave live number untold black sheep enter fold captur like human livestock destin slaveri nake walk shore great ship moor hellbound journi bought sold hate hate curio fill breast strang ecstasi curio kill best rob live digniti still move on call men adventur jungl bush safari come conquer the claw teeth see death eye know aliv european homestead grew coloni civil plan wild hinterland gun god will such hate hate curio spill blood spot skin ivori curio fill head madman lie destini curio spill blood these blot live histori curio fill head these one man claim could see curio still entic madman lust greed their legaci legaci legaci
67,music natali merchantword natali merchant to common sen firm argument i listen voic reason tri chang mind i mind feel word didnt notic im headstrong even i know im wrong take heart head now wast time call truce call draw what use map view orderli form noth confus anger more i mind feel word didnt notic im headstrong your talk deaf stone wall take heart head now old wive tale true ill repeat it all fair love war that famou say goe open eye see i am cast iron i break i bend take heart head now old wive tale true ill repeat it all fair love war that famou say goe if i told sea bottomless boat tri anyth save u tri anyth keep u afloat and live hous afir i believ could rush escap rescu me take heart head now old wive tale true ill repeat it all fair love war that famou say goe listen i think talk you
82,iri dement from debut album infam angel choru everybodi wonder came from everybodi worri bout theyr gonna go when whole thing done nobodi know certain and me i think ill let mysteri be some say gone gone forev some say gonna come back some say rest arm savior sin way lack some say theyr comin back garden bunch carrot littl sweet pea i think ill let mysteri be some say theyr go place call glori and i aint sayin aint fact but ive heard im road purgatori and i like sound that i believ love i live life accordingli but i choos let mysteri be
105,power dizzi stumbl detail chanc u quarrel anger head shaken violent could calm restrain you sake piti save pistol save cynic tongu save cool white stare treat honest face sometim amaz now trust is greatest human error empti use vessel ruthless known subtleti could calm restrain you sake piti save pistol save cynic tongu save cool white stare treat honest face sometim amaz now art well there quit skill tortur half smile could deliv token hard pleasant could calm restrain it sake piti save pistol save cynic tongu save cool white stare treat honest face sometim amaz now
110,that summer field grew high foxglov stalk ivi wild appl blossom everywher emerald green like none i seen apart dream escap me there girl warm you how ive learn plea doubt need never never know that summer field grow high we made garland crown hide pull stem flower hair blue stream like none i seen apart dream escap me there girl bold you how ive learn plea doubt need never never know youll never know violet seren like none i seen apart dream escap me there girl warm you how ive learn plea doubt need youll never never know youll never know that summer field grow high we wildflow fever we lay grow how ive learn hide ive lock insid surpris shown but never never know
119,these are these day rememb never never sinc i promis will whole world warm thi and feel it youll know true that bless lucki it true you are touch someth that grow bloom you these day rememb when may rush you with desir part miracl you see everi hour youll know true that bless lucki it true touch by someth grow bloom you these day these day might fill with laughter break these day might feel a shaft light make way across face and do youll know meant be see sign know mean youll know meant be hear sign know theyr speak to you
127,everybodi wonder what and came from everybodi worri bout where theyr gonna go when whole thing done nobodi know certain so me think ill let mysteri be some say gone gone forev some say theyr gonna come back some say rest arm savior if sin way lack some say theyr comin back garden bunch carrot littl sweet pea think ill let mysteri be some say theyr go place call glori and i aint sayin aint fact but ive heard im road purgatori and i like sound that i believ love i live life accordingli but i choos let mysteri
141,i hear word say me i see way look me i know what mind so stand get back now just stay away i know fear hold insid i know what weigh mind there noth so stand get back up your reach like me but fallen short still follow me you chanc bring down but there noth left so stay away me you cant stand see face to know never take place there noth but stand get back now just stay away i feel hate push me i see thing cant see i know what mind so stand get back up it thing say me it thing i believ you tri bring down so stand get back just stay away
162,i hear word say me i see way look me i know what mind so stand get back now just stay away i know fear hold insid i know what weigh mind there noth so stand get back up your reach like me but fallen short still follow me you chanc bring down but there noth left so stay away me you cant stand see face to know never take place there noth but stand get back now just stay away i feel hate push me i see thing cant see i know what mind so stand get back up it thing say me it thing i believ you tri bring down so stand get back just stay away
197,we pretend world chang we believ deserv much more but deep insid there deni the rise tide reach shore get line set outcom feed rich rob poor tell worth fight when wake up whi cant see there more to life miseri how fli clip wing how drown sound hate when everybodi scream what world done me we close eye kid die we pull shade lock door we complain sit silenc we cheat game keep score get line set outcom feed rich rob poor tell worth fight when wake up whi cant see there life than miseri how fli clip wing how drown sound hate when everybodi scream what world done me whi cant see there life than miseri how fli clip wing how drown sound hate when everybodi scream what world done me
199,there noth say at least cloud still linger and i feel asham ive spent life point finger ill take blame and ill take weight world the past remain the futur still wide open will save miseri my hate kill everyth good me i tri find i belong a love start fade it feel like world end rememb place where found new begin if take blame ill take weight world the past remain the futur still wide open will save miseri my hate kill everyth good me i tri find i i belong will save miseri my hate kill everyth will save miseri my hate kill everyth good me i tri find i i belong will save me will save yeah
200,take chanc will take toll will focu lose control your eye open your path chosen you cant back now youv come fall down and it time stand take best shot you made it just take it thi might lifetim take best shot dont wast it or youll faceless caus lifetim so take best shot second chanc will come all is mind set use self control conscienc speak that tell noth that certain certainli thing worth it so it time stand take best shot you made it just take it thi might lifetim take best shot dont wast it or youll faceless caus lifetim so take best shot take chanc will take toll will focu lose control will make it will make it will make it will make it you made it just take it thi might lifetim take best shot dont wast it or youll faceless caus lifetim take best shot it lifetim take best shot so take best shot
209,i give word sympathi but never end listen to i say your miss out and i wanna one to alway say i told so but i told so hey no i told so you wanna save yourself you wanna wast what left think i could never save from the one becom i wanna wast breath i wanna take what left now pictur get much clearer a broken man insid mirror i feel like im one left insid lone world and there hope me im miss out and i wanna one that alway lose end but im lose it yeah know im lose it you wanna save yourself you wanna wast what left think i could never save from the one becom i wanna wast breath i wanna take what left now pictur get much clearer a broken man insid mirror save yourself save yourself dont leav hopeless again save yourself save yourself dont leav hopeless again you wanna save yourself you wanna wast what left think i could never save from the one becom i wanna wast breath i wanna take what left now pictur get much clearer a broken man insid mirror save yourself save yourself save yourself save
227,we walk alon in unknown we live win anoth victori we young die son we live chang face histori so afraid price pay the easi day yesterday so hear voic choic it time face it we one one one well stand togeth number one number one chosen one we one one well fight forev we one die young we bold unit soul we live win anoth victori our sacr scar show are they tell stori memori dont afraid price pay the easi day yesterday so hear voic choic it time face it we one one one well stand togeth number one number one chosen one we one one well fight forev we one die young we walk alon in unknown we live win anoth victori our sacr scar show are it time face it we one one one well stand togeth number one number one chosen one we one one well fight forev we one die young we one one yeah number one number one die young we one one yeah number one number one die young
228,we walk alon in unknown we live win anoth victori we young dy son we live chang face histori so afraid it price pay the easi day yesterday so hear voic we choic it time face it we one we one we one we stand togeth number one number one the chosen one we one we one we fight forev we one die young we bold unit soul we live win anoth victori our sacr scar show are and tell stori memori dont afraid it price pay the easi day yesterday so hear voic we choic it time face it we one we one we one we stand togeth number one number one the chosen one we one we one we fight forev we one die young we walk alon in unknown we live win anoth victori our sacr scar show are it time face it we one we one we one we stand togeth number one number one the chosen one we one we one we fight forev we one die young we one we one yeah number one number one the chosen one we one we one yeah we one die young
274,i savor everi minut here that me close eye rememb everi breath everi memori through sleep night alon i still feel you across mile away home that ill never get use to everi time go take part me a part you everi time go i feel soul everi everi everi time go use be you arm everi time go you take part me part you everi time go i count day back again back side when apart feel like someth me someth die i hear voic phone and god i miss you still mile away home that ill never get use to everi time go take part me a part you everi time go i feel soul everi everi everi time go use be you arm everytim go you take part me part you oh im heart no matter far apart are when me everywher go everi time go take part me a part you everi time go i feel soul everi time go take part me a part you everi time go i feel soul everi everi everi time go use be you arm everytim go you take part me part you oh everi time go
317,there much work im spent there much pressur i admit i got time move ahead have heard one thing ive said and littl thing life creat haze there mani thing get done im run day and i cant last long i feel current strong it get line it get closer line and littl thing life creat haze there mani thing get done im run day all littl thing life creat haze there mani thing get done im run day will littl thing life creat haze and im run time i cant see haze my friend tell way there mani thing get done im run day
340,save now fallin piec losin soul losin achiev thi world choos other me forget world it wast me choru it ive got togeth im fallin apart im throwin away again i cant seem see tomorrow but i see wast me fallin down breakin bleed blazin machin i cant repeat killin soul someon feed me all mess wast me choru it ive got togeth im fallin apart im throwin away again i cant seem see tomorrow but i see wast me
407,in basement wait statement but station frequenc vacant whi don go outsid in break room wait big boom smoke haze rise big plume everyon dissatisfi the pool dri trial tri but leak still spill don know do the flow won stop pressur still won drop tank overfil forward crawl backward fall ebb flow live within dream wade stream beyond ebb flow up late earn proce all stress out work eye bleed overtim buy thing don need alway go you thirti thirti gotta make end get dirti dirti will ever stop ever end is worthi realiti go loco loco and much way you go postal postal happen time get line and go comatos the mom pop close shop and blame them i don know anyon the kid hide scare go outsid and blame them at time seem unreal we see can feel and one wheel born alon grow old heart stone the light one home
408,thi song start rant hater but thatd give instig if one thing id like pull off when someon step hate i scoff you cant burn x the forc flow everi circuit the juic that spent everytim work it everi life form base simplic the soul electr you cant avoid that evolut fact were luci despit differ see im disbelief peopl believ all along i thought heart shirtsleev if one thing i say piec advic dont believ till see see twice it funni x the forc flow everi circuit the juic that spent everytim work it everi life form base simplic the soul electr you cant avoid that evolut fact were luci despit differ see a call uniti in everi provinc citi what think weve say sinc first start play
421,friday afternoon worri float air we go secret spot one el know get there the word pour like melodi i could believ thing you tell me come closer come closer noth could half compel a me sen tell u go you give quit show we stretch horizont throttl down upon ground alway take slow here go i tast salt skin it realli begin i got messag you send go again til we spent i hear somebodi come mayb year went by could two lifetim but i know it build
468,sit bedroom window look slideshow sunday it monday well would i know i look old window year later monday think someth would come thing bout time give old stuff i stuck on just say went wrong move along sayonara till tomorrow it goe sometim you gotta keep climb hill cuz think you make will go swim quick like fish everi wish fulfil strike start parad cut weed keep sling blade when fire warn shot you spot made shade stand side street station feel like one way low fli solo till delay easi blame procrastin alway hope somehow nonsens time make sen stuck circl face sunshin never look mine peopl walk keep eye low sayonara till tomorrow that goe sometim
568,what ya gonna child when thought movin slow find anoth show go youll searchin train and see train what ya gonna child when mommi goe away she take you shell leav astray youll searchin train and see train and see yourself searchin somebodi el but know sure train what gonna child when leav behind find anoth blow mind youll searchin train and see train and see searchin somebodi el but know sure train
587,what ya gonna child when thought movin slow find anoth show go youll searchin train and see train what ya gonna child when mommi goe away she take you shell leav astray youll searchin train and see train and see yourself searchin somebodi el but know sure train what gonna child when leav behind find anoth blow mind youll searchin train and see train and see searchin somebodi el but know sure train
636,let think back brought u here thi grasp real dont tell i feel with that pas i cant relat with day day everyth seem far away me there turn back here ive got get away everyon who left everyon who left ill tell saddest stori of made past year past year past year ill tell saddest stori of made past year past year past year they said wed walk away youll never make cant speak yourself said wed fade away weve path befor your trap town and wear down when leav today mayb understand thi constant struggl alway palm hand there turn back here ive got get away everyon who left everyon who left ill tell saddest stori of made past year past year past year ill tell saddest stori of made past year past year past year they said wed walk away youll never make cant speak yourself said wed fade away thi man stand test time thi man stand test time thi man stand test time thi man stand test time ill tell saddest stori of made past year past year past year ill tell saddest stori of made past year past year past year they said wed walk away youll never make cant speak yourself said wed fade away
676,your you fast track earli grave just need see through do even sleep night where conscienc run hide i gotta get out i gotta get out whi cant what right me i gotta get out i gotta get out it cant get much harder harder breath the room keep spin faster im drift sleep hope seen beyond wall suffoc me whi cant see three littl word done me i never knew i alon turn back broke home took long find answer reason whi i want thing alright least tonight how live lie you never could face me and hide behind fake person becaus deep scare so weak beyond compar i gotta get out i gotta get out whi cant go separ way i gotta get out i gotta get out it much farther im count day the room keep spin faster im drift sleep hope seen beyond wall suffoc me whi cant see three littl word done me i never knew i alon turn back broke home took long find answer reason whi i want thing alright least tonight my friend still stand behind me we stuck togeth lost even worst surround me never get best u whi cant see three littl word done me i never knew i alon turn back broke home took long find answer reason whi i want thing alright least tonight all hail thief forev tri separ me no fuck respect
688,watch say stand your run circl i know think word empti of heavenli host thi make sen record gold what unit soul your wast time theyr wast away youll never never save me youv drop everi line mean thing youll never never save me you live life saddest way ive ever seen you reason i believ im deni worth thing unseen and part next big thing im die show are you nothin
689,whi walk on water when weve got boat watch say stand your run circl i know think word empti of heavenli host thi make sen record gold what unit soul your wast time theyr wast away youll never never save me youv drop everi line mean thing youll never never save me you live life saddest way ive ever seen you reason i believ im deni worth thing unseen part next big thing im die show are you noth
789,he count mont cristo could quak day mayb somebodi siam begin era new rage keep lickin honey chewin fat rake instead send lion they cover prais all hail caesar hail hail down epicent thing start heatin up rockin richter scale swingin chariot around around go the senat rehears tale star coliseum tie upon rack up come thumb caesar to stab back all hail caesar hail hail down epicent thing start heatin up rockin richter scale swingin chariot around around go the senat rehears tale watch caesar x i said hail hail hail all hail caesar hail hail by rustu pai
828,wrong track wrong line first train run time bad blood bad news long rope got noth lose mad bull see red come me happi im dead jump fenc get away aint got like game play what gonna do everybodi tri find guilti make wanna tow line save by save nick time i save nick time slow plane hard rain cold sweat i feel strain look down ground black sky engin sound bail out goodby take chanc i wanna die count ten pray the nick time save day what gonna do everybodi love hero honey live danger line save by save nick time i save nick time lose sleep get grief some day get relief quick punch close eye you knew wonder whi lynch mob tail think search holi grail leav town get away i figur anyway no i today everybodi tri find guilti make wanna tow line save by save nick time i save nick time
898,push foot floor dont need more youv peekin around while theyr messin about better get name come in gimm thing feed war war machin make stand show hand call high command dont think obey im like bird prey so better get name come in gimm thing feed war war machin better watch back n cover track kick foot door hit deck know score they take surpris and here mud eye thi day forget call wild hungri more and feed your war machin let go ive seen war war machin
962,i cant find ya in smoke night burn a choke fire fire all around fire fire hit ground get floor soul breath get floor soul see fight heat crawl me fire fire erupt fire fire blow up get floor on knee get floor till bleed crawl throught fire rescu inspir crawl make throught save me save you i cant find ya in smoke the night burn a choke fire fire erupt fire fire blow up get floor on knee get floor till bleed fight heat crawl yeah crawl throught fire rescu inspir crawl make throught save me save whoa whoa fight heat crawl yeah yeah yeah yeah crawl throught fire rescu inspir crawl make throught save me save
990,bang out bottom up break down roll up paint on pack in lace up let begin raze day grab toy leav past girl boy turn on tune in drop out if see it if feel it if want it if need it youv got live life live life youv got live life live life world class vip velvet rope luxuri jet set vega light new york london pari night so lap up suck in skin skin turn on tune in drop out if see it if feel it if want it if need it youv got live life live life youv go live life live life byjobrosjc
998,varieti spice it clear but noth free can hear the branch fall tree smother sound of silenc ran breath listen audienc and power death they cant hear more becaus theyr deaf they cant hear more becaus theyr dead mp kill record compani x smother sound of silenc ran breath listen audienc and power death varieti spice it clear but noth free can hear the branch fall tree they cant hear more becaus theyr deaf they cant hear more becaus theyr dead mp kill record compani x mp kill record compani x mp kill the mp kill record compani x
