,processed_text
39,if lust hate candi blood love tast sweet give em want hey hey give em want so eye grow hazi co wanna turn on mind soft lazi well hey give em want if lust hate candi blood love tast sweet give em want so eye grow hazi co wanna turn on mind soft lazi well wanna blame hey hey give em want if lust hate candi blood love tast sweet give em want so eye grow hazi co wanna turn on mind soft lazi well wanna blame
45,choru did ever see dalla dc night dalla jewel yeah dalla beauti sight dalla jungl but dalla give beauti light did ever see dalla dc night now dalla woman walk your down but she kind wanna take around now dalla aint woman help get foot ground and dalla woman walk your down oh i came dalla bright light mind i came dalla dollar dime dalla rich man death wish eye a steel concret soul warmheart love disguis a rich man tend believ lie i say dalla rich man death wish ye oh i came dalla bright light mind i came dalla dollar dime choru
46,there woman hold rosari on day manolett die teenag girl soft white dress stand silent peac respect group boy held hand the fragment shatter idol the old men tradit challeng refrain tear neck neck hook pole wood the picador stood eye ablaz to view brutal contest in vale of year courag unfail agil exhaust youth enter challeng reach titl shelv patron attend to disarm common myth homag play victor immort cloak bold tone in stockyard beast did climb barrier bid frenzi ring bred one purpos to die man sport dash hi spindl an instant fell wound on day sword penetr on day torch ignit on day flower wreath encircl the day on day
76,lyricsmus mimi farintildea in quiet morn much despair hour follow one could repair that poor girl toss tide misfortun bare tell tale roll sea disast roll mainlin rail she walk tight side im sure walk you her stride step could deni torment child knew that quiet morn would despair hour follow one could repair that poor girl cri song loud heard whole world round a symphoni violenc the great southwest unbound in quiet morn much despair hour follow one could repair that poor girl toss tide misfortun bare tell tale roll sea disast roll mainlin rail
104,a woman beauti a woman pain in franc jakarta her shadow same choru you go home salli ann you go home salli ann you go home a woman kind with bracelet jade in china japan her choic made choru a woman chanc no famili friend in argentina she know men choru a woman color debt paid in trenton detroit she live blade
180,game play i wont take blame i gave trust you spit call name im take back what left these selfish thing say and wast anoth day with game play all game play an im scare way you take confid away with game play all selfish game play im alon again sure feel good home a walk away i know feel pain im take back what left these selfish thing say and wast anoth day with game play all game play an im scare way you take confid away with game play all selfish game play i know whi and know how i let control inner self a cold are im count scar that prove read are and know whi and know how im better without the selfish thing say and wast anoth day with game play all game play an im scare way you take confid away with game play all selfish game play
315,there one take all there one take fall one never end there one stand again there one live pain there one shame one tell lie one make alibi round round round round go where were gonna stop nobodi know there one make rule there one play fool one jealou hand there one friend there one win fight there one sleep night there one stand tall fall round round round round go where were gonna stop nobodi know someth wrong i feel soul round round round round go just find way find way out to find way find way out to find way find way me just find way find way out to find way find way out to find way find way me round round round round go to find way find way where were gonna stop nobodi know just find way find way someth wrong i feel soul to find way find way round round round round go to find way find way me round round round round go round round round round go where were gonna stop nobodi know where were gonna stop nobodi know someth wrong i feel soul someth wrong i feel soul round round round round go round round round round go just find way find way out to find way find way out to find way find way me mandinhacolar
503,so ya kick shin took one chin sometim lose win just smile meanwhil at bottom pile third mile buckl tri again keep pushin keep pushin and never never stop i feel someth gonna go down don say i didn warn ya look like we head showdown gonna get yeah champion soon name king domain all pain gain worth fortun fame now my oh stake high win say goodby now come game keep pushin keep pushin and never never stop i feel someth gonna go down don say i didn warn ya look like we head showdown gonna get yeah play game like neighborhood side street anywher want i don care meet school yard front yard back yard town park i don think bite i hear bark to bodi one shot wreck ball can stop in lane yeah got game play pain that came when it laid line i can settl le than everyth mine
508,i club mind tea i saw fine young thing i thought i would see i smoke i ask cigarett i know lame i got better one yet you guess rest im type fes i sing song i tell best that slinki girl brain now ill never same no one ever see what slinki girl mean me so ill pretend but i feel like mackadoci sweet precoci she one girl i dig love ye im thi you think that wack bro lack you bore macho crap make snore see me im femal woman jewel world those flower like slinki girl that slinki girl brain now ill never same no one ever see what slinki girl mean me so ill pretend but i feel like well i met one night id seen befor she stole brain show door girl like there mani but ive met one that plenti im glad say get way she move that okay ha power turn paper inki the girl so that slinki girl brain now ill never same no one ever see what slinki girl mean me that slinki girl brain now ill never same no one ever see what slinki girl mean me
697,ahhahhahhahhahhahh x ahhahhahhahhahhahh thunder x thunder x i caught in middl railroad track thunder i look round and i knew turn back thunder my mind race and i thought could i do thunder and i knew there help help thunder sound drum beatin heart the thunder gun tore apart youv thunderstruck went highway broke limit hit town went texa yeah texa and fun we met girl some dancer gave good time broke rule play fool yeah yeah they they blew mind now shakin knee could i come plea yeah ladi kind youv thunderstruck thunderstruck yeah yeah yeah thunderstruck oh thunderstruck yeah now were shake knee could i come plea thunderstruck thunderstruck yeah yeah yeah thunderstruck thunderstruck yeah yeah yeah said yeah alright were fine yeah alright were fine so fine thunderstruck yeah yeah yeah thunderstruck thunderstruck thunderstruck whoa babi thunder thunderstruck youv thunderstruck thunderstruck thunderstruck thunderstruck youv thunderstruck
701,all woman want man street but know way wanna turn just keep come put hand me caus im one who gonna make burn im gonna take down oh down down down so fool around im gonna pull it pull it pull trigger shoot thrill play kill too mani woman mani pill yeah shoot thrill play kill i got gun readi gonna fire will yeah im like evil i get skin just like bomb that readi blow caus im illeg i got everyth that woman might need know im gonna take down yeah down down down so fool around im gonna pull it pull it pull trigger shoot thrill play kill too mani woman mani pill shoot thrill play kill i got gun readi gonna fire will caus i shoot thrill im readi kill i cant get enough i cant get fill i shoot thrill play kill yeah pull trigger pull it pull it pull it pull trigger oh shoot thrill play kill too mani woman mani pill i said shoot thrill play kill i got gun readi gonna fire will caus i shoot thrill im readi kill and i cant get enough i cant get thrill caus i shoot thrill play again yeah shoot down yeah im gonna get bottom shoot you im gonna shoot you oh hoo yeah yeah yeah im gonna shoot yeah yeah im gonna get down yeah yeah yeah yeah shoot you shoot you shoot you shoot down shoot you shoot you shoot down oh oh oh oh oh oh ooooooh im gonna shoot thrill play kill shoot thrill
715,three compani come on last stand down last dime i aint got sen leav the dealer cut fine last draw back wall depend money is is im gonna fall ace high hide poker eye i want laugh much when i pick prize ladi luck stand side ill leav i brought in and i get life i get life choru i go go go go two up two up give head give tail give doubl come doubl rail give two up i want alright high up when look down then see two anim just fool around stray dog gonna take in i know name are but gonna break in all day it difficult say who whom who play i love the way slide slip love way girl work out and make partnership make partnership choru gotta give doubl quit two up two up like partnership like way slip there aint noth like two up that way is two up it i want hear give head give tail give doubl come rail two up locomot two up drivin wild give high give low give twice satisfact twice pot gold and two up it gonna two up were gonna two up two up two up two up there aint nothin like two up marco a tancon
721,get readi you think kinda tough your walkin kinda rough when want more you go fast wo wo wo thing go tough and strut stuff and i want thing then luck ye are it screw up all screw up it screw up all screw up take kick butt work screw nut and cant take more then push door and thing go hard like dog gone mad she pack punch then lunch back one it screw up all screw up it screw up all screw up it screw up it screw up cant tell im comin all screw up yeah i said screw up all screw up yeah said screw up all screw up it screw up ye is all screw up it screw up all screw up screw up it screw up it screw up said think got ball but alway lunch it screw up it screw up it screw up ye is all screw up it screw up yeah
722,do wanna boogi do wanna blow she said i i i do do want love me do wanna blow she said i i i do she said alright tonight alright tonight she said alright tonight alright tonight she said alright tonight alright tonight do wanna parti do wanna she said i i i do wanna know level she said i i i do she said alright tonight alright tonight she said alright tonight alright tonight alright tonight alright tonight alright tonight tonight tonight do wanna journey do wanna show she said i i i do dont want keep come wanna keep up she said i i i do she said alright tonight alright tonight she said alright tonight alright tonight alright tonight alright tonight alright tonight tonight onli wanna tonight babi im alright tonight
730,old man car saturday night got woman make feel alright rock roll drivein show gonna sit back passion row turn soundtrack turn light a chanc wont chanc might aint woman world i know aint knicker automobil floor what sound someth go down look what go round back seat confidenti said buy rubber cigarett stand dy get i get in do best make good connect she say gonna bout protect alright mama gotta listen me last chanc thrill half past three huggin kissin would real nice everi man got price what sound someth go down in passion row back seat confidenti old man car saturday night got woman make feel alright rock roll drivein show gonna sit back passion row turn soundtrack turn light a chanc wont there chanc might aint woman world i know aint knicker back seat floor what sound someth go down in passion row back seat confidenti
733,breakin ball bangin wall work hard tough i want rough unpack bag take drag when bang nine im dead time open door and lay upon floor she open overcoat livin dream rippin jean you ballbreak ballbreak ballbreak engin roll time go a razorback hog attack im buildin steam for whippin cream she like fat smokin stack hangin leg she threw bed her hand went throat a i began choke she said honey shoot load honey shoot load you ballbreak ballbreak ballbreak yeah wreckin ball let roll you ballbreak buildin steam whippin cream you ballbreak hangin leg she threw bed her hand went throat a i began choke honey shoot load you ballbreak you ballbreak ballbreak ballbreak ballbreak ballbreak ballbreak ballbreak
734,hey vers let get parti start and let trick let get joint ajumpin the boy need kick were gonna shock nation make em flip lid get oh bring lotta bottl join clip prechoru i said ride ride ride night ride itll blow mind choru baptism fire dont let roll tire baptism fire you stir fire rewindin play hand come make stand vers feelin clap thunder or feel lightn spike get fire it ladi fortun night prechoru ride ride ride night ride itll blow mind choru baptism fire now let roll tire baptism fire your burnin wire baptism fire shootin high shootin higher play hand come play hand and let show ya how come make stand instrument break itll blow mind baptism fire sweet sweet desir baptism fire your gonna burn wire baptism fire shootin high shootin higher
736,the blood vein wa run right brain there cop gun who run around insan three fifti arrest no bullet proof vest now aint shame we want play play crowd no said wanker your way out bedlam belgium bedlam belgium the place jumpin and booz go down there curfew town youv work overtim we play pay so wed like stay stay same he gave crack in back gun i bled bad i could feel blood run bedlam belgium it bedlam belgium bedlam belgium came good time left run bedlam belgium who blame shame bedlam belgium it bedlam you gonna run out stage stage cop enrag cri more it war war war bedlam belgium it bedlam belgium bedlam belgium came good time left run bedlam belgium it bedlam belgium there bedlam belgium it bedlam and law got drop
738,riot radio pictur tv invad man take can shootout silver screen stick em knock em down live fantasi there bad man cruis around in big black limousin dont let wrong dont let right get way your dead sight choru big gun big gun number one big gun big gun kick hell you termin uzi maker shootin hollywood snake aliv fourti five set good if aint wise theyll cannibalis tear flesh you classifi ladi killer prayin human zoo they saddl up and take town better look out when come around choru show down big gun got hot one big gun got number one big gun load cock big gun hot hot hot got big gun readi not big gun give it give shot termin uzi maker regul gonna get later big gun kick hell
745,black sheep renegad hot feel cool shade street shuffl tough childhood examin done good tall bar hotwir car speed veem cheap cigar no rebellion today i get kick way right ok just keep break rule come on get readi rule top break neighborhood a hard case who good live like trash societi rash readi brain readi gash a bad deal real rough ride your time side no rebellion today i get kick way right ok just keep break rule come on get readi rule top break they got regul tie regul shoe those regul fool with regul rule just keep break rule come on get readi rule get readi readi rule oh take tie regul shoe your noth bunch regul fool and got regul rule im go thing way everi day everi way
748,i met girl first time saturday night stand queue odeon alright then i took surpris when i threw one line she start smile real fine that i sayayayayayayay can i sit next you girl at intermiss alright until guy came stood side then took me surpris when he threw one line she start smile real fine that sayayayayayayay can i sit next you girl
752,runnin round wrong crowd goin last stand playin hard an loud bad card bad hand wanna danc wanna sing whip lickin thing tonight im gonna kick up out drivin big truck an mayb ill get beat up caught pant down line roll call goin big bang gettin caught shootout take hard like big man woman workin hot givin everyth got just like never gonna stop tonight im gonna kick up out drivin big truck an mayb ill get beat up caught pant down she take em down she rip stockin place start rockin down down she woman mission stick face caught pant down down down caught pant
776,go town just you gonna parti just like use do nobodi play manilow nobodi play soul and one play hard get just good old rock n roll get hot get hot come babi get hot get hot get hot alright move motorway got whole lotta booz got sweet littl mother whose got noth lose gonna bend like g string enough light fire conduct like choir so get bodi right place well set world fire
777,go town just you gonna parti just like use do nobodi play manilow nobodi play soul and one play hard get just good old rock n roll choru get hot get hot come babi get hot get hot get hot alright move motorway got whole lotta booz got sweet littl mother whose got noth lose gonna bend like g string enough light fire so get bodi right place well set world fire choru
783,a young m young b johnson want relax need get r n r that rest recreat dont need vacat go far i got better thing money dont need privat eye forget fbi co beaver sing let im closin in to go zone readi fli in go zone standin high in go zone block in go zone readi rock down down down down down go zone gotta candi gotta sugar sweet i wanna give treat givin direct use foot were street babi you gotta travel south south hungri mouth an find friend bitter end to go zone readi fli in go zone standin high in go zone block in go zone readi rock down down down down down go zone what gonna find there aint red light stop you get ticket to go zone readi fli in go zone standin high in go zone block in go zone readi rock in go zone readi fli in go zone standin high in go zone block in go zone readi rock down down down down down down down down in go zone
788,the word out that im about and ive come gun you im real entertain a mischief maker a lover fix abod quick draw floor no law give more sweet talker lover sin you got you get want look woman i got gun hire shoot desir the gun hire shoot desir im want poster a need man run right across land im smooth oper a big dictat gonna mark brand my gun hire shoot desir got gun hire shoot desir quick draw floor big shot hot trot big shot take lot never get drop me im real entertain mischief maker lover seven languag choru my gun hire shoot desir thi gun hire shoot desir shoot desir shoot desir a gun hire shoot desir what get shot you cant get drop me girl
792,whiskey gin brandi with glass im pretti handi im tryin walk straight line on sour mash cheap wine so join drink boy we gonna make big nois so worri bout tomorrow take today forget chequ well get hell pay have drink me yeah drink me yeah drink me have drink me cmon im dizzi drunk fightin on tequila white lightnin ye glass get shorter on whiskey ice water yeah cmon good time and get blind outta mind so worri bout tomorrow take today forget chequ well get hell pay have drink me yeah drink me yeah drink me have drink me get stone have drink me have drink me have drink me cmon gonna roll around gonna hit ground take anoth swing have anoth drink gonna drink dri gonna get high cmon boy make nois have drink have drink me have drink have drink me have drink have drink me have drink me have drink me have drink on
800,honey roll over and lettuc top strap bed and make rock run flag send home push wall and make moan she mine take i want get i need dont take all so hide gonna blow mind cmon tast honey caus feel fine she turn on upsid down turn on insid out turn on around turn on turn on honey bend over touch toe she take over the bomb explod a rockin roller coaster flyin top take high dive off long drop she mine take i want get i need dont take all dont hide gonna blow mind cmon tast honey caus feel fine she turn on upsid down she turn on insid out she turn on around she turn on turn
810,i want hear there thi bad boy thi stori satan rock n roll i want put hand pocket take ten dollar send me ha ha your man main man hallelujah amen listen babi im gonna say again when momma done school son round there daddi take no no no send bullet affair thi boy lost it live nightmar it aint fair choru that boy know lose he win he got lot call last shot shaker he breaker he maker he landslid landslid walk talk rock landslid now momma aint toy and never ever get share daddi expect son room air thi boy lost it rock doubl dare he stare choru landslid landslid landslid landslid preacher done say prayer take promis land momma love gonna give hell never gonna get down thi boy lost like river follow cours but he bos choru landslid walk talk rock landslid landslid landslid that man one man landslid landslid landslid landslid that man one man landslid that boy walk talk rock landslid he gone
822,i look watch find right time day i look libido hey hey hey i gotta get climb her roll hay makin sweat temperatur rise day man it get hot hot hot i said man it get hot hot hot it get hotter hotter man it get hot hot get hot around here it meltdown it meltdown i got feelin bone i rackin brain night long stokin fire take right wire burnin burnin on man it get hot hot hot i said man it get hot hot hot it get hotter hotter man it get hot hot get hot around here it meltdown it meltdown it meltdown it meltdown meltdown man it get hot hot hot i said man it get hot hot hot it get hotter hotter and hotter hotter it meltdown it meltdown it meltdown it meltdown it meltdown gonna burn it meltdown i said burn down it meltdown meltdown meltdown it meltdown meltdown
832,listen pick up fill cup pour anoth round come man mix sin come join crowd i said parti time when im loo make feel alright listen drink around im mood becaus night mine let play ball shoot wall let play ball babi and never stall play play play ball listen sid light up im love im region now dive swim gin come shout loud let play ball shoot wall let play ball and stall play play play ball let play ball shoot wall let play ball and never stall let play ball let play ball let play ball play play play ball
833,highbal woman hot touch leg talkin spellin lust see sugar daddi sweet tooth smile see what hangin like wantn child that find stand proud choru play girl gonna get hot play gun gonna get shot play fire gonna heat up play gonna get lot bring showgirl debutant latenight waitress restaur headin club bar flashin light lookin goodtim girl black nylon tight over barrel bottomsup repeat choru oooh river run dri yeah play fire oooh wild sweet child play girl play girl i like tall girl ill take em small i want em front i like em all i wanna see em strut stuff lose social grace you play card right deal ace that find stand proud play girl ooh want woman world
849,they say play loud well babi that tough they say got much cant get enough they tell look fool and babi im fool you they say mind diseas shake stuff choru and rock n roll damnat ma whippin boy rock n roll damnat take chanc still got choic you say want respect honey what for everyth done me thank lot get bend knee you could set mind ea my temperatur run hot ive wait night bite got choru damnat theyr puttin down damnat town damnat caus way outta reach livin street gotta practic you preach choru damnat left happi home damnat live own damnat want live sin damnat rock n roll damnat bundl joy damnat toy boy damnat got dollar eye damnat chasin pie sky damnat rock n roll damnat
851,i met carolin round sixtynin well came said hi honey howd like come along choru caus were gonna parti yeah rock n roll parti well were gonna parti and i knew we rockin parlour rockin parlour well next time i saw roll wa way mexico she said ive got booz around place so come along fun choru
852,well one mad shuffl he say two woman troubl sweat duel im hum right you i said even rate comin night you know come along you you gotta run away hide two two well i said im comin right you she rockin way she comin way she goin way she comin play she sexi boot tear news shoot back drive mad come hear out and take advic she stop until sight she rockin way she comin way she goin way she comin today she rockin way she comin play she goin way yeah yeah yeah yeah way she rockin way she comin way she goin way she comin play one man shuffl two woman troubl gonna kick ya right track ya gotta push it lug it thrust it she gonna make it pay way she comin way she rockin way romulo belluomini
853,i like em big i like em small and i take oath i would take all give ruff stuff it i want she saint sinner she rave rave rave she woman winner in everi way way way she want love nor cabaret that out she like play around that suit fine i like better read mind you know want woman ball chain dont want play game choru just give ruff stuff i want ruff stuff babi give ruff stuff you want ruff stuff dont want face around here make shake make shiver make pray pray pray gonna make quak make quiver and turn grey grey grey i need brake they slow much they keep touch they lock in i like better i pull pin you know want woman ball chain dont want play game choru i like big i like small and ask take oath i would take all give ruff stuff i want ruff stuff babi give ruff stuff babi wanna ruff stuff ruff stuff babi babi give ruff stuff takin ruff stuff i want that dont want face round here dont want face round here i want face round backyard
859,you gotta see leanin bar i got head whiskey jar jug feelin good co citi aliv im gettin readi rock jive i get i slide across floor you wanna come ill meet door no one stop u co were feelin right were gonna steal way around tonight alright alright choru aye aye oh shake foundat aye aye oh shake floor aye aye oh shake foundat aye aye oh shake it i takin liberti she gettin hotter heat me i oilin slick lickin sweat favorit trick she cri help me help me plea tame anim help breath i said no way you gotta come way ok ill play repeat choru solo repeat choru we night time she sugar i wine took hand shook core told touch come back more you know for aye aye aye aye repeat choru
862,all woman want man street but know way wanna turn just keep come put hand me caus im one who gonna make burn im gonna take down oh down down down so fool around im gonna pull it pull it pull trigger shoot thrill play kill too mani woman mani pill yeah shoot thrill play kill i got gun readi gonna fire will yeah im like evil i get skin just like bomb that readi blow caus im illeg i got everyth that woman might need know im gonna take down yeah down down down so fool around im gonna pull it pull it pull trigger shoot thrill play kill too mani woman mani pill shoot thrill play kill i got gun readi gonna fire will caus i shoot thrill im readi kill i cant get enough i cant get fill i shoot thrill play kill yeah pull trigger pull it pull it pull it pull trigger oh shoot thrill play kill too mani woman mani pill i said shoot thrill play kill i got gun readi gonna fire will caus i shoot thrill im readi kill and i cant get enough i cant get thrill caus i shoot thrill play again yeah shoot down yeah im gonna get bottom shoot you im gonna shoot you oh hoo yeah yeah yeah im gonna shoot yeah yeah im gonna get down yeah yeah yeah yeah shoot you shoot you shoot you shoot down shoot you shoot you shoot down oh oh oh oh oh oh ooooooh im gonna shoot thrill play kill shoot thrill
865,you learn sing you learn play whi businessmen ever learn pay that show busi show busi show busi show busi show busi that way goe you play hall play bar your climbin wall chasin star that show busi show busi show busi show busi show busi that way goe you pay man you pay due when gone ooh you sing blue show busi show busi show busi show busi show busi that way goe you wanna roll you wanna rock you find hard if guitar hock that show busi show busi show busi show busi show busi that way goe your smoke butt they smoke cigar your drown debt they drown bar that show busi show busi show busi show busi show busi that way goe you pull chick take home no use man your worn bone that show busi show busi show busi show busi show busi that way goe that show busi show busi that show busi show busi show busi that way goe know i mean
867,put gear fire lay bullet ground turn head desir there woman go down she said shell rough up way and gonna spit out count day she say choic your casual so come natur choru sink pink fashion drink drink oldfashion gimm water gimm wine gonna show good time sink pink sink pink got fever runnin high give wing make fli she school like fool she make break rule she wanna get shot hit spot then im gonna rack em up get hot she said make good satisfi you know woman got dalla jealou eye repeat choru solo repeat choru
872,hero hard find dont make news til theyr doin time schemer turn screw they get word drop you lay law black night run score oooh price right dealer look round wheel turn round come round you choru some sin gold some sin shame some sin cash some sin gain some sin wine some sin pain but i aint gonna fool who gonna sin noth nothin all nero evil mind he born way time lead em below you got right away go you gotta lay rule push price turn heat put ice dealer look round wheel turn round come round you choru give me aint gonna that choru aint gonna sin noth you get noth noth aint gonna sin noth that make sen no
873,well i met garden underneath old appl tree sit hand flower look cool be we talk away coupl hour then laid hand lap oh i thought i got dream i know i fell trap then made say thing i want say then made play game i want play she soul stripper yeah she took heart she soul stripper ooh and tore apart she start move nice easi slowli get near spine kill last littl feel ooh everyon could find and hollow nake yeah that put down pull knife flash me stuck turn around then made say thing i want say know then made play game i want play she soul stripper yeah ooh took heart ooh soul stripper tore apart soul stripper soul stripper your soul stripper soul stripper soul stripper soul stripper took heart and tore apart aah soul stripper soul stripper soul stripper
877,put headset get stage out midnight escapad didnt want steal thunder wouldnt want play game makin headlin gettin front page didnt even know number i even know name choru stand up stand take it stand up stand make it stand up stand face it stand up get red dress slip lace up high heel pretti face woman wanna get under woman wanna get tame lovin hot night stokin flame didnt wanna know number i wanna know name choru you make it
881,make eye go round see danc light gonna fall she kind bet it know roll got crowd right across town cross attent and got more sweet candi sweet candi back beat sweet candi sweet candi back beat i like candi she speak tonight sellin u town she climb window upon you know gonna do you gonna give attent sweet candi sweet candi back beat sweet candi sweet candi back beat i said i like candi back beat sweet candi back beat sweet candi back beat said i like candi sweet sweet candi sweet sweet candi sweet sweet candi sweet sweet candi
889,rock roll well boy are fun gonna put show come on let go there gonna rockin there gonna rockin there gonna rockin show tonight everi night there rock n roll queen gonna quiver quak gonna shake thing gonna rockin there gonna rockin there gonna rockin there gonna rockin show tonight it rock n roll show we got big fat sound wanna share round got big bass drum gonna fun gonna rockin there gonna rockin there gonna rockin show tonight cmon there gonna rockin there gonna rockin there gonna rockin there gonna rockin there gonna rockin show tonight there gonna rockin hey there gonna rockin there gonna rockin gonna rockin there gonna rockin there gonna rockin show tonight hey there gonna rockin show tonight oh there gonna rockin show tonight
892,ahhahhahhahhahhahh x ahhahhahhahhahhahh thunder x thunder x i caught in middl railroad track thunder i look round and i knew turn back thunder my mind race and i thought could i do thunder and i knew there help help thunder sound drum beatin heart the thunder gun tore apart youv thunderstruck went highway broke limit hit town went texa yeah texa and fun we met girl some dancer gave good time broke rule play fool yeah yeah they they blew mind now shakin knee could i come plea yeah ladi kind youv thunderstruck thunderstruck yeah yeah yeah thunderstruck oh thunderstruck yeah now were shake knee could i come plea thunderstruck thunderstruck yeah yeah yeah thunderstruck thunderstruck yeah yeah yeah said yeah alright were fine yeah alright were fine so fine thunderstruck yeah yeah yeah thunderstruck thunderstruck thunderstruck whoa babi thunder thunderstruck youv thunderstruck thunderstruck thunderstruck thunderstruck youv thunderstruck
893,it one night turn light and everyth come view she take time i loo mind there noth do it first last she knew make love i satisfi deep insid like hand velvet glove seem like touch touch much seem like touch touch much too much bodi much brain thi damn woman gonna drive insan she touch touch much she face angel smile sin the bodi venu arm dealin danger strokin skin like thunder lighten storm it first last it care she want hard want fast she like done medium rare seem like touch touch much seem like touch touch much too much bodi much brain thi damn woman gonna drive insan she touch touch much touch me seem like touch touch much you know much much much much i realli wanna feel ya touch much girl know givin much much seem like touch touch much just dirti littl touch much much i realli need touch touch much caus much much much much seem like touch a touch muchx give touch a touch much babi got touch a touch much seem like touch a touch muchx touch come touch me yeah ah
894,three compani come on last stand down last dime i aint got sen leav the dealer cut fine last draw back wall depend money is is im gonna fall ace high hide poker eye i want laugh much when i pick prize ladi luck stand side ill leav i brought in and i get life i get life choru i go go go go two up two up give head give tail give doubl come doubl rail give two up i want alright high up when look down then see two anim just fool around stray dog gonna take in i know name are but gonna break in all day it difficult say who whom who play i love the way slide slip love way girl work out and make partnership make partnership choru gotta give doubl quit two up two up like partnership like way slip there aint noth like two up that way is two up it i want hear give head give tail give doubl come rail two up locomot two up drivin wild give high give low give twice satisfact twice pot gold and two up it gonna two up were gonna two up two up two up two up there aint nothin like two up marco a tancon
895,intro choru e b g d a e pick gsting use finger b e string e b g d a e repeat rythem guitar e b g dx ax ex e b g d a e e b g d a e riff pm e b g d a e e b g d a e pre choru e b g d a e bit befor solo mute e b g d a e solo eb bb gx dxx a e rhythem f x g x f x g x then rythem play bit ebb bb gx dx a e ebrbbb b g d a e tap t t t t t e b g d a e pm ebbbbbb bbb g d a e end bit fade in free time e b g d a e
901,she danger aint stranger you give rock n roll around town just foolin around she gonna break ya wanna make ya gonna make it wanna take down she gonna rock n roll n slide down wheel spinnin around brain drive insan wheel roll round head go red she wanna shake you way save you she got shot im fallin im blowin out know im talkin about she gonna ride you wanna slide you aint fakin wanna take out you betcha right gonna spin round wheel spinnin around brain drive insan wheel roll round head go red wheel flyin road readi explod wheel burnin road hit overload wheel spinnin around brain drive insan wheel roll round head go red wheel flyin road readi explod wheel burnin road hit overload wheel hit overload wheel readi explod
902,intro angu bhb x malcom hb x vers angu onli x angu malcom x x angu listen variat within chord malcom bbbbbbbbbbbbbbbbbbbbbbbbb choru angu malcom bb i know angu play someth diff background worth tab imo angu both could play malcom part could fill bb x malcom x vers vers angu fill vers bbb choru choru solo x bbbb hp bb bbr arggghphp hphp hphp hp b b
904,the video game say play me face level take everi time one one feel run spine noth gonna save one last dime caus own you through through the databank know number say i gotta pay caus i made grade last year feel i turn screw kick round world aint thing cant do do you yeah who made who made you who made who aint nobodi told you who made who made you if made made you who pick bill made who who made who who turn screw satellit send pictur get eye take wire spinnin like dynamo feel goin round round runnin outta chip you got line eight bit town so look down no who made who made you who made who aint nobodi told you who made who made you if made made you who pick bill made who aint nobodi told you who made who who made you who made who who made who yeah nobodi told
922,we sure fire winner winner winner winner were come like kill machin our big gun gonna shatter scene it pandemonium floor caus everybodi want littl more they wanna ride rocket ship ride around moon velvet kiss caus girl boy wanna know how far bad wild child gonna go we sure fire winner uhoh yeah big time hitter we sure fire winner uhoh yeah big time hitter bring heat word out give someth shout about we are yeah are sure fire winner sure fire winner sure fire winner sure fire winner flick switch missil fire im heat seeker im full desir were drawn heat flame caus wanna star hall fame i born glitter face my babi cloth made leather lace and girl club wanna know where pretti boy go we sure fire winner uhoh yeah big time hitter we sure fire winner uhoh yeah big time hitter bring heat word out give someth shout about we are yeah are sure fire winner winner winner ooh yeah take walk wild me gonna take top brink believ never gonna stop til reach top never gonna stop til reach top youd better get game never gonna same move caus new boy call time we sure fire winner uhoh yeah big time hitter we sure fire winner uhoh yeah big time hitter bring heat word out give someth shout about we are yeah are sure fire winner ooh yeah yeahoh yeah yeah yeah we sure fire winner uhoh yeah big time hitter we sure fire winner uhoh yeah big time hitter bring heat word out give someth shout about yeah are yeah are sure fire winner gonna take top brink believ gonna take top brink believ gonna take top brink believ
934,i wanna start revolut a type person solut we got pollut it execut you got someth say hand tie open mouth open wide let freedom begin get floor let drop dont feel good feel hot feel fire within i wanna see ya strut strut strut cmon walk strut strut strut how wanna be everybodi look love know how let hang that theyr solo solo solo dont wanna solo solo solo dont wanna solo were complic nation and were situat let take make believ vacat and get valid you got someth say hand tie open mouth open wide let freedom begin get floor let drop dont feel good feel hot feel fire within i wanna see ya strut strut strut cmon walk strut strut strut how wanna be everybodi look love know how let hang that theyr solo solo solo dont wanna solo solo solo dont wanna solo ill mirror darl let hair down show workin with and let see ya strut strut strut strut strut how wanna be everybodi look love know how let hang that theyr solo solo solo dont wanna solo solo solo dont wanna solo strut show workin with strut show walkin with yeah yeah yeah yeah yeah yeah
952,get motor run head highway lookin adventur in whatev come way yeah darlin gonna make happen take world love embrac fire gun and explod space i like smoke lightn heavi metal thunder racin wind and feel im under yeah darlin gonna make happen take world love embrac fire gun and explod space like true natur child we born born wild we fli high never gonna die born wild born wild
956,you lava my lava flow burn like other right thru core just like constel shine no wreck ruin planet align the tide moon are you pull like sea in wave i feel ya your my ecstasi the lamb lion we lay peac like air fire i need breath by rule i play by rule i play by rule i play let natur way predat prey that way were made so by rule by rule by rule after thunder must come rain after beauti karma must come pain just like constel fade a blade sunlight eh send night away the tide moon are you pull like sea in wave i feel ya your my ecstasi the lamb lion we lay peac like air fire i need breath by rule i play by rule i play by rule i play let natur way predat prey that way were made so by rule by rule by rule
978,ill tri hard i alreadi lost i cant bet card caus i know theyll cost if i get scent that meant trip reason im sold i cant told pas i last i wanna get flame whi gotta make play game just like honest liar take heavi fire i wanna melt heat like i got devil foot just like funer pyre take heavi fire so give me throw shade whi cant i see conclus ive save when i think doubt i depend on im sold i cant told pas i last i wanna get flame whi gotta make play game just like honest liar take heavi fire i wanna melt heat like i got devil foot just like funer pyre take heavi fire feel like honest liar take heavi fire i feel complet just like honest liar take heavi fire
987,she want there in air where cloud live the sweetest seed make best treat foot she smile there and now put show glass down she ask anoth round she want hit cloud honey u there now put shot glass down she ask anoth round girl u hit ground is kickin in do feel kickin in honey u there she want introduc me to friend eddi what tryin me he got word rhyme he got dirti mind persuas am i three and now put show glass down she ask anoth round she want hit cloud honey u there now put shot glass down she ask anoth round girl u hit ground is kickin in do feel kickin in honey u there and now put show glass down she ask anoth round she want hit cloud honey u there now put shot glass down she ask anoth round girl u hit ground is kickin in do feel kickin in honey u there
