,processed_text
68,john prine we apart citi me loretta like live there itd year sinc kid grown a life own left u alon john linda live omaha joe somewher road we lost davey korean war and i still know for dont matter anymor choru you know old tree grow stronger old river grow wilder everyday old peopl grow lonesom wait someon say hello there hello me loretta talk much more she sit stare back door screen and news repeat itself like forgotten dream weve seen someday ill go call rudi we work togeth factori but could i say ask what new nothin what you nothin much do choru so walk street time and spot hollow ancient eye plea pas em stare didnt care say hello there hello
126,that young boy without name anywher id know face in citi kid favorit ive seen him i see everi day seen run outsid look place hide from father the kid half nake and said myself o what matter here im tire excus everbodi use he kid i stay it but gave right to thi we live morgan street just ten foot between and mother i never see her but scream cuss i hear everi day threat like if mind i beat behind slap you slap silli made say o what matter here im tire excus everybodi use he kid do see fit but get through that i approv of did to flesh blood im tire excus everybodi use he kid do see fit but get through that i approv of did to flesh blood if sit in chair straight ill take belt from around waist and think that i use it answer take time what could aw crime he could young age if im wit to mad offer word balanc out i see i hear all cold rude thing do i suppos do becaus belong you and instead love and feel warmth youv given cut and sore heal with time age i want say what matter here but i dare say what matter here but i dare say
181,how long been insid wall again a i wait you i gave friend i drove end i noth left lose told hold hand and would pull through yeah i noth left lose time hello suicid long be plea take time steal cold life me how long been insid wall again a i wait you i gave friend i drove end i noth left lose told hold hand and would bring through yeah i noth left lose time hello suicid long be plea take time steal cold life me hello suicid long be plea take time steal cold life
488,i use idea that get silver medal wouldnt set free oh know i realli dont need cash fame credit nor big fat bank account debit so set straight caus even peac mind cant wait ill send telegram mark urgent urgent i hope get door big big door im go free kill me caus aint much better anyway just push away push away just push away push away push away oh success elus brainchild breed someth want need face it caus money cant buy true friendship trust and applaus never substitut love but man check out ill send telegram mark urgent urgent i hope get door big big door im go free kill me caus aint much better anyway just push away push away just push away push away push away
596,im miss much ill see die tonight just i get sun rise i know sign i feel too none ever seem matter im hold you and im wast away away you what i gotten time around i know i sworn id never trust anyon again but i to you hello ive never seen smile light room like your it simpli radiant i feel everyday goe by i watch clock i make time right would okay would okay i took breath away and im wast away away you what i gotten time around i know i sworn id never trust anyon again but i to you hello you gave butterfli mailbox you hello
624,im afraid i cant hold time that i write let know just goe on caus me everyth ive dream and know i cant settl anyth just pretend everyth okay and happi breath hope me i need you i tri hard make work life i still believ you play faster mayb move sound thi way suppos be come togeth danc floor will you light scene sing along thi favorit song and well play along caus reason im aliv close eye sit back relax well okay time time again ill pray look back by wake so we are x close eye sit back relax well okay time time again i hope come back by wake close eye sit back relax well okay time time again ill pray look back by wake by wake awak by wake
648,i trust you wake up ive been watch you
692,im miss much ill see die tonight just i get sun rise i know sign i feel too none ever seem matter im hold you and im wast away away you what i gotten time around i know i sworn id never trust anyon again but i to you hello ive never seen smile light room like your it simpli radiant i feel everyday goe by i watch clock i make time right would okay would okay i took breath away and im wast away away you what i gotten time around i know i sworn id never trust anyon again but i to you hello you gave butterfli mailbox you hello
723,got tast rock band stand hold hand better lock door she like spin dynamo your hand token prize give brand new ride ooh goe goe and nobodi know goe bang drum work fast heavi tune i play loud you know she blow away other your never man enough take night you better razzl dazzl stage keep rock night ooh goe goe and nobodi know where goe goe a heavi rock tune play play night roll on sneak romeo where goe nobodi know guitar solo a heavi rock tune play flat screen colour tv sneak creepi crawli never give take night there goe goe nobodi know there goe goe nobodi know where goe goe nobodi know where goe goe nobodi know where goe goe
977,ravag me take time swallow me glamor love touch sick suicid feel much glamor be extrem take time silent glamor fell breath upon thigh feel wet glamor we run away get caught up forget world tell shut up ill take hand to privat place we escap dark in fire blaze you take in ignor time were burn now and i know mine consol veri swell univers align glamor today ravag me take time swallow me glamor love touch sick suicid feel much glamor be extrem take time silent glamor fell breath upon thigh feel wet glamor we run away get caught up forget world tell shut up ill take hand to privat place we escap dark in fire blaze you take in ignor time were burn now and i know mine consol veri swell univers align glamor today glamor glamor glamor rize rize rize rize glamor glamor glamor rize rize rize rize yeah
979,im alon headstrong now mission stompin rule game ant up sleev up got vision bullet proof and were gonna chang the world eye lookin down cuz seem differ we got care know if ignor bliss still bitchin hater eat dust cuz wind gonna blow they say onli hopeless alon say know are hold now they cant come u theyll never defeat u we break easili hold now come dark i know find way somehow trust gonna find it babi alright born fli just hold on misfit quit get arm up one el bring like u rock roll punch light out hold go get tough they say onli hopeless alon say know are hold now they cant come u theyll never defeat u we break easili hold now come dark i know find way somehow trust gonna find it babi alright born fli just hold on just hold on just hold on just hold on hold now hold on hold on hold on yeah come dark i know find way somehow trust gonna find it i said babi alright born fli just hold on just hold on just hold on just hold on i said hold on i said hold on just hold
