,processed_text
5,dont talk i listen dont talk keep distanc for id rather hear truth tonight than entertain lie so take poison silent let let close eye dont talk ill believ it dont talk listen instead i know think it both long enough hard the drink drown troubl in troubl now talk talk talk it if talk care but talk over tilt bottl air toss back share dont talk i guess it dont talk well restless and need somewher put blame for feel insid youll look close and easi mark see fair game talk talk talk it talk care but talk tilt that bottl air toss back share you talk talk talk it you talk care im mark everi word and tell time sure your talk finest i heard so talk ill sleep let go dream how eye glow fierc i tell inspir by name chose me now it o never mind it we talk talk talk head clear ill discus morn but may talk i hear
44,like weasel clover you tilt toss pop turn sit trembl weav like moth by flame deceiv sit spill word caught danc room slide like butter roll back tomb sit bolt scuff jilt chase circl riddl shake hast sit when thundercloud sound ant scatter high ground
48,dont talk i listen dont talk keep distanc for id rather hear truth tonight than entertain lie so take poison silent let let close eye dont talk ill believ it dont talk listen instead i know think it both long enough hard the drink drown troubl in troubl now talk talk talk it if talk care but talk over tilt bottl air toss back share dont talk i guess it dont talk well restless and need somewher put blame for feel insid youll look close and easi mark see fair game talk talk talk it talk care but talk tilt that bottl air toss back share you talk talk talk it you talk care im mark everi word and tell time sure your talk finest i heard so talk ill sleep let go dream how eye glow fierc i tell inspir by name chose me now it o never mind it we talk talk talk head clear ill discus morn but may talk i hear
64,music john lombardolyr natali merchant imit sour old song individu gui shade of nonconform individu sell vantag point low rate individu question ancient word claim perform motion borrow thought follow ima tima ima tima intima dation respect headhegoroundmen gestur display custom limit appeal medium dictat latest role totalitarian motion borrow sell vantag point low rate you medium beg suffer number pain
117,music natali merchant denni drewword natali merchant can i unhappi look i see beast fur crown luxuri he wealthi man poorest land selfappoint king there complain he reign the lamb bare fleec cold lion stolen that im told there must creatur mighti are the lamb go hungri not fair biggest portion lion share there must creatur mighti are can i unhappi listen agre word shame tame him the lamb bare fleec cold lion stolen that im told there must creatur mighti are the lamb go hungri not fair biggest portion lion share there must creatur mighti are are razor claw velvet paw dunc guard home til stronger beast call pounc upon throne do pay dearli lion take greedili know he taken our that wealth divid among lamb king beast onesid until lamb king beast live onesid
236,he spend night california watch star big screen then lie awak wonder whi cant me caus life he fill good intent he left lot thing hed rather mention right now just say goodnight he look littl smile say if i could like like that id would give anyth just live one day in shoe if i could like like that would i do what would i do yeah now dream run she spend day north park watch peopl pas and want littl piec dream much ask with safe home warm bed quiet littl street all want someth hold onto now that need all need yeah if i could like that i would give anyth just live one day shoe if i could like that would i do what would i do yeahe yeah oh ohhh yeah fall thi dream run away if i could like that i would give anyth just live one day shoe if i could like that would i do what would i do if i could like that i would give anyth just live one day shoe if i could like that would i do what would i do if i could like that i would give anyth just live one day shoe if i could like that would i do lord what would i do yeah yeah fall in i feel im fall again
246,he spend whole life young live life that dream then lie awak wonder whi cant me caus life he fill good intent he left lot thing hed rather mention right now but say goodnight he look littl smile say if i could like that i would give anyth just live one day in shoe if i could like that would i do what would i do now dream run she spend day north park watch peopl pas and want littl piec dream much ask with safe home warm bed quiet littl street all want someth hold onto that need yeah if i could like that i would give anyth just live one day shoe if i could like that would i do what would i do im fall thi dream run away if i could like that i would give anyth just live one day shoe if i could like that would i do what would i do if i could like that i would give anyth just live one day shoe if i could like that would i do what would i do if i could like that i would give anyth just live one day shoe if i could like that would i do what would i do fall in i feel i fall again
261,he spend night california watch star big screen then lie awak wonder whi cant me caus life he fill good intent he left lot thing hed rather mention right now just say goodnight he look littl smile say if i could like like that id would give anyth just live one day in shoe if i could like like that would i do what would i do yeah now dream run she spend day north park watch peopl pas and want littl piec dream much ask with safe home warm bed quiet littl street all want someth hold onto now that need all need yeah if i could like that i would give anyth just live one day shoe if i could like that would i do what would i do yeahe yeah oh ohhh yeah fall thi dream run away if i could like that i would give anyth just live one day shoe if i could like that would i do what would i do if i could like that i would give anyth just live one day shoe if i could like that would i do what would i do if i could like that i would give anyth just live one day shoe if i could like that would i do lord what would i do yeah yeah fall in i feel im fall again
262,he spend whole life young live life that dream then lie awak wonder whi cant me caus life he fill good intent he left lot thing hed rather mention right now but say goodnight he look littl smile say if i could like that i would give anyth just live one day in shoe if i could like that would i do what would i do now dream run she spend day north park watch peopl pas and want littl piec dream much ask with safe home warm bed quiet littl street all want someth hold onto that need yeah if i could like that i would give anyth just live one day shoe if i could like that would i do what would i do im fall thi dream run away if i could like that i would give anyth just live one day shoe if i could like that would i do what would i do if i could like that i would give anyth just live one day shoe if i could like that would i do what would i do if i could like that i would give anyth just live one day shoe if i could like that would i do what would i do fall in i feel i fall again
359,im takin bridg there differ countri im bring peopl i know deep funki oh yeah dap got juic tap never take itm rewind weak crap here take gift call the sunshin fall way first everi morn ima magician see im christen condit held futur would ive come listen there place deep space where brother chant danc rant and shave head like buddha im fli guy know im smoother of cours remores felt loser crew i care do i alway screw up but i noth like you i wish grew up your say anyth like promist get clean wont kick half dead fuck head just get he make sick we push sucker out with much forc much clout didnt want it that about but got limit how low get it seem time to chang subject and sing wise eye that make feel good never do i leav misunderstood damn know i feel good true i got choic im gonna it like that swingin bat mix melodi back chat tell em again dam i know feel good too you got choic gonna like that nippin cat mix melodi back chat im rollin slow particular place go noth chang the thing stay matter to latt day st bernard act hard but i throw like crazi retard but cold make man wanna walk around school yard tool hard what could make switch call woman bitch it probabl down get date prom and stuck beavi let leav u note posit im say leviti but i leav brief i call breviti i said i see peopl rock which mean there stop flow and tell em know everi night yeah turn up and comin live like final battl breakin idol on one never heard befor you know hardcor rockin pump danc floor leav ya foot sore lookin micatin cecaus mic deadli int mood in certifi fakin coool like jamaican everi time enemi hear u shakin
370,well everybodi got opinion that loud unbend i spend time heal mend togeth it question whether live posit well give pnut join back must arthrit tim s live it sa wisdom nobel laureat im day glori it easi sexton a rhythmat geniu turnin next one would know bro i flow circumst youll get chanc becuas payback motherfuckin mission to sharpass rock slippin u rock it come write u deris sendin voic were send vision and fought say taught everyth i know i go aww i hear that chit caht bullshit so sick know everyth say in face that right and feel good in face yeah it feel good take em bro throw down say settin forth cours im realli wiggin out in dome i roam time doubt fuck right i rhymin now sulk corner babi cri hittin feelin rock mar fuckin shit head bob we aint new jack swing groov that we got crazi factiff that i often rock im laureat i pull punch know im throwin it freestyl style mic flex your stalkin mind punk that next i get retart i start know a condit i keep close togeth like kind bud know scene my team think i sing suprem you weasel tri bring u realiti make look like clown too bad caus well sittin sun choos rocki as fast ball in face that right and feel good choos lock yall in face yeah it feel good yo pnut beat thing wont warm mic nichola cant get stream consciec sea much like bukowski rage speakin page beast cage jumpin stage divin thrivin strivin better day say strive better day sa beat back flesh shatterd door braggin fist sky were feelin high ha live die just take moment fit while you know know i daili like that style yeah i go in face and dow throat and feel good fraid so fuck yall in face and throat it feel good that all
396,yo word up im talkin you makin dope rhyme that i do like madman know im bad man i slam good goddamn well i concur goddamn badli i could sit sing blue but instead ill make fist yeah and make bad news yeah take advic youll pay price make funki like thi good god damn yo el dissin me that right pissin off rock babi what you dont mean crap what hell sell damn your sham no thank you maam bitch oh i get burn badli i could sit sing blue but instead ill make fist yeah make good news yeah take advic youll pay price make funki like thi good goddamn i tell what all klar hey
397,word up im talk you im make dope rhyme that i do like mad man know bad man i slam good goddamn well ive burn goddamn badli i could sit sing blue but instead ill make fist yeah and make good news take advic yeah youll pay price make funki like thi good goddamn i drop syllabl like yo what el dissin me huh pissin off rock babi what you mean crap but hell sell damn sham no thank maam bitch oh ive burnt badli i could sit sing blue but instead ill make fist yeah and make good news take advic youll pay price make funki like thi good goddamn tell what all klar and nightmar public begin thi time find true friend i drain brain origin build charact aborigin american music i grew into fuck you i say fear evolut stand up music revolut follow never stop and well never give caus how breath live and whine and bitch they cannot it well never switch we ourselv you if like well i hope do
406,let take south hear dover mouth the rhythm make want move bodi i never ever forgot it feel rhythm rhapsodi your bodi move raw ecstasi explos erupt beyond compar take advic think twice let take way south step back cuz funk and the base kickin straight ear man becaus like talk back and gonna get back slap down south that enigma but stupid dumb stigma that right outta sight let tell bout babi she love mean mayb she know i think i say it i love i play it we sit drink sun i rais glass say one cool breez light squeez life take advic think twice let take way south step back im get hectic chalk anoth dialect hard like jam smooth like ballad call want i call sound salad a salad grown garden eden seekin pleasur like boy sweden that right groov tight like sit back relax let mind unwind pull good thing close let tranquil surround psychedel freak taco funk frolic grind fiend root core soul music you step back think topic song strong innuendo end end goe brain i say plain figur here clue it wind grind find spot that get hot joy give pleasur is beyond measur
410,my comput futur shockin download youll start talkin upgrad your walkin compat rockin comin fast it get digit it huge like spiritu rippl everi individu life miracl evolut exponenti time itll half long till next breakthrough blow mind peopl brave experiment move forth speci use imagin but handl it could dismantl it fear void paraparanoid it understood could use good would believ in conceiv on period tabl got wrong let lay song peopl want pt want au lemm tell realli ought do figur way master silicon fiberopt connector whatev beyond mani peopl dont even attempt understand limitless possibl man evolut exponenti time itll half long till next breakthrough blow mind peopl brave experiment move forth speci use imagin but handl it could dismantl it fear void paraparanoid it understood could use good would believ in conceiv i feel trap gotta adapt remain calm collect i get zap comput rebel act fine and like payin mind what up program come glitch becom consciou so aint bitch ill paid much piec ill damn tri funni busi itll one pay price evolut exponenti time itll half long till next breakthrough blow mind peopl brave experiment move forth speci use imagin use imagin but handl it could dismantl it fear void paraparanoid it understood could use good would believ in conceiv ye handl it could dismantl it fear void paraparanoid it understood could use good would believ in conceiv
413,well everybodi got opinion that loud unbend i spend time heal mend togeth it question whether live posit well give pnut join back must arthrit tim s live it sa wisdom nobel laureat im day glori it easi sexton a rhythmat geniu turnin next one would know bro i flow circumst youll get chanc becuas payback motherfuckin mission to sharpass rock slippin u rock it come write u deris sendin voic were send vision and fought say taught everyth i know i go aww i hear that chit caht bullshit so sick know everyth say in face that right and feel good in face yeah it feel good take em bro throw down say settin forth cours im realli wiggin out in dome i roam time doubt fuck right i rhymin now sulk corner babi cri hittin feelin rock mar fuckin shit head bob we aint new jack swing groov that we got crazi factiff that i often rock im laureat i pull punch know im throwin it freestyl style mic flex your stalkin mind punk that next i get retart i start know a condit i keep close togeth like kind bud know scene my team think i sing suprem you weasel tri bring u realiti make look like clown too bad caus well sittin sun choos rocki as fast ball in face that right and feel good choos lock yall in face yeah it feel good yo pnut beat thing wont warm mic nichola cant get stream consciec sea much like bukowski rage speakin page beast cage jumpin stage divin thrivin strivin better day say strive better day sa beat back flesh shatterd door braggin fist sky were feelin high ha live die just take moment fit while you know know i daili like that style yeah i go in face and dow throat and feel good fraid so fuck yall in face and throat it feel good that all
441,i like way keep me woah i like way move front me yeah just enough contact make come back so mani girl make mind slack and i like way give me yeah your front im behind walk corridor the way move yourself that make want more i like way keep me yeah babi readi yeah yeah yeah yeah can rock steadi yeah yeah yeah yeah babi readi yeah yeah yeah yeah can rock steadi yeah yeah yeah yeah i like way keep me woah i like way move front me yeah just enough contact make come back so mani girl make mind slack and i like way give me yeah tight jean seam snake around bodi type the way hug way snug the way fit right i like way keep me yeah babi readi yeah yeah yeah yeah can rock steadi yeah yeah yeah yeah babi readi yeah yeah yeah yeah it enough contact make come back can rock steadi yeah yeah yeah yeah so mani girl make mind slack our rod cone mind own they keep stare want get alon you got sun dress mess ye that best with flower two piec underneath fresh i get head full bee vicin i cannot stop think bout infin i get thrill kill vernacular speak mind fine kind spectacular i ask she would come away me she said crazi i said i must be now know now know i guess right move slow i hook feel you right put brake that i know got take uh i like way keep me woah i like way move front me yeah just enough contact make come back so mani girl make mind slack and i like way give me yeah babi readi yeah yeah yeah yeah it enough contact make come back can rock steadi yeah yeah yeah yeah so mani girl make mind slack babi readi yeah yeah yeah yeah it enough contact make come back can rock steadi yeah yeah yeah yeah so mani girl make mind slack
456,my comput futur shockin download youll start talkin upgrad your walkin compat rockin comin fast it get digit it huge like spiritu rippl everi individu life miracl evolut exponenti time itll half long till next breakthrough blow mind peopl brave experiment move forth speci use imagin but handl it could dismantl it fear void paraparanoid it understood could use good would believ in conceiv on period tabl got wrong let lay song peopl want pt want au lemm tell realli ought do figur way master silicon fiberopt connector whatev beyond mani peopl dont even attempt understand limitless possibl man evolut exponenti time itll half long till next breakthrough blow mind peopl brave experiment move forth speci use imagin but handl it could dismantl it fear void paraparanoid it understood could use good would believ in conceiv i feel trap gotta adapt remain calm collect i get zap comput rebel act fine and like payin mind what up program come glitch becom consciou so aint bitch ill paid much piec ill damn tri funni busi itll one pay price evolut exponenti time itll half long till next breakthrough blow mind peopl brave experiment move forth speci use imagin use imagin but handl it could dismantl it fear void paraparanoid it understood could use good would believ in conceiv ye handl it could dismantl it fear void paraparanoid it understood could use good would believ in conceiv
462,my comput futur shockin download youll start talkin upgrad your walkin compat rockin comin fast it get digit it huge like spiritu rippl everi individu life miracl evolut exponenti time itll half long till next breakthrough blow mind peopl brave experiment move forth speci use imagin but handl it could dismantl it fear void paraparanoid it understood could use good would believ in conceiv on period tabl got wrong let lay song peopl want pt want au lemm tell realli ought do figur way master silicon fiberopt connector whatev beyond mani peopl dont even attempt understand limitless possibl man evolut exponenti time itll half long till next breakthrough blow mind peopl brave experiment move forth speci use imagin but handl it could dismantl it fear void paraparanoid it understood could use good would believ in conceiv i feel trap gotta adapt remain calm collect i get zap comput rebel act fine and like payin mind what up program come glitch becom consciou so aint bitch ill paid much piec ill damn tri funni busi itll one pay price evolut exponenti time itll half long till next breakthrough blow mind peopl brave experiment move forth speci use imagin use imagin but handl it could dismantl it fear void paraparanoid it understood could use good would believ in conceiv ye handl it could dismantl it fear void paraparanoid it understood could use good would believ in conceiv
467,im takin bridg there differ countri im bring peopl i know deep funki oh yeah dap got juic tap never take itm rewind weak crap here take gift call the sunshin fall way first everi morn ima magician see im christen condit held futur would ive come listen there place deep space where brother chant danc rant and shave head like buddha im fli guy know im smoother of cours remores felt loser crew i care do i alway screw up but i noth like you i wish grew up your say anyth like promist get clean wont kick half dead fuck head just get he make sick we push sucker out with much forc much clout didnt want it that about but got limit how low get it seem time to chang subject and sing wise eye that make feel good never do i leav misunderstood damn know i feel good true i got choic im gonna it like that swingin bat mix melodi back chat tell em again dam i know feel good too you got choic gonna like that nippin cat mix melodi back chat im rollin slow particular place go noth chang the thing stay matter to latt day st bernard act hard but i throw like crazi retard but cold make man wanna walk around school yard tool hard what could make switch call woman bitch it probabl down get date prom and stuck beavi let leav u note posit im say leviti but i leav brief i call breviti i said i see peopl rock which mean there stop flow and tell em know everi night yeah turn up and comin live like final battl breakin idol on one never heard befor you know hardcor rockin pump danc floor leav ya foot sore lookin micatin cecaus mic deadli int mood in certifi fakin coool like jamaican everi time enemi hear u shakin
470,my comput futur shockin download youll start talkin upgrad your walkin compat rockin comin fast it get digit it huge like spiritu rippl everi individu life miracl evolut exponenti time itll half long till next breakthrough blow mind peopl brave experiment move forth speci use imagin but handl it could dismantl it fear void paraparanoid it understood could use good would believ in conceiv on period tabl got wrong let lay song peopl want pt want au lemm tell realli ought do figur way master silicon fiberopt connector whatev beyond mani peopl dont even attempt understand limitless possibl man evolut exponenti time itll half long till next breakthrough blow mind peopl brave experiment move forth speci use imagin but handl it could dismantl it fear void paraparanoid it understood could use good would believ in conceiv i feel trap gotta adapt remain calm collect i get zap comput rebel act fine and like payin mind what up program come glitch becom consciou so aint bitch ill paid much piec ill damn tri funni busi itll one pay price evolut exponenti time itll half long till next breakthrough blow mind peopl brave experiment move forth speci use imagin use imagin but handl it could dismantl it fear void paraparanoid it understood could use good would believ in conceiv ye handl it could dismantl it fear void paraparanoid it understood could use good would believ in conceiv
476,stori time sway away haze they spent contempl formul theori sire swim pay tribut look to come again you soul fool who know u brother those u think new school tip top pound feebl walk talk low evil follow now yo vato the nix hex on would everybodi look hook i took strait brain remind time i insan and i wrote i load and vote least like turn like squar im sing mind no im sing ear jump leav ground know that here and say diggey down diggey diggey downstrong longer line way know im think say again and im home team back good seat i gladwick like chadwick tell i mean were lay back like good sex smooth yet physcodel call nix hexum the monologu singalong la bandera de san juan piden pa im feelin fine lord time go tell mountain then bring friend youll mayb get dizzi scenc vertigo uplift soul view im nothin love but love but love blood sonic vortex thi hip thing call nix hex dig it begin come see come see babi come see come see aye come see come see babi come see come see now im wickedi wild i need put down i come without wreck let get im wickedi wild i need put down i come without wreck let get down i want make music countri and i rhythm missionari melodi wait minut minut ye ye time rhyme shine rip rip jump caus that style cruis frowner float follow smile i got golden ticket gonna even pick it i heard said i heard went someth like the rhythm make want move bodi i never ever forgot it
483,everyth come back you whatev may be if one thing rest assur someth will come back pay deed a shortcut self defeat mean cannot clean youll never reach reward and day done receiv sum of took out put in time deep dream seem veil realm shadow i think feel real time tribe feel tribe thrive we fear death fear life choru i cant forget version paradis i cant forget version paradis everyth come back you whatev may be what devil angel the favor return somehow if take money ill buy drink see that one ride free afraid i said mind stricken im wear heart sleeveless im alway kickin thi favorit citi piti everywher enemi from begin seriou histori noth ever given one ride free from begin radiant energi music i need keep saniti i say fear evolut stand music revolut follow i say never stop never give cuz breath live some whine bitch they cannot never switch we you if like well i hope do ive got honest choru choru
484,it good aliv peac revolut an honor observ beauti solut i tip hat peopl order form perfect world thi shall come pas the begin end of ignor could sin the tyrant power hi day done in worldwid revolut yeah peac revolut all around small world now peopl demand listen these truth selfevid philosoph evolut a old die out the young see better way human right guarante all without regard race i say the begin end now peopl vote sin the tyrant power hi day done in worldwid revolut in peac revolut i see last frontier peac revolut world peac mere product social evolut the conquest lie accept differ peopl and think right home in sun kingdom the begin end and toler could sin the tyrant power hi day done in worldwid revolut in peac revolut it peac revolut it peac revolut
485,im good way bad day think plan way stay top it nailin i fit i sit sit doin nothin which what i done far i carv nich sit good thing brain layin track like loco mo spark jay choru tabla rosa brain mean bug drive insan dont guess im sayin i point id say plain dammit brain blank i say would lie i said i inspir nothin say that ok nod head thi messin around im it you bite hand i put head out i come know travesti sad see the scene dictat frustrat former musician switch emphasi art money but i demand autonomi el friend i tell s wrong industri abil manufactur star they churn like iwojema make car but blame lie suit tri it sheep keep buy soulless crap whatev put front ya the hysteria america nod head thi well stress enemi friend me one thing i see easi goin throwin sit back and watch life flowin know life dream you ask home team let tell i seem my economi seem word action actual ya see ye im tempest i rare rest that go do if want best im threshold tell no i flow know i count bro choru dont know devil he god too my yin hate yang fuck ya gonna do i choos rocki as path that i like it life bowl punch go ahead spike it
524,take chanc n someth star gotta all live long day if i name one thing would data be hard press say you say im gushi at least know i think i know im lucki i know your brink you got good good good got good good you make ridicul word which mean exactli noth i know mean that funni thing it understood it understood buddi buddi buddi i know wander through sweet ground the sweet flower you make way cloudi day youv got move the world prove sweet yeah we part much soon i know that goe there someon better me cant wait get road feel show and like phenomenon i dont mean brag i dont mean boast but im guy could give most it good good good it understood choru
553,now look out whatcha say look out time kick basic flow know face sound good were trade place fuck daili i see someth sail me infin nail me groov til sucka improv call groov move million way fuck one get right best modern man keep movin night makin funki rhyme perman bliss sa nichola like thi work saw someth miss sa nichola like thi peopl busi mull worst case scenario i wind let go i di peopl i di idea i say di i mean disagre go studio reup new tune make new dub well that grow gem pearl take trip find there anoth world makin funki rhyme perman bliss sa nichola like thi work saw someth miss sa nichola like thi a battl time make use mind hook drum beat fresh rhyme make best use string thing cylind go motherfuck ring battl time make use mind hook drum beat fresh rhyme make best use string thing cylind go motherfuck ring we put shit map everyon see son is come see compar make word nothin el fit break that it makin funki rhyme perman bliss sa nichola like thi work saw someth miss sa nichola like thi a battl time make use mind hook drum beat fresh rhyme make best use string thing cylind go motherfuck ring makin funki rhyme perman bliss sa nichola like thi work saw someth miss sa nichola like thi makin funki rhyme perman bliss sa nichola like thi work saw someth miss sa nichola like thi
567,everi time wake mornin and start cri and i figur someth babi but tell whi but i know that i call blue caus ill figur someth babi that i call pleasantli blue hush hush walk by say word talk babi talk babi what i heard and i know yeah yeah yeah that i call blue caus ill figur someth babi that i call pleasantli blue oh no go what wrong you come babi come babi what el i do yeah i know yeah yeah yeah that i call blue caus ill figur someth babi that i call pleasantli blue caus ill figur someth babi that i call pleasantli blue
571,im look outsid window the view i see is child mama and child beg money tell whi tell whi the woman blind broke the kid deal crime it beauti citi but world burn down yea yea yea yea yea yea yea yea yea yea yea yea it beauti citi but world burn down i go room turn tv i sit down and i start laugh hard caus man he ask money he sat if send lot cash ill send you stuff make rich fast it wonder countri but man he burn down yea yea yea yea yea yea yea yea yea yea yea yea it wonder countri but man he burn down yea yea yea yea yea yea yea yea yea yea yea yea and burn down and call u a one day im go lot money but ill give up for rich societi oh plea mr presid lend futur caus get back from littl blind woman with kid corner and peopl over doin crack yea yea yea yea yea yea yea yea yea yea yea yea it wonder countri but man he burn down yea yea yea yea yea yea yea yea yea yea yea yea and burn down and call u a im walk outsid sunni day with one around and i wonder what wrong the i hear loud pierc siren oh god bomb drop and everybodi climb right top scream wonder countri but man he burn down yea yea yea yea yea yea yea yea yea yea yea yea it wonder countri but man he burn down yea yea yea yea yea yea yea yea yea yea yea yea and burn down and call u a
576,im look outsid window the view i see is child mama and child beg money tell whi tell whi the woman blind broke the kid deal crime it beauti citi but world burn down yea yea yea yea yea yea yea yea yea yea yea yea it beauti citi but world burn down i go room turn tv i sit down and i start laugh hard caus man he ask money he sat if send lot cash ill send you stuff make rich fast it wonder countri but man he burn down yea yea yea yea yea yea yea yea yea yea yea yea it wonder countri but man he burn down yea yea yea yea yea yea yea yea yea yea yea yea and burn down and call u a one day im go lot money but ill give up for rich societi oh plea mr presid lend futur caus get back from littl blind woman with kid corner and peopl over doin crack yea yea yea yea yea yea yea yea yea yea yea yea it wonder countri but man he burn down yea yea yea yea yea yea yea yea yea yea yea yea and burn down and call u a im walk outsid sunni day with one around and i wonder what wrong the i hear loud pierc siren oh god bomb drop and everybodi climb right top scream wonder countri but man he burn down yea yea yea yea yea yea yea yea yea yea yea yea it wonder countri but man he burn down yea yea yea yea yea yea yea yea yea yea yea yea and burn down and call u a
584,everi time wake mornin and start cri and i figur someth babi but tell whi but i know that i call blue caus ill figur someth babi that i call pleasantli blue hush hush walk by say word talk babi talk babi what i heard and i know yeah yeah yeah that i call blue caus ill figur someth babi that i call pleasantli blue oh no go what wrong you come babi come babi what el i do yeah i know yeah yeah yeah that i call blue caus ill figur someth babi that i call pleasantli blue caus ill figur someth babi that i call pleasantli blue
707,are readi are readi are readi are readi sweet appl pie stand street hand outta line look meat heat she take high when feel sting she make fli and know come who need who who need you who need it need ye do you breath it need it are readi good time then get readi night line are readi good time then get readi night line are readi good time she make eye at everyth meet aint crime when make pump heat she make fli becaus that thing she make dri and know broken in who need it need it ye do you breath it need it are readi good time then get readi night line are readi good time then get readi night line are readi good time get it who need it need it you breath it breath it are readi good time then get readi night line are readi good time are readi good time are readi are readi good time i want good time are readi good time are you readi are readi good time good good good good time are readi good time are readi readi readi are readi good time are readi good time
724,are readi are readi are readi are readi sweet appl pie stand street hand outta line look meat heat she take high when feel sting she make fli and know come who need who who need you who need it need ye do you breath it need it are readi good time then get readi night line are readi good time then get readi night line are readi good time she make eye at everyth meet aint crime when make pump heat she make fli becaus that thing she make dri and know broken in who need it need it ye do you breath it need it are readi good time then get readi night line are readi good time then get readi night line are readi good time get it who need it need it you breath it breath it are readi good time then get readi night line are readi good time are readi good time are readi are readi good time i want good time are readi good time are you readi are readi good time good good good good time are readi good time are readi readi readi are readi good time are readi good time
756,well move down and crawl around walkin sideway sideway walkin give blue and start scratch when start hatch walkin sideway sideway walkin give blue oh start bite then time saw light for appoint i know befor start scream that appli cream blue ointment oh well doctor said we got make em dead walkin sideway sideway walkin give blue and start scream that appli cream blue ointment and start itch you go take bitch for appoint well rub on and rub in stop em walk sideway walkin give blue sideway walkin sideway walkin they got blue give blue they got blue give blue
767,i know evil i know gotta be i know i aint much do noth mean lot me live shoestr a fifti cent millionair open chariti rock n roll welfar sit cadillac listen radio suzi babi get in tell wanna go im live nightmar she look like wet dream i got cadillac but i cant afford gasolin i got hole shoe and im way overdu down payment blue get steadi job some respons cant even feed cat on social secur hide rent man oh make wanna cri sheriff knock door aint funni time fli sit sail boat sip champagn suzi babi sea say wanna come again feel like paper cup float storm drain got sail boat but i cant afford drop rain i got hole shoe and im way overdu down payment blue down payment blue down payment blue down payment blue i got hole shoe and im way overdu i go the down payment blue
772,well there love gone mine suicid voltag line she send signal distress she devil evil she got reelin rockin machin with flick switch with flick switch shell blow sky high with flick switch with flick switch she satisfi she gonna blow sky high flash eye electrifi a power forc feel she devil evil she get screamin lightnin machin with flick switch flick switch shell blow sky high with flick switch flick switch she satisfi give pain blow brain flick switch flick switch with flick switch shell blow sky high with flick switch satisfi with flick switch gonna burn down with flick switch rais ground with flick switch with flick switch with flick switch gonna give pain with flick switch gonna blow brain blow brain she gonna put light on you
782,one two three rubi rubi long done took drinkin whiskey babi sinc gone aint one i know good you lickin lickin stick way do you got lip make strong man weak and heathen pray tell aint way speak you know way go down go down go down go down go down go down go down go down go down mari mari one me and way hum sting like bumbl bee bzzzz ill around see bout bout half past ten aint felt good sinc i know when you got touch i need much in finger tip i got honey love tast on love lip so go down go down go down go down babi go down go down go down go down go down ooh babi rub on yknow sticki sweet and long and el got touch like you i let thing me i let woman do oh feel good ah feel good oh yeah you like should ah aaahhhh oh yeah yeah i love much make glad im man go down go down go down go down go down go down go down go down go down go down go down go down go down go down go down go down
785,if burn booz got noth lose run money dispos blue sleazi hotel like live hell the girl hustl noth sell want someth noth alway same keep push shove im game alway troubl forev detain goodby goodby goodby and good riddanc bad luck well spread news there free man loo back jail chase flue padlock chain broken chain lay claim monetari gain wonder what come take freedom love lust tast eye wide open wild game goodby goodby goodby and good riddanc bad luck
887,there small jail georgia know where sun hot daylight show where moccasin rest soft bed sand you hear hound dog howl land choru it aint way want it but lord that price pay i said jailer bring water throat dri four wall steel bar ive watch passersbi ive sit long im start cri the hangman come im sure go die choru it aint way want it but lord that price pay oh honk it boy a littl jail cell blue here lead break i shot man macon poker game i kill anoth atlanta build fame well hear hammer theyr pound name it aint way want it but that price pay it aint way want it but lord that price pay hey jailer water throat still dri four wall steel bar ive watch passersbi ive sit damn long im start cri the hangman come im sure go die it aint way want it but lord that price pay repeat it aint way want it but lord that price pay oh done rope son
926,i got need speedin hot night push get rise there comfort comfort i need edg but edg keep drift head ooh rememb back hollywood the medic flow vein you yeah summer back hollywood the medic medic just let feel rush like first night wanna breath caus im go mind gotta feel touch like first time caus im chase origin high chase origin high chase origin high chase origin high chase origin high im tryin buy fix aint price i tri feed hunger keep night we trip tryna replic but high i hit aint doin me ooh rememb back hollywood the medic flow vein you yeah summer back hollywood the medic medic just let feel rush like first night wanna breath caus im go mind gotta feel touch like first time caus im chase origin high chase origin high chase origin high chase origin high summertim stay mind caus aliv insid summertim stuck mind summertim stay mind caus never die insid summertim stuck mind chase origin high high high high high so high yeah just let feel rush like first night wanna breath caus im go mind gotta feel touch like first time caus im chase origin high chase origin high chase origin high chase origin high chase origin high chase origin high
939,friend say fine friend say good everybodi say like robin hood well i move like rat talk like cat sting like bee babe im gonna man and plain see meant me im toy th centuri boy i said friend say fine friend say good everybodi say like robin hood yeah i well i move like rat talk like cat sting like bee babe im gonna man and plain see meant me im toy th centuri boy th centuri boy i wanna toy th centuri boy i wanna toy friend say fine friend say good everybodi say like robin hood well i move like rat talk like cat sting like bee babe im gonna man and plain see meant me im toy th centuri boy th centuri boy i wanna toy th centuri boy i wanna toy i wanna toy
999,i want bodi mind soul et cetera and one day see give me and i want anyon instead ya oh babe im goin crazi come give me and i aint never met nobodi better your someon el babi im sick live peopl took meet realis i wanna lose ya i wanna keep ya put littl hand mine and look eye eye oh make wanna listen music again yeah make wanna listen music again there mani moon i met ya and i aint go nowher and give back raison dtre and im inspir again and i know way im kinda evil got root you got tie but heart stranger upheav put littl hand mine and look eye eye oh make wanna listen music again yeah make wanna listen music again ahhh music again look eye eye i wanna listen music again oh yeah oh yeah oh yeah wooh oh hey im sick live peopl took meet realis i wanna lose ya i wanna keep ya put littl hand mine and look eye eye whoa oh make wanna listen music whoa yeah make wanna listen music whoa oh make wanna listen music whoa yeah make wanna listen music
