,processed_text
27,music robert buck denni drewlyr natali merchant danc sun kiss earth embrac stone come small black book come brandi cask one strang diseas well word paper sign drunken hand thiev suddenli told leav snake uncoil road length eighti mile wagon weari hors lead feverish exil barefoot earli snow ridg beheld home coars barren haven promis father jaksa chula harjo jaksa chula harjo jaksa chula harjo red stick first and danc ghost were pierc arm fire weep widow left could aveng western star manifest will drove clear pacif o gone way flesh turn pale die god decre hate me cheroke name andrew jackson th presid usa
34,i saw big star run me world record bed turn tabl me would happen i fell tune dreamer tune heart a big start run me i saw world sun head turn tabl now i would fall heaven ring bell babi catch middl lie the boy tonight yeah boy tonight the big shot singin me i saw world sun head piti heart signal center storm insid head center heart center time simpl mind from moon window wink blink nod had wish start fall the boy tonight big sky signal horoscop said never heed caution never fought lover never cross street alon middl signal red middl drinker heart middl big parad signal horoscop
70,music maniac lyric mari ramsey john lombardo i see leav autumn chang fall turn green i see door stand open open curio could togeth tear apart would ever notic hidden heart heartstrong ever listen close willow start weep stood upon threshold said forev keep would ever notic what hidden heart deep heart reel forward steadi keep made miss last ferri made river deep
93,music maniac lyric mari ramsey john lombardo thi citi harmoni common theme complic make life bit uneasi hallow build scrape sky voic ride airwav citi year gone by still stand thecenturi ahead go underground littl child hide bullet never meant them must bloodsh heart home ourhead i walk walk free citi onc citi harmoni common theme complic citi dream
473,am hotel room i think you not anger danger call you my mind long long way then and good time keep drift back in woah breath come freeli youll figur answer come clearli dear let go caus cant know be hard set free it much easier way my heart sing i think you that do a melodi settl me that thought you my heart sing time knew yeah my heart sing im made stone im flesh bone im half crazi amaz alon let sit shore watch ocean breath sit watch ocean breath it get dark want leav woah breath come freeli youll figur answer come clearli dear let go caus cant know be hard set free it much easier way my heart sing i think you that do a melodi settl me that thought you my heart sing time knew yeah my heart sing my heart sing woah woah woah my heart sing heart sing i think you yeah you anchor im lost sea bring back you yeah we cant know be what futur bring but heart sing my heart sing my heart sing
597,i hate town it wash up and friend give fuck dont tell bad luck when i find i fit in rememb i tri i never stray far you forev side no matter i go through but i never know thing say you that help prove im still side i never show me guess i alway wrong i hate town it wash up and friend give fuck dont tell bad luck when i find i fit in i hate town caus one understand i cant drag down noth come plan so i never know thing say you that help prove im still side i never show me guess i alway wrong i hate town it wash up and friend give fuck dont tell bad luck when i find i fit in and believ word theyr tell you dont believ word theyr tell you they let down when i find i fit in i hate town world come never bring down everyth i turn back around caus time someth bigger me i cant live life alway back down ive gotta right cant make sound caus im noth least i say i stand someth you stand someth i hate town it wash up and friend give fuck dont tell bad luck when i find i fit in and believ word theyr tell you dont believ word theyr tell you they let down when i find i fit in i hate town i hate town x
619,i hate town it wash up and friend give fuck dont tell bad luck when i find i fit in rememb i tri i never stray far you forev side no matter i go through but i never know thing say you that help prove im still side i never show me guess i alway wrong i hate town it wash up and friend give fuck dont tell bad luck when i find i fit in i hate town caus one understand i cant drag down noth come plan so i never know thing say you that help prove im still side i never show me guess i alway wrong i hate town it wash up and friend give fuck dont tell bad luck when i find i fit in and believ word theyr tell you dont believ word theyr tell you they let down when i find i fit in i hate town world come never bring down everyth i turn back around caus time someth bigger me i cant live life alway back down ive gotta right cant make sound caus im noth least i say i stand someth you stand someth i hate town it wash up and friend give fuck dont tell bad luck when i find i fit in and believ word theyr tell you dont believ word theyr tell you they let down when i find i fit in i hate town i hate town x
673,hey boy look are thi town aint big enough u so get readi run thi goe show just littl realli know about way are i notic everyth like everi singl rumor that spread today your never gonna chang let set record straight i know dirti secret that kept me thi convers over watch step watch step thi town chew up and spit out so pardon proud watch step watch step thi town chew up and spit out so pardon proud your same you think everyon around care think no one know name it time take everyon know get far across state line possibl can i notic everyth like everi singl rumor that spread today your never gonna chang let set record straight i know dirti secret that kept me thi convers over watch step watch step thi town chew up and spit out so pardon proud watch step watch step thi town chew up and spit out so pardon proud will miss im gone will time long wait till then and see time bring chang will miss im gone will time long wait till then and see time bring chang watch step thi town chew up and spit out so pardon proud watch step watch step thi town chew up and spit out so pardon proud watch step watch step thi town chew up and spit out so pardon proud watch step watch step thi town chew up and spit out so pardon proud watch step so pardon proud watch step so pardon proud watch step watch step watch step
753,no one knew came from he never knew himself call ma call pa but born someon el no one fool mess round caus afraid aint lie ice eye of leeroy kincaid cold heart man one time lover heart hand cold heart man cant trust noth understand cold heart man cold heart man like snake friend he need one hurt pride deep insid he anoth mother son reput broken glass everybodi pray for live street happen meet leeroy kincaid cold heart man one time lover heart hand cold heart man cant trust noth understand cold heart man cold heart man sometim cant see side it well hidden nake eye one time lover heart hand two time loser broken man cold heart man
909,among sheet broken glass stale drink old ash i lie awak trap frozen dream long day i find peac the old portrait stare me cheer eye bring empti round decay stand pristin a time everyth green i strong whole bright then silent came night i cant breath you reach hand me a glimmer hope a mock smile you keep drag down there come time you live long feel safe but dream shatter by simpl twist fate there stand a ghost refus fade away green turn gray ill follow grave can save day long gone can save innoc lost i cant breath you reach hand me a glimmer hope a mock smile you keep drag
916,die last night dream walk street of old ghost town i tri believ in god jame dean but hollywood sold out saw saint lock gate i could enter walk flame call name but there answer and i know heart ghost town my heart ghost town my heart ghost town my heart ghost town die last night dream all machin had disconnect time thrown wind and friend had disaffect now im search trust in citi rust a citi vampir tonight elvi dead and everyon spread and love satir and i know heart ghost town my heart ghost town my heart ghost town my heart ghost town there one left world im gunslingin dont give damn i go down down i got voic head keep singin oh my heart ghost town my heart ghost town oh heart ghost town said heart my heart ghost town my heart ghost town
975,die last night dream walk street of old ghost town i tri believ in god jame dean but hollywood sold out saw saint lock gate i could enter walk flame call name but there answer and i know heart ghost town my heart ghost town my heart ghost town my heart ghost town die last night dream all machin had disconnect time thrown wind and friend had disaffect now im search trust in citi rust a citi vampir tonight elvi dead and everyon spread and love satir and i know heart ghost town my heart ghost town my heart ghost town my heart ghost town there one left world im gunslingin dont give damn i go down down i got voic head keep singin oh my heart ghost town my heart ghost town oh heart ghost town said heart my heart ghost town my heart ghost town
976,die last night dream walk street of old ghost town i tri believ in god jame dean but hollywood sold out saw saint lock gate i could enter walk flame call name but there answer and i know heart ghost town my heart ghost town my heart ghost town my heart ghost town my heart ghost town my heart ghost town die last night dream all machin had disconnect time thrown wind and friend had disaffect now im search trust in citi rust a citi vampir tonight elvi dead and everyon spread and love satir and i know heart ghost town my heart ghost town my heart ghost town there one left world im gunslingin dont give fuck i go down down i got voic head keep singin oh my heart ghost town my heart ghost town my heart ghost town
