,processed_text
60,in cool morn spare moment magic tide i would meet without question share starri gaze look sky start kind glow start right know fascin love secret ancient riddl reason rhyme unpredict muse play never know whether tea shi
65,i alway knew would take far home soon a far could go by inch cut hair armi issu green past eight week i tell been for i knew i could see cut dri me soldier blue blood stream insid vein there world outsid room meet promis me meet gun so one brave few aw sad need boy like you i hope day never come for here live round son stock barrel safeti trigger here gun well i knew i could see cut dri me soldier blue blood stream insid vein there world outsid room meet promis me meet gun take aim for i mean argu theyv made decent boy you i mean spoil home come babi brother expect to stock barrel safeti trigger here gun so heart pitter pat patriot song see stripe old glori wave well i knew i could see cut dri me soldier blue blood stream insid vein there world outsid room meet promis me meet gun take aim i mean argu theyv made decent boy you i mean spoil homecom babi brother jude i mean hurt say again theyr good make soldier theyr good make men
89,jerom augustyniaknatali merchant big plan made sister wed day well ball son rom hall famili friend come one all first best man make toast rocki sister rose a life year free tear bottom lot luck polka tango everyon chacha mambo rose rock alon franki rizzo combo play on singl girl hear call crowd back wall bouquet fli one tri best catch next year bride uncl sam uncl joe take place row theyr stand side side dollar danc bride polka tango everyon chacha mambo rose rock alon he banker shell well now sister rose take mother place trade home maiden name for list vow veil lace made wife today now cut five tier cake that colucci bake a frost tower sugar flour coupl hour polka tango everyon chacha mambo rose rock alon she born wear gown sister rose take mother place trade home maiden name for list vow veil lace made wife today sister rose same
98,cruel garrison affect worth lore true know face temptress pit viper witch enchantress pit viper malign venom conceit tri civil men conceal fear misgiv night entreat them greater chill sustain stain her dark shall inhibit death blow know skin restrict her tear shed coil fall garland leav soil
100,merci merci hear it merci merci read buri last page morn paper the plan draft draft secret gunboat met red tide driven rum trade armi they creat but bullet bought u dollar paid them plea forgiv u know done plea forgiv u know done name therel trial like mercenari heyday when theyr apt wrap stripe star find that abl call hero justifi murder fighter freedom plea forgiv u know done plea forgiv u know could ever forgiv u i know could i know consol plea forgiv u know done plea forgiv u know could ever believ know plea forgiv u know i blame never could plea forgiv u know i blame never could plea forgiv u never will
120,jackson brown ive walk i much talk day day day i seem think lot thing i forgot you time i chanc to i lover well i think ill risk anoth day day i seem afraid live life i made song well just ive lose long looongwel i stop dream i much scheme day day day i sit cornerston count time quarter to til ten friend plea confront failur i forgotten them
139,mother mother hear mei keep tri just find i know now show me endless question hopeless end thi bitter pill push away i feel like there noth left say i pretend to look way end i okay will i okay father father i cri out silent turn colder frozen deeper numb dream sleep within befor i face anoth day let stay asleep lost among dream alway comfort me and i find foot show me what i need i need walk
156,you say love me then burn again it easi let in now im stand end again you lift up your tear down i know go here feed rage hide within you final lock in will ever let go pretti poison vein go away go away i need anymor you trap me haunt me trick again your reason i alway give in you push edg again you lift up your tear down i know go here feed rage hide within you final lock in will ever let go pretti poison vein go away go away wont leav one day just one day pretti poison vein go away go away i need anymor leav alon leav alon all voic insid head leav alon leav alon all voic insid head pretti poison vein go away go away wont leav one day just one day pretti poison vein go away go away wont leav one day just one day pretti poison vein go away go away i need anymor
163,mother mother hear mei keep tri just find i know now show me endless question hopeless end thi bitter pill push away i feel like there noth left say i pretend to look way end i okay will i okay father father i cri out silent turn colder frozen deeper numb dream sleep within befor i face anoth day let stay asleep lost among dream alway comfort me and i find foot show me what i need i need walk
173,sometim i feel alon like kid without name despit scar i let show no one realli know face becaus happi mask i choos wear time to hide hurt below caus there fire that burn deep insid and flame rage are fuel pride ye i need let go of consum lie but bottl hand will get night in life ive walk road now ive go nowher go ive go someon someday but i might wait becaus happi mask i choos wear time to hide hurt below caus there fire that burn deep insid and flame rage are fuel pride ye i need let go of consum lie but bottl hand will get night it drown
177,i turn away from love and i feel far away from i need be wont hold arm tonight caus lord i need you when i feel low you whisper me you say i anyth i want be wont hold arm tonight caus lord i need you wont open world wont show turn wont teach i need be wont open world wont show turn wont teach i need be now i know your love me caus shine brighter star and last etern wont hold arm tonight caus lord i need you pardon now ive fallen again i pray understand pardon now ive fallen again i pray understand who i need be
184,in eye see pain with lie i take blame with sigh i slowli fall away you i need you you sew i bleed through the endless cloth lie surround me everyth i given me the lesson ive learn bring home it everyth i need it truth i believ right i need be just bring home i hide dark blind sen chase dream fals pretens help find fractur dark sky everyth i believ slowli overtak me im tri find way back home endless day haunt me open eye i cant sleep i need rescu me just bring home you cant bring down caus im go home it everyth i need it truth i believ right i need be just bring home endless day haunt me open eye i cant sleep i need rescu me just bring home
193,i feel alon again i know i need you to help make night a i pray that believ me you gave strength to face anoth day alon and i need friend more know when meet again caus i cant let go you thi world bring again i know i need you to help make night i know that one me you gave strength to face anoth day alon and i need friend more know when meet again caus i cant let go i cant let go a life pas i find rainbow seem chang when i feel alon you bring back you and i need friend more know when meet again caus i cant let go you no i cant let go
205,you say love me then burn again it easi let in now im stand end again you lift up your tear down i know go here feed rage hide within you final lock in will ever let go pretti poison vein go away go away i need anymor you trap me haunt me trick again your reason i alway give in you push edg again you lift up your tear down i know go here feed rage hide within you final lock in will ever let go pretti poison vein go away go away wont leav one day just one day pretti poison vein go away go away i need anymor leav alon leav alon all voic insid head leav alon leav alon all voic insid head pretti poison vein go away go away wont leav one day just one day pretti poison vein go away go away wont leav one day just one day pretti poison vein go away go away i need anymor
206,everybodi go psycho light go out it final go down you feel air it go leav hypnot i feel aliv let live life like were go die join dare were go leav rest behind i feel aliv lose control i feel soul we final let go everybodi go psycho hand up turn down lose sound we final let go everybodi go psycho now time to see side one last chanc step across line i feel aliv psycho eye leav paralyz lock door there place left hide i feel aliv lose control i feel soul we final let go everybodi go psycho hand up turn down lose sound we final let go everybodi go psycho let see go psycho let see go psycho let see go psycho let see go psycho lose control i feel soul we final let go everybodi go psycho hand up turn down lose sound we final let go everybodi go psycho lose control i feel soul we final let go everybodi go psycho hand up turn down lose sound we final let go everybodi go psycho everybodi go psycho
207,some say i need now exactli i go i i die some say im sure lie road ahead time lay down cuz i know heaven home i alon in heart i know heaven home sing i know heaven home i alon heaven home heaven home and heart stone cold i know deep insid day rest high cloud lay down cuz i know ye i know home lie within away life away sin and i give life i give soul come tonight becaus heaven home heaven home x
215,i walk edg again search truth taken memori ive through if i could hear voic i know i would okay i know ive wrong im beg stay would stay will i alon will i scare teach strong and i fall help carri on i cannot alon i wish i could turn back time just one chanc to man i need be i pray understand if i could hear voic i know i would okay i know ive wrong but im beg stay would stay will i alon will i scare youll teach strong and i fall help carri on i cannot alon i need hand help again noth compar i feel i look you you never know never know tomorrow you never know never know tomorrow dont walk away will i alon will i scare youll teach strong and i fall help carri on i cannot alon x i alon i know x i alon
229,search reason fight tide again the thing work feel i can i fell someth beauti turn lie i gave everyth you left die welcom end it go down and i know now we leav same live past you know cant go back and know now we final reach bitter end welcom end say i never listen i never let in you said need me ani would sin believ i say i never chang ill stand fire goe flame welcom end it go down and i know now we leav same live past you know cant go back and know now we final reach bitter end we final reach end x search reason fight tide again the thing work know i can welcom end it go down and i know now we leav same live past you know cant go back and know now we final reach bitter end welcom end welcom end we cant go back welcom end you know cant go back and know now we final reach bitter end we final reach end
243,i cant escap hell so mani time ive tri but im still cage insid somebodi get nightmar i cant control myself so see dark insid me no one would ever chang anim i becom help believ real me somebodi help tame anim thi anim anim i cant escap myself i cant escap myself so mani time ive lie so mani time ive lie but there still rage insid somebodi get nightmar i cant control myself so see dark insid me no one would ever chang anim i becom help believ real me somebodi help tame anim i becom help believ real me somebodi help tame anim somebodi help nightmar i cant control myself somebodi wake nightmar i cant escap hell thi anim anim anim anim anim anim anim so see dark insid me no one ever chang anim i becom help believ real me somebodi help tame anim i becom help believ real me somebodi help tame anim thi anim i becom
257,i cant escap hell so mani time ive tri but im still cage insid somebodi get nightmar i cant control myself so see dark insid me no one would ever chang anim i becom help believ real me somebodi help tame anim thi anim anim i cant escap myself i cant escap myself so mani time ive lie so mani time ive lie but there still rage insid somebodi get nightmar i cant control myself so see dark insid me no one would ever chang anim i becom help believ real me somebodi help tame anim i becom help believ real me somebodi help tame anim somebodi help nightmar i cant control myself somebodi wake nightmar i cant escap hell thi anim anim anim anim anim anim anim so see dark insid me no one ever chang anim i becom help believ real me somebodi help tame anim i becom help believ real me somebodi help tame anim thi anim i becom
269,beyond boundri citi light stand hero wait cri so mani time bring yourself when moment final come ill help on day need brother sister care ill right here choru citizen soldier hold life one guid dark despair stand guard one weve shelter well alway readi alway there when there peopl cri street when theyr starv meal eat when simpli need place put bed right underneath wing rest head on day need brother sister care ill right here choru hope pray never need me the rest assur i let down i walk besid you may see me the strongest among may wear crown on day need brother sister care ill right here on day strength burden bear ill right here choru
271,i mind me i mind i cannot see if care stay me if dare set free if let tri i let see again if i let die let sleep again would sell soul game like play if let go i burn heart away well ur gone and heart well turn stone if im dead time find out im gone just say goodby if let tri i let see again if i let die let sleep again would sell soul game like play if let go i burn heart away
285,well i say sad goodby and i move on well babi heart goe blind whenev gone and i know come back and get by but hold arm oh well get high and i hope never end i wanna see unfold if ever gonna go never let show caus i wanna know just say stand right forev through everi high everi low if ever gonna go never let show caus i wanna know and i care hide the secret keep well babi love knife then buri deep caus know heart would break said goodby so feel same then tell lie caus i hope never end i wanna see unfold if ever gonna go never let show caus i wanna know just say stand right forev through everi high everi low if ever gonna go never let show caus i wanna know oh no dont wanna know i hope never end i wanna see unfold so ever gonna go never let show caus i wanna know ooh say stand right forev through everi high everi low if ever gonna go never let show caus i wanna know
314,there differ spend time me kill time im there mani peopl mani thing make feel like hell your half gone i see say me choru there mani question mani string keep theirselv tie on roller coaster ride it feel like im lie next ghost night i dont know i gave heart caus sometim feel wrong but spite weather i know togeth i swear right now i know right i belong i know i get littl bit crazi ive never done wrong i get distract carri away way long but i dont know need me caus i know i see choru i dont know i gave heart caus sometim feel wrong but spite weather i know togeth i swear right now i know right i belong im right i belong go on play son choru i dont know i gave heart caus sometim feel wrong but spite weather i know togeth i swear right now i know right i belong aninha s zeh
323,if could step into head tell me would still love me if woke bed tell would hold me or would simpli let lie leav wonder whi i cant get head i call mine and i say oh i cant let go my littl girl becaus hold world so i need you your imit walk and perfect way talk it coupl million thing that i love you so i need you so i need you so i need you so i need you and i jump brooklyn bridg tell would still follow me and i made mad today tell would love tomorrow plea or would say dont care and leav stand here like fool drown dispair and screamina oh i cant let go my littl girl becaus hold world so i need you your imit walk and perfect way talk it coupl million thing i love you so i need you so i need you so i need you so i need you i own i own i own oh i cant let go my littl girl becaus hold world so i need you your imit walk and perfect way talk it coupl million thing that i love you so i need you so i need you so i need you so i need you
332,thi world ask much despit give never enough then left cold tire alon search someth that alreadi gone you tri afraid bound thing say and feel like yourself but ill right there noth el lay down rest peac arm now know safe from storm rain and pain and ill silenc remain onli silenc remain your fear know scare wherev go seem meet there and face own never weak alway strong and win time never claim victori mine and carri burden alon but candl burn end long lay down rest peac arm now know safe from storm rain and pain and ill silenc remain lay down lay down lay down rest peac arm now know safe from storm rain and pain and ill silenc remain rest peac arm now know safe from storm rain and pain and ill silenc remain
339,thing say im tire game play alway pretend know come end well brought lie believ there freedom well one say need them come on come on let enjoy ride caus know what insid light and i wanna know what side and well keep go there u night some peopl pay make u believ thing i say but i dont what know got much show they want u think theyr stronger now pretend longer come on come on let enjoy ride caus know what insid light and i wanna know what side and well keep go there u night ive spent whole life wait day come now last i see im one so come on come on come on come on come on come on come on come on let enjoy ride caus know what insid light and i wanna know what side and well keep go there u night come on come on let enjoy ride ooh caus know what insid light and i wanna know what side and well keep go there u
365,i find out figur myself now i doubt what look like hell night sweet mischief i lift quit few let light fuse quick and see thing do let get crazi it onc give spin friend were gonna test limit where would be without wild night without low high fail get right where would be without wild night bare get by the day get high spinnin rhythm world bring dj friday night hungov morn i wanna live littl and it riddl your attent yeah i want middl take hit stage wreck ball effect rage pay price month day onc cloud it haze let get crazi it onc give spin friend were gonna test limit where would be without wild night without low high fail get right where would be without wild night bare get by the day get high whoaoh whoaoh whoaoh whoaoh whoaoh whoaoh whoaoh whoaoh where would be without wild night without low high fail get right where would be without wild night bare get by the day get high whoaoh whoaoh whoaoh whoaoh whoaoh whoaoh whoaoh whoaoh
395,i tri move cool hand it go i plan im full rooki maneuv and gestur meant grand i tri bag trick one anoth i ask heard band so misguid the sincer approach never tri onc you said drop game flat whi i think that my daisi you make go crazi forev amaz me now let let day go lazi my daisi you know im after your music laughter a beauti disast i cant believ creat when let heart deton you let mind go one blast anoth and come next i await tell one time we first got togeth blew mind i find mind gutter when i think daisi cutter my daisi you make go crazi forev amaz me now let let day go lazi my daisi you know im after your music laughter a beauti disast it four month sinc crash life into life you leav path delight destruct quit bomb daisi clap hand get beat clap hand just clap hand beat my daisi you make go crazi forev amaz me now let let day go lazi my daisi you know im after your music laughter a beauti disast my daisi know im after you make heart beat much faster my daisi know drive crazi you blow away daisi
419,let game begin wanna fuck me you cant disturb cours p c t d me im mission to set straight the vice cur date gate relat thi i insist b weak di see im runna sucker stick how could i give damn give damn approv about i freak out just guess yall cmon come back slip outta whack master laid music death i say fuck you void unknown were thrown lost life psychedel trip take there anoth bizarr make world nowher beyond take earth bass gone at life end well feel calm how strang all choru if someon worth doin to friend end earth swallow yet into whose womb woven kin skin drop then bodi cloven light daybreak blind next exit the wild dark form insid it my day promis death bring remind we are rumbl cur univers death birth think manifest worth give vers cur occur thirst to burst first break center univers slam lingo flow jam bumrush singl long ago becom find there break in rhythm black anima make stamen stand alon disown cinema farewel pose decad doze comin step new screen rise scene lost world shape hard tell which drawn child holm choru thi heat flush face
427,music hexum lyric hexummartinez purifi sound brush em like paint teenag dream work ron saint home aint layin track cali the dude excit pep ralli sinc day the ed grew westsid keep real got noth hide now number none greater take sound king yo peac see ya later let step tonight night the groov soothin let step tonight alright it fellow feelin with friend again grape f soda pop licoric stick aunt mari summertim backyard picnic did dring beer doug yeah i it dont tell bring beer think i sip it swingin swingin jungl gym set daddi talkin bout hors bet when i got home friend phone hey holm let step tonight night the groov doothin let step tonight alright it fellow feelin with friend again eat smoke fish favorit dish eat smoke fish favorit dish eat smoke fish favorit dish eat smoke fish favorit dish let step tonight night the groov soothin let step tonight alright it feelin with friend again
431,hand hand i crawl back land there retreat that option far away i brave but i alway crave the golden sunlight it me but im set free for golden sunlight oh there door open walk through all i want beyond what i could let guard down into freedom on somehow came out when i cant talk about someon help me a free i wanna be i cannot era but help face the song flower at last percept of self decept the song flower oh there door open walk through all i want beyond what i could let guard down into freedom on what i could let guard down what i could live wide open yeah what i could let guard down and go beyond great unknown sweetheart ive bother a golden sun lit path ive after grass hill wild flower sharp road trail for daughter i want father i want hear laughter under meteor shower the dog howl midnight hour there door open walk through all i want beyond what i could let guard down into freedom on what i could let guard down what i could live wide open yeah what i could let guard down and go beyond great unknown
439,how long been sinc let in i need yesterday just alway way oh im excit fault but that fault feel like time grind halt second assault rush earth by planet spin tell long been how long been sinc let in i need yesterday just alway way there abstract the metaphys u are show u patienc alert attent in white star silenc we get har the farthest we make dark how long been sinc let in i need yesterday just alway way n solo intro but i get back present back moment im grate stay the order day bliss delay play see everyth much okay feel rhythm feel rhythm playay breakdown choru how long been sinc let in i need yesterday just alway way how long been how long
444,just throw away materi posse and sing prais life thi trip taught valuabl lesson the futur bring clariti vision sign it independ day ive seen side i say oh ive insan and i never same a mountain bring space the vine bring time wind bring chang uniti mind it independ day ive seen side i say oh ive insan and i wont never same a raw son sin glamour and greedi violent rage stimul torment assail peac dead uneasi moment first warrior stir reveal denial bring scheme return the battl begin first victim slowli grudgingli submit captiv conscious and i say it independ day
457,let card fall let card fall may all i i say gotta move trust instinct surrend let song sing itself i admit know all friend excit theyll tell so so let card fall fall may in checkin convict dick we run shit way so wish follow bliss everyday never ask advantag let card fall may so let card fall and fall plea ask were it i ea take space peopl who wish hold back but realiti major realli give jack
502,just sever leash releas freedom speech believ deed receiv somehow somewher wont repaid blank stare let know dare there one could cure you like she doe one could leav alon cuh cuh come on here i goe vibe holi eye close either im asleep im think deep eventu i sigh i kick sheet tri piec togeth im here noth except damn eye ear sever i listen heart alway ever it good might get better it good might sever i tell money there honey alway show dont know it stare door think mess your in couch sink deep girl that gone just sever leash releas freedom speech believ deed receiv somehow somewher wont repaid blank stare let know dare now think her drink vain el feel like your betray were wakin face up shakin up know extend field deal let get vibe want open heart proceed feel your inchin up summit never plummet boot system up bail middl finger up abrupt babi dont corrupt standin club playin wall theyr all think true el do tri turn back time tow line caus space your in place like home
531,ohhh ohhh there alway excus need one there alway excus need one aw alway reason someon there alway excus need one there alway excus need one aw alway tipto around turncoat today yeah which mood gonna today yeah thi time done it you hurt good your best friend gone and understood all alon sing at true la style your phone stop ring there alway excus need one there alway excus need one aw there alway excus need one there alway excus need one alway shut down get right caus person cant win even put fight get right everyon got someth keep awak night that fact dont think time gave let slack take back dont think one go it take back there alway excus need one there alway excus need one awww there alway excus need one alway excus need one alway excus need one alway excus need one alway excus need one alway awww awww alway
562,i find out figur myself now i doubt what look like hell night sweet mischief i lift quit few let light fuse quick and see thing do let get crazi it onc give spin friend were gonna test limit where would be without wild night without low high fail get right where would be without wild night bare get by the day get high spinnin rhythm world bring dj friday night hungov morn i wanna live littl and it riddl your attent yeah i want middl take hit stage wreck ball effect rage pay price month day onc cloud it haze let get crazi it onc give spin friend were gonna test limit where would be without wild night without low high fail get right where would be without wild night bare get by the day get high whoaoh whoaoh whoaoh whoaoh whoaoh whoaoh whoaoh whoaoh where would be without wild night without low high fail get right where would be without wild night bare get by the day get high whoaoh whoaoh whoaoh whoaoh whoaoh whoaoh whoaoh whoaoh
572,here im waitin chanc make right everi word say make heart go bang bang caus sound nice well ive alon and fool babi know that golden rule well ive alon and fool babi know that way like it let take away wing superfli mayb well celebr room sky heaven know well go boom boom boom what get mood babi give up im misus confus it drag well ive alon and fool babi know that golden rule well ive alon fool babi know that way like it let take away wing superfli mayb well celebr room sky heaven know well go boom boom boom here im waitin chanc to make right do turn mayb turn off could decid well ive alon and fool babi know that golden rule well ive alon and fool babi know that way like it let take away wing superfli mayb well celebr room sky let take away wing superfli mayb well celebr room skyheaven know well go boom boom boom
582,when i wake hous i get dress i get lost i know way go i guess ill cup joe where hell i anyway so i end street walkin talkin beat in fog haze ive trippin day can help find way home dont rock teh boat now let slide groovi peopl walk back forth that right so i hop bu destin read plea save u not soul i know to found dark hole can help find way home can help find way home im tire look door plea help find way plea help find way i cant find door where i now i now i find float
586,here im waitin chanc make right everi word say make heart go bang bang caus sound nice well ive alon and fool babi know that golden rule well ive alon and fool babi know that way like it let take away wing superfli mayb well celebr room sky heaven know well go boom boom boom what get mood babi give up im misus confus it drag well ive alon and fool babi know that golden rule well ive alon fool babi know that way like it let take away wing superfli mayb well celebr room sky heaven know well go boom boom boom here im waitin chanc to make right do turn mayb turn off could decid well ive alon and fool babi know that golden rule well ive alon and fool babi know that way like it let take away wing superfli mayb well celebr room sky let take away wing superfli mayb well celebr room skyheaven know well go boom boom boom
592,have faith me caus thing ive seen i believ so cling know never let go you know thing alway seem i said id never let go i never did i said id never let fall i alway meant it if chanc i never did youll alway find right there again ive gone crazi caus thing street i believ so well pretend alright stay night what world ill keep safe me i said id never let go i never did i said id never let fall i alway meant it if chanc i never did youll alway find right there again i said id never let go i never did i said id never let fall i alway meant it if chanc i never did youll alway find right there again theyv got outsid look in but i cant see all with weight world shoulder they wanna see fall theyv got outsid look in but i cant see all with weight world shoulder they wanna see fall have faith me i said id never let go i never did i said id never let fall i alway meant it if chanc i never did youll alway find right there again i said id never let go i never did i said id never let fall i alway meant it if chanc i never did youll alway find right there again i said id never let go i never did i said id never let go i never did i said id never let go i never did i said id never let go i never
594,da da da de da da da da da da de da da da let go it easi make name yourself where draw line i never thought id far let fun never chang anyon tri miss im gone oooh i sold soul open road ill live life alon you find spot believ me i could never stop life turn upsid down meet past train track im leavin come back your right i wrong thi town downfal u all im gonna need tri follow along i best i could tri write song now go tell sold out like were one chang i write i feel i say i mean you cant buy sincer oooh i sold soul open road ill live life alon you find spot believ me i could never stop life turn upsid down meet past train track im leavin come back your right i wrong thi town downfal u all dont forget made mind we sign dot line x you find spot believ me i could never stop life turn upsid down meet past train track im leavin come back your right i wrong you find spot believ me i could never stop life turn upsid down meet past train track im leavin come back your right i wrong thi town downfal u all town downfal u all downfal of u all x alandub
606,choru to anyon who alon crowd room put hand high sing tune it late night hour spend help down we got thi vers your like i age we knew better name it weve there when i place i could call own spent day count way would get it but said stupid kid say knew u well come get real choru to anyon who alon crowd room put hand high sing tune it late night hour spend help down we got thi vers im afraid anyth here futur it nice i knew ya go find someth make feel complet till next time meet choru to anyon who alon crowd room put hand high sing tune it late night hour spend help down we got thi bridg your like me thing get better trust ive there your like me thing get better trust ive there your like me thing get better trust ive there your like me thing get better trust ive there choru to anyon who alon crowd room put hand high sing tune it late night hour spend help down we got thi to anyon who alon crowd room put hand high sing tune it late night hour spend help down we got thi yeah got
628,dont point finger babi thi best time test me now messag anyon here said it anyon i would lie for tell me would lie for let leav light im still sing whoa whoaa dont say let go caus never know youll never know im still sing whoa whoaa dont say let go caus never know dont quick blame friend when smoke clear nobodi left dont sure yourself said if me would never know name never know name heart mean everyth let leav light im still sing whoa whoaa dont say let go caus never know youll never know im still sing whoa whoaa dont say let go caus never know dont ride me faith dont ride me faith from top world well let know that biggest fear let go from top world well let know that biggest fear let go im still sing whoa dont say let go caus never know youll never know im still sing whoa whoaa dont say let go caus never know
633,i feel like runaway see light day first time im draw line it hard care know all in slow motion i watch fall like blind thought poison mind i alway bend come you i think chang never do you never do i enabl you let down let like know how shot out shot out forgiv forget forgiv forget whoawhoa let down let like know how shot out shot out forgiv forget forgiv forget whoawhoa wish i could say face someth differ someth brave wish i would i never could i feel slowli pull in i tri help sink swim and weight there comfort pain let down let like know how shot out shot out forgiv forget forgiv forget whoawhoa let down let like know how shot out shot out forgiv forget forgiv forget whoawhoa youv drain love i had all i you youv drain love i had all i you all i you let down let like know how shot out shot out forgiv forget forgiv forget whoawhoa let down let like know how shot out shot out forgiv forget forgiv forget whoawhoa
634,have faith me caus thing ive seen i believ so cling know never let go you know thing alway seem i said id never let go i never did i said id never let fall i alway meant it if chanc i never did youll alway find right there again ive gone crazi caus thing street i believ so well pretend alright stay night what world ill keep safe me i said id never let go i never did i said id never let fall i alway meant it if chanc i never did youll alway find right there again i said id never let go i never did i said id never let fall i alway meant it if chanc i never did youll alway find right there again theyv got outsid look in but i cant see all with weight world shoulder they wanna see fall theyv got outsid look in but i cant see all with weight world shoulder they wanna see fall have faith me i said id never let go i never did i said id never let fall i alway meant it if chanc i never did youll alway find right there again i said id never let go i never did i said id never let fall i alway meant it if chanc i never did youll alway find right there again i said id never let go i never did i said id never let go i never did i said id never let go i never did i said id never let go i never
675,know exactli feel like obstacl way remain remain save breath even speak speak chang caus wont wont cut chase spare lectur take make man caus weak im strong never falter ill stand ground fake worthless coward life wont mean anyth let set thing straight what done done never need you tell exactli think kid everyon happi find miss ask wed ever forget you weve got finger cross finger cross that danger start fire never know mani bridg burn
677,da da da de da da da da da da de da da da let go it easi make name yourself where draw line i never thought id far let fun never chang anyon tri miss im gone oooh i sold soul open road ill live life alon you find spot believ me i could never stop life turn upsid down meet past train track im leavin come back your right i wrong thi town downfal u all im gonna need tri follow along i best i could tri write song now go tell sold out like were one chang i write i feel i say i mean you cant buy sincer oooh i sold soul open road ill live life alon you find spot believ me i could never stop life turn upsid down meet past train track im leavin come back your right i wrong thi town downfal u all dont forget made mind we sign dot line x you find spot believ me i could never stop life turn upsid down meet past train track im leavin come back your right i wrong you find spot believ me i could never stop life turn upsid down meet past train track im leavin come back your right i wrong thi town downfal u all town downfal u all downfal of u all x alandub
684,choru to anyon who alon crowd room put hand high sing tune it late night hour spend help down we got thi vers your like i age we knew better name it weve there when i place i could call own spent day count way would get it but said stupid kid say knew u well come get real choru to anyon who alon crowd room put hand high sing tune it late night hour spend help down we got thi vers im afraid anyth here futur it nice i knew ya go find someth make feel complet till next time meet choru to anyon who alon crowd room put hand high sing tune it late night hour spend help down we got thi bridg your like me thing get better trust ive there your like me thing get better trust ive there your like me thing get better trust ive there your like me thing get better trust ive there choru to anyon who alon crowd room put hand high sing tune it late night hour spend help down we got thi to anyon who alon crowd room put hand high sing tune it late night hour spend help down we got thi yeah got
686,it start brand new day and im struggl stay awak so i stumbl outsid lose hope whole life im scrape by hope one notic me here i again tri give in to anoth bitter end i think itd wrong to alon tonight plea make end and im watch light flow by watch car pas think last dark cloud window dark cloud window take last breath time flow chest i lost be i lost be here i again tri give in to anoth bitter end i think itd wrong to alon tonight plea make end and i could chang world accomplish and i could chang world accomplish here i again tri give in to anoth bitter end i think itd wrong to alon tonight plea make end and i could chang world with accomplish and i could chang world with accomplish and i could chang world with accomplish and i could chang world with accomplish
743,got word gettin readi gonna get pay union man runnin light loadin heavi where action hot it i am no town no citi gonna free jump n jive kissin life gettin gritti if mule kick know mule ride and i know ye i know oh i know that way go and i know and i know ooh and i know im gonna get road choru caus im livin borrow time you way ill mine livin borrow time dont need shove dont need sign no sign oh yeah call name call crazi dont tri stop i feel way it game whoop daisi here come anoth girl make day and i know ye i know and i know that way go and i know ye i know im gonna get im road caus im livin borrow time you way ill mine caus im livin borrow time dont need shove dont need sign so long goodby good luck au revoir babi look peopl never let loo caus im livin borrow time you way ill mine livin borrow time dont need shove dont need sign ye im livin borrow time livin borrow time im livin borrow time dont need shove dont need sign no sign ohh i need sign show way
749,when i see pretti woman you know give thrill and tailor made order you know i cant stand still and need doctor caus itll cure ill and i hear noisi parti you know give chill it get rockin rollin and i cant stand still from morn till midnight you know i cant stand still you know i cant stand still i cant stand still you know i cant stand still i cant stand still from morn till midnight you know i cant stand still oh yeah when come sippin honey you know i drink fill and ill dancin water you know i cant stand still from morn till midnight you know i cant stand still oh yeah you know i cant stand still i cant stand still i cant stand still you know i cant stand still from morn till midnight you know i cant stand still you know i cant stand still i cant stand still babi i cant stand still i cant stand still from morn till midnight you know i cant you know i cant stand still
755,i like slip someth good i see young girl neighborhood the way move i must confess i like run hand leg the way dress look fine ill make wet ill make mine gonna make mine she like hard like slow she like slow all right honey come let go babi want way move babi feel want feel need come let go babi feel need cover oil i wanna cover oil let cover oil let cover oil i wanna cover oil cover oil let cover oil yeah pull zip give good lip servic it noth show i pay see go she make hot spray lot so comin honey were headin top the way push give dime she give dime abus life gonna make satisfi she kinda rough give tough come honey strut stuff babi feel want way move babi feel need come let go cover oil i wanna cover oil cover oil let cover oil i wanna cover oil cover oil let cover oil let go ooooh yeah yeeeeeeeah babi want it way move me feel need so come let go yeah cover oil cover oil let cover oil i wanna cover oil i wanna cover oil cover oil let cover oil cover oil cover you in oil
766,she idl child high societi never push broom not physic her eye you her nose up never spill whiskey when fill cup im borderlin she spread round and show off with neon sign say dont touch between devil the deep blue sea she use like begger to get hold me choru on borderlin a danger sign on borderlin get out line on borderlin it feel good on borderlin the borderlin on borderlin borderlin here goe you know shoot dice to claim dream you pull without a thought me she come watch and your pocket dri the queen heart will kill ace is high on borderlin she idl child high societi never push broom not physic her eye you her nose up never spill whiskey when fill cup gonna meet there if want me meet on the borderlin
778,she word had way the way let know she knew game call play oh hit low she said go way and ill go mine and that start doctor doctor aint cure for pain heart choru gimm bullet bite on someth chew gimm bullet bite on and ill make believ ill make believ you dont need drink dont need drug dont need sympathi sooner later send bill for doin me ill call right up long distanc lip on telephon come tomorrow come grip with alon choru a bullet bite on gimm bullet bite on cmon now yeah yeah bullet bite bullet chew ill make believ you ill make believ you gimm bullet bite on your bullet babi i wanna bullet bite on
809,here come come eat thrill sugar cane sugar cane dressin kill like firebal shadow like storm that gonna show like overwhelm volcano get set blow set blow she got nasti reput she got healthi apetit when need deton she set fuse alight fuse alight feel like kissin dynamit let rain let rain let feel pour let slide let slide let feel core like thunder mountain like lightn sky like eye tornado she watch go by go by then kill recreat and play game night she want work vocat she set world alight set world alight feel like kissin dynamit dynamit come dynamit gonna blow dynamit wanna warn you dynamit volcano dynamit got imagin dynamit that way want that way hell go dynamit feel like kissin dynamit
813,let get it up my my my lose lip sink ship come aboard pleasur trip high tide let ride moon rise i im gonna get up never gonna let up cruse seven sea a pirat knobbi knee im never go down never go down let get up let get up get right up yeah let get up right top let get up right now lose wire caus fire get tangl desir screw em plug em in let switch start again im gonna get up never gonna let up tick like time bomb blow fuse box im never go down never go down let get up let get up get oh oh let get up right top let get up right now get up come here right now awww let get up come let get up hey get get it let get up switch start up let get oh yeah yeah let get up ya ya ya ya ooooh let get up oh yeah let get oh let get up get up get up get up right up ha ha
814,hey sugar babi hot tasti come give love drive wild it way past midnight take ride well make honey were cruis real slowli let make it wast it let make it come tast it ill ladi man give chanc well keep jump till music run dri and take rest well smoke cigarett and start smoke go control let make it wast it let make it come tast it nah nah nah nah let wast it nah nah nah nah were gonna make it let make it wast it let make it come tast
829,who leader who man who help fill hand who friend who foe who juda know night long knive night long knive night long knive night long long knive where saviour where lay when pray life who fight back back who defend whose attack night long knive stick em back wood
880,the storm ragin the wind howlin the water call rescu you a flash lightn and look frightenin horror comin sun shine choru rain day may day rain day stormi may day x stormi may day ahhw the sky darken the dog barkin i go help hope get through i come fightin i stand besir her the peopl runnin moon rise choru rain day may day rain day stormi may day x
914,i power hand i brave i nervou im scare life chang but star stay u we good guy we help need we need we help you friend we good guy we good guy im happi im excit becaus im dreamcatch i help you im power but power good we good guy we good guy we help need we need we help you good insid we good guy we help you need we need we help you friend we good guy we help you need we need we help you friend we good guy we help you need we need we help you friend
918,so i got boot on got right amount leather and im black color liner and im work strut i know matter all need world love there thin line tween dark side and light side babi tonight it struggl gotta rumbl tryina find it choru but i you that would thing id ever need yeah i you the money fame fortun never could compet if i you life would parti itd ecstasi yeah i you yyyyy yyyyyy yyyyyy if i you from new york la get high rock roll get room trash til ten morn girl stripper heel boy roll maserati what need world love there thin line tween wild time and flatlin babi tonight it struggl gotta rumbl tryina find it choru but i you that would thing id ever need yeah i you the money fame fortun never could compet if i you life would parti itd ecstasi yeah i you yyyyy yyyyyy yyyyyy if i had the flash light it might feel good but i got stuck mind yeah the fashion stage might get high but mean thing tonight that would thing id ever need yeah i you the money fame fortun never could compet if i you life would parti itd ecstasi yeah i you yyyyy yyyyyy yyyyyy if i you that would thing id ever need yeah i you the money fame fortun never could compet never could compet you if i you life would parti itd ecstasi itd ecstasi you yeah i you yyyyy yyyyyy yyyyyy if i
925,you know i veil all cover up myself it alway there now wanna know how feel gonna let show im happi entertain share you it hard say thought hurt you im gonna let stare they feel like there so welcom show bring light let shine you were togeth tonight welcom show welcom life welcom show welcom life welcom life i know i flaw i pay price im grate your let myself the good bad im gonna let stare they feel like there so welcom show bring light let shine you were togeth tonight welcom show welcom life welcom show welcom life welcom life welcom life welcom life my life my life im gonna let stare im gonna let im gonna let you im gonna let im gonna let them they feel like there so welcom show bring light let shine you were togeth tonight welcom show bring light let shine you were togeth tonight welcom show welcom life welcom show welcom life welcom life welcom life my life my life my life welcom life
944,alon dark hole heart turn radio and word fall out but got place go wast you high fume know i let go but world stop and i got ghost anoth day anoth lone night i would anyth side anoth day anoth lone night dont wanna throw away anoth lone life no time sleep all i see are old memori you yeah i tri best but there one left lose tear eye i drive night a far i you and i give fuck sun come up yeah anoth anoth day anoth lone night i would anyth side anoth day anoth lone night dont wanna throw away anoth lone life no i give fuck sun come yeah it anoth anoth day anoth lone night i would anyth side anoth day anoth lone night dont wanna throw away anoth lone life
945,alon dark hole heart turn radio and word fall out but got place go wast you high fume know i let go but world stop and i got ghost anoth day anoth lone night i would anyth side anoth day anoth lone night no time sleep all i see are old memori you yeah i tri best but there one left lose tear eye i drive night a far i you and i give fuck sun come up yeah anoth anoth day anoth lone night i would anyth side tear eye i drive night a far i you and i give damn sun come up i would anyth side
950,cold ice and bitter decemb winter night that i treat you and i know i i sometim tend loo temper and i cross line yeah that truth i know get hard sometim but i could never leav side no matter i say caus i want go i would gone but i realli need near me to keep mind edg if i want leav i would left now but one know me better i know myself all along i tri pretend matter if i alon deep i know if gone for even day i know way turn caus im lost without you i know get hard sometim but i could never leav side no matter i say caus i want go i would gone but i realli need near me to keep mind edg if i want leav i would left now but one know me better i know myself i get kind dark let go far i obnoxi time but tri save heart caus i need now so let down you thing world i would die without caus i want go i would gone but i realli need near me to keep mind edg if i want leav i would left now but one know me better i know myself caus i want go i would gone but i realli need near me to keep mind edg if i want leav i would left now but one know me better i know myself
957,guess meant be it bad seem it burn i breath you saw way i fell but im better myself that tale i like tell but it easi say goodby everyth want back life cant let go cant let go it feel like dawn dead like bomb go head never moment rest noth kill know that end road and i know i gotta let go but it easi say goodby everyth want back life cant let go cant let go cant let go cant let go wish i could find way to memori era co constantli theyr haunt me but it easi say goodby everyth want back life cant let go cant let go cant let go cant let go i cant let go i cant let go
959,stare ceil dark sheet knot my heart like rock yeah pictur flash insid head im hang thread but id again yeah i keep run away run away run away you but i cant stand break chain break chain break chain it good caus i know second go want bring back bring back me and i know i want chokehold want bring back bring back bring back me bring back me oh without touch i suffoc cold asphyxi but i kind like pain yeah babe i smell cloth i tri stay compos but feel fever grow grow whoao oh i keep run away run away run away you but i cant stand break chain break chain break chain good caus i know second go want bring back bring back bring back me and know i want chokehold want bring back bring back bring back me bring back me bring back me oh oh oh hey hey oh oh i want chokehold oh oh hey hey gotta im bring babi back yeah back me caus i know second go want bring back bring back bring back me and know i want chokehold want bring back bring back bring back me bring back me bring back me
973,i know reason let make choic let throw caution just one voic so walk through back field when i walk down that road i find i alreadi know on show if there god then god know walk back through field i knew so when like believ a moment time when shine so walk through back field oh take home back field era dream rewrit scene if there god then god know what know on show
984,so i got boot on got right amount leather and im black color liner and im work strut i know matter all need world love there thin line tween dark side and light side babi tonight it struggl gotta rumbl tryina find it choru but i you that would thing id ever need yeah i you the money fame fortun never could compet if i you life would parti itd ecstasi yeah i you yyyyy yyyyyy yyyyyy if i you from new york la get high rock roll get room trash til ten morn girl stripper heel boy roll maserati what need world love there thin line tween wild time and flatlin babi tonight it struggl gotta rumbl tryina find it choru but i you that would thing id ever need yeah i you the money fame fortun never could compet if i you life would parti itd ecstasi yeah i you yyyyy yyyyyy yyyyyy if i had the flash light it might feel good but i got stuck mind yeah the fashion stage might get high but mean thing tonight that would thing id ever need yeah i you the money fame fortun never could compet if i you life would parti itd ecstasi yeah i you yyyyy yyyyyy yyyyyy if i you that would thing id ever need yeah i you the money fame fortun never could compet never could compet you if i you life would parti itd ecstasi itd ecstasi you yeah i you yyyyy yyyyyy yyyyyy if i
994,i vision colour bled away i noth follow wa prison life stuck replay and wish hollow you beam light lit broken sky there someth you i vision paint world me i lay besid you i need wander more i found ive look for i need map know way i need map tell im at now i believ i see now i breath and i need map know way i need map alway light path the dawn bright and my percept open wide you know flood sen what inspir feel i cant describ forgotten defenc you beam light lit broken sky there someth you ooh i vision paint world me i stay besid you i need wander more i found ive look for i need map know way i need map tell im at now i believ i see now i breath and i need map know way i need map alway light path follow me i believ i believ i believ i see i believ i believ i believ i see now i believ i see now i breath and i need map know way i need map alway light path
