,processed_text
12,you look away me western sky call you color spill run dazzl you i look way voic call east i saw root tree plant foot it could im search place small room everyth world world revolv but wait i hold back suppos i clever one word came easi me i could say i write song me mayb vers yet tobe found wait insid me secret room tangl web unweav but wait know way hold on still know late
24,you look away me western sky call you color spill run dazzl you i look way voic call east i saw root tree plant foot it could im search place small room everyth world world revolv but wait i hold back suppos i clever one word came easi me i could say i write song me mayb vers yet tobe found wait insid me secret room tangl web unweav but wait know way hold on still know late
37,music maniac lyric mari ramsey shard glass cut gaze broken streamer hang leg drunk giddi full fate cabaret smokey stare bar stray bottl tumbl i feel misti spray perfect perfect day cabaret afar see venu rise overwhelmingli beauti sigh look love eye put hand upon leg look closer lust begin fade drag queen say could dream im in fellini would proud gluttoni enfold scene give one last round shine face danc away swing skirt pant leg kaleidescop shassez blink glass fli suddenli joy becom fight toss turn sight
54,even eye close funni i know harder harder now young girl young girl day think i could live alway but like ocean tide im drawn back insid i know season pas like sand insid glass noth noth return stand friend ive made ill race grave well won extra day but like ocean tide im drawn back insid but like ocean tide im drawn back insid i know when year toll water wide shallow high low in autumn sky happi know im go home even eye close funni i know final final begun but like ocean tide im drawn back insid but like ocean tide im drawn back insid i know i know i know
107,when day end church bell ring valley shroud snow feel hope somewher vanish there poetri left consol you smallest step find way oh fate born life jewel stone tarnish dust descend take minut wipe free lustr itll mirror day without end smallest step feel start journey way oh tri tell ill learn myself tri tell know word disappear wind i run away laughter echo pale beam ray know alway ever within anyway
115,detroit laboston san francisco first time ocean plane a billion star lay circl slowli jfk so much see insid week they came look someth new tri press flat insid day old dominion saturday arlington etern flame sunday tour niagara fall mist monday ill head south new orlean cajun sound tuesday tupelo elvis home tri press flat insid day what wonder stay on mule grand canyon ride wednesday hope get denver day friday ride washington glacial mountain sun hop train canada east they came look someth new tri press flat insid day what wonder stay
125,natali merchant piano don grolnickcello denni karmazynviola novibass bob magnussonstr arrang david campbel the man take tea alon morn rise wireless verdi cri im hear opera door the soul men woman impass all their voic climb fall battl trumpet call i fill bath climb insid sing he touch pastri everi day bring more gold breakfast tray i steal away go eat shore i draw jackalhead woman sand sing lover fate seal jealou hate wash hand sea with three day id learn entir score aida holiday must end know all memori taken home me opera stolen tea sand draw verg sea year ago
130,music robert buckword natali merchant how teach happi puppet danc string how learn everyth come along slavish funneri tell someth world insan make sane let anoth man tug thread pull nod head how teach happi puppet danc string how manag live insid tini stage cant leav tell someth world insan make sane let anoth man tug thread pull nod head a dullard strung wire when master gone hang eye limb lifeless how teach happi puppet danc string how manag speak mouth frozen grin a dullard strung wire when master gone hang eye limb lifeless tell someth world insan make sane let anoth man tug thread pull empti wooden head your hollow head marbl eye wooden hand metal jaw pin wait limbo man know move way
134,bite hand feed you lie voic insid reach beg someth life is lesson take given feed on self destruct wait explod again no sign resolut life lesson take what your given you need direct find way dont you listen kill time kill mind matter stop and listen now bend breakdown die free within like see life is lesson take given forc your self solut fall line again when will find answer life lesson take what given fall ground left face recal the mirror ugli glare
152,fear fall hard like rain again wash me you say noth ever chang what believ you fall deep insid again noth left see weak fill heart again you put rest choru forfeit everyth caus never strong enough close eye again and pray give up i tri see face again a photograph me your voic call again noth left me you tri find place again wait breath weak take heart again you put rest lock insid x choru x did forget thing said fight lie insid head deni tri bring down kill pain empti find love lose yourself without life memori lock insid x
157,bite hand feed you lie voic insid reach beg someth life is lesson take given feed on self destruct wait explod again no sign resolut life lesson take what your given you need direct find way dont you listen kill time kill mind matter stop and listen now bend breakdown die free within like see life is lesson take given forc your self solut fall line again when will find answer life lesson take what given fall ground left face recal the mirror ugli glare
189,im reach without sound my pride fall floor again insid mind i search find a place call own deep insid eye i blind love still i run far find that im alon again in head i hear call me and i cant run caus there noth left me when i fall alway follow deep insid deep insid deep insid head i cant last feel pas onc i hide pain insid the smile wear thin lie begin to bring again when i run i run far away you i hide pain lie deep insid again and faith i put you thi time take away insid head deep insid my head
203,fear fall hard like rain again wash me you say noth ever chang what believ you fall deep insid again noth left see weak fill heart again you put rest choru forfeit everyth caus never strong enough close eye again and pray give up i tri see face again a photograph me your voic call again noth left me you tri find place again wait breath weak take heart again you put rest lock insid x choru x did forget thing said fight lie insid head deni tri bring down kill pain empti find love lose yourself without life memori lock insid x
210,look around tell see place surround hate hide the shadow insid you insid me we ever hope see were look you want find way home leav your hate behind when learn you find your own way when learn follow through make your way look someth believ find the answer start time follow insid of you insid me ever hope be if were tri want find your own way home again leav hate behind find anoth way get insid me find yourself dont want find yoru way home again just leav hate behind tiago
213,everi morn i wake anoth day i bow head hit knee i begin pray i search answer i wonder ill ever find run circl maze deep insid mind you alway take higher level show someth that deep insid you show thing i never knew you push pull me you set soul fire you take much higher higher again thank all everyday live life know mean consol fulfil dream and i look across crowd eye i see all troubl pain stare back me you alway take higher level you show someth that deep insid you show thing i never knew you push pull me you alway give best me lift hand high right i see you alway give best me lift hand high right i see
253,nevermind face put on in front me nevermind pain that put through co everi littl thing say and everi littl thing do make doubt thi what wait for choru look did is want be well me look did is want be and life gave away wa meant me forget trip on or seem nevermind lie told tear caus everi littl thing said and everi littl thing did made doubt thi choru look did is want be well me look did is want be and thi life gave away wa meant me yeahhhhhh oh meant me yeah hey yeah hey look did is want be well me look did is want be thi life gave away wa meant me yeahhhhhh oh meant me yeah hey yeah hey oh no oh
254,alway wait someth search one thing and i know somewher all room without know the way go a long take anywher there life there one danc there fate there one chanc to find i want be and i know insid me i look far side search daylight someth mine own and love hindsight that work life let forget went wrong there life there one danc there fate there one chanc to find i want be and i know insid me there love much more that wait behind door there much i want see and i know insid me oh woah woah there life there one danc there fate there one chanc to find i want be and i know insid me there love much more that wait behind door there much i want see and i know insid me it insid me oh insid me oh woah
255,when day seem count noth is hope i hold onto gonna count someth when night feel like theyr run togeth that i keep dreamin thing get better forev all day come go across mile far home all i find road rambl on there life there life im missin so much i see there life there life im chasin that alway stay one step ahead me out reach i know im get closer i believ long i breath dream never over insid i tri find way keep hope aliv i hold line keep hang on there life there life there life there life i see there life there life there life there life
289,alway wait someth search one thing and i know somewher all room without know the way go a long take anywher there life there one danc there fate there one chanc to find i want be and i know insid me i look far side search daylight someth mine own and love hindsight that work life let forget went wrong there life there one danc there fate there one chanc to find i want be and i know insid me there love much more that wait behind door there much i want see and i know insid me oh woah woah there life there one danc there fate there one chanc to find i want be and i know insid me there love much more that wait behind door there much i want see and i know insid me it insid me oh insid me oh woah
290,nevermind face put on in front me nevermind pain that put through co everi littl thing say and everi littl thing do make doubt thi what wait for choru look did is want be well me look did is want be and life gave away wa meant me forget trip on or seem nevermind lie told tear caus everi littl thing said and everi littl thing did made doubt thi choru look did is want be well me look did is want be and thi life gave away wa meant me yeahhhhhh oh meant me yeah hey yeah hey look did is want be well me look did is want be thi life gave away wa meant me yeahhhhhh oh meant me yeah hey yeah hey oh no oh
298,show road i find own build bridg ill burn down so far away alon i roam im take chanc now and wonder who sale know i tell your alway hide throw hand hero ride again choru god know place ive been i love life im live and i look back regret yesterday when i hand tomorrow ill live today anoth day yet anoth done spend life live within past ill take chanc chanc gone never know last well never know when run time with therel nowher run well never say were head were drown insid thing weve said
333,when day seem count noth is hope i hold onto gonna count someth when night feel like theyr run togeth that i keep dreamin thing get better forev all day come go across mile far home all i find road rambl on there life there life im missin so much i see there life there life im chasin that alway stay one step ahead me out reach i know im get closer i believ long i breath dream never over insid i tri find way keep hope aliv i hold line keep hang on there life there life there life there life i see there life there life there life there life
338,put train mama caus thing aint more put train mama im leavin today i dont want watch world spinnin i want spin it put train mama im leavin today caus ive got feel that sure and know i get make want more mama i want know im gonna fine lord i know it chanc i take but i know youll forgiv mistak i make there life it gonna mine put train mama caus i cant take pain more put train mama im leav today there world that waitin and i know it chanc im takin put train mama im leav today caus ive got feel that sure and know i get make want more mama i want know im gonna fine lord i know it chanc i take but i know youll forgiv mistak i make there life it gonna mine god know long ill gone but mayb one day train bring home put train mama ooo put train mama put train mama im leav today caus ive got feel that sure and know i get make want more mama i want know im gonna fine lord i know it chanc i take but i know youll forgiv mistak i make there life it gonna mine put train mama im leavin today
354,oh oh oh oh oh oh you go oh oh oh oh oh you go oh oh oh oh oh you go ay ay ay ay ay ay all tear i cri ay ay ay ay ay all tear i cri ay ay ay ay ay babi plea go when i read letter wrote it made mad mad mad when i read news brought me it made sad sad sad but i still love so i cant let go i love you ooh babi i love you oh oh oh oh oh oh everi breath i take oh oh oh oh oh everi move i make oh oh oh oh oh babi plea go ay ay ay ay ay ay you hurt soul ay ay ay ay ay you hurt soul ay ay ay ay ay darl plea go when i read letter sent me it made mad mad mad when i read news brought me it made sad sad sad but i still love so and i cant let go i love you ooh babi i love you whoa ho amber color energi whoa ho shade color blend natur whoa ho amber color energi whoa ho shade color blend natur oooooooh yeah yeah
375,search someth a million mile way go end wonder moment i think i know the answer seem allud me search someth a million mile way go sift noth liquid cannot hold destin nowher ooh destin nowher oohooh bro i dream man buri lore that i sail sea i explor and lucid way homey i didnt need oar uhuh i feel id yo i hit shore shroud mist and distanc come view primordi forest a peopl approach wave hand they speak tongu i could understand they led though last beauti fire and deepen way i forgot i admir what emerg whole within id seen men beast i been search someth a million mile way go sift noth the sand cannot hold destin nowher ooh destin nowher oohooh a shaman held rattl start shake anxieti fill mistak an elder fell ground mark dirt he draw map defin sky earth he point east north west south and point heaven start shout the woman front began chant while men beat drum elder man danc come yeah itll alright were gonna take ride i dont know well come back come yeah itll alright were gonna take ride i dont know well come back come yeah itll alright were gonna take ride i dont know well come back come yeah itll alright were gonna take ride i dont know well come back
389,i want word someth havent heard i find and i take say them world besid one lie and suspicion dream without end you gotta feel i mean look eye know im tri come clean but i stumbl everi time and word escap fail take shape it code come again feel i mean look eye know im tri come clean but i stumbl everi time and word escap fail take shape it code now will let retract let take back sometim word lack mind fli track what im tri convey mile i say and slip away in life time noth rhyme day i slip i know i climb breakin vow i swore id never break harsh word white lie easi mistak been havent notic there map exist point u thi heart target found arrow babi know i want be straight narrow i tri transmit feel i hope receiv im reveal see main thing hang relat a commun watch out fenc like dog hous ball troubl mouth get wrap thing i dont know dont know hope crack code oh the first crack code you may think im readi love again oh oh you may think im readi you first crack code i want word someth havent heard i find and i take say them you gotta gotta feel i mean look eye know im tri come clean but i stumbl everi time and word escap fail take shape it code now didnt i know im wrong wrong wrong knew you didnt give long long long see through not predict i know caus crack code your bodi countri know ill return to crave like famili heirloom i into babi could i follow everyth do rememb touch i feel renew the first understand would you it cant work cant open true the best thing happen let told that would moment crack code oh oh the first crack code you may think im readi love again oh oh you may think im readi you first crack code
394,oh oh oh oh oh oh you go oh oh oh oh oh you go oh oh oh oh oh you go ay ay ay ay ay ay all tear i cri ay ay ay ay ay all tear i cri ay ay ay ay ay babi plea go when i read letter wrote it made mad mad mad when i read news brought me it made sad sad sad but i still love so i cant let go i love you ooh babi i love you oh oh oh oh oh oh everi breath i take oh oh oh oh oh everi move i make oh oh oh oh oh babi plea go ay ay ay ay ay ay you hurt soul ay ay ay ay ay you hurt soul ay ay ay ay ay darl plea go when i read letter sent me it made mad mad mad when i read news brought me it made sad sad sad but i still love so and i cant let go i love you ooh babi i love you whoa ho amber color energi whoa ho shade color blend natur whoa ho amber color energi whoa ho shade color blend natur oooooooh yeah yeah
415,blow right room ring ear like sonic boom mile wide hear call call across ocean cross sea navig dispar mile wide hear call call now it time mention a extens realiti intent it like medit beyond medic and strive transform quantum leap scienc to cosmic complianc by end fossil relianc now miscalcul are caus mutat here correct boom it someth beyond comprehens we come anoth dimens it one true intent to chang fate ye i tell you be cetacean reson earth vibrat want solv equat befor it late c mon power without control dig hole rocket horizon rise philosophi express me moment spend silent listen horizon rise the nucleus divid eye i wonder all imagin time befor word made rhyme befor clock wind befor chanc stall across ocean across sea navig dispar
425,awww st what you know freak cant handl it we keep search seasid mountainsid come on hardli style hardli outblazen nectar natur complet amaz other concern front hard i flow sweet millennium nice i know theyr scare what but littl sincer would knock butt i keep dog side keep st tight let tell i feel right yall radio rock aint tuff cant move aint deep enough one time groov line chill spine readi rewind choru the thing never get old honesti youll probabl caught front the thing alway tri hard becaus scare someon might pull card the thing never get play out is melodi im hear call me it plain see laid out full ride im master technolog livin life nice pursuit grooveolog im get vibe like check out without doubt i pull clout crush crew rout im doberman given reaction wellmann reserv yet readi action i let i got nothin hide let tell comin comin full ride full ride full ride work insid a expect come correct while other run hide full ride full ride work insid a expect come correct i get fk rockin jam i bump disco playin record day i let go im king town girl around parlay like count mont cristo so simpl jam front me get drunk new york make fun me when play seriou thing peopl gather here bring choru full ride full ride work insid a expect come correct while other run hide full ride full ride work insid a expect come correct
429,there earthquak in dream think her foundat crumbl away fault line word hope show disturb that ha shape today get her get her get her get her sometim i call she tell thing fault and surfac start break breakdown hurt sound i want tell ok now but im sure say get her get her get her get her all want breath room if tomorrow sure one day soon all want breath room if tomorrow sure one day soon excus say she wish went away and return shame brought day well take man dirti deed and suck like cosmic be into sun hope theyll happi burn but life tv life tv life tv she wound knee the wild crazi hors that me her heart part i feel refresh i watch sleep sometim i need it compani keep get her get her get her get her all want breath room if tomorrow sure one day soon all want breath room if tomorrow sure one day soon if tomorrow sure one day soon
445,i write name arm india ink babi i told think i drink sip but i realli want chug you know i take i get give dub now so good good come now i wish would anytim i get togeth get feel like i could i write name arm india ink babi i told think i drink sip but i realli want chug you know i take i get give dub now so good good come now i wish would anytim i get togeth get feel like i could woah me woah me woah best give me woah me i write name arm india ink babi i told think i drink sip but i realli want chug you know i take i get give dub now your even cuter when get cross just stamp foot and tri bos i write name arm india ink im hang everi word caus way think ye everi misstep well led you ill i got see through if see shoot star celebr kiss wont wait far when one ever miss woah me woah me woah best give me woah me id carv name arm but alarm that i it i admit it a big swing miss so ill keep distanc back it in minut woah me woah me woah best give me woah me woah name arm india ink woah told think woah best give me woah me name arm india ink babi i told it
451,jackpot uh split shot im line fine thi snapper ive got bounti bless amount we never guess best yet come came rock fuck block if come new then might get drop i think strang the thing same carri on season derang like one call gone with touch wand you god guardian i hit jackpot im lucki one my fortun endless never come undon uh move im nomad anoth girl voic nois rad my treasur soul glad i get psychedel pen pad room no critic find difficult analyt im fill hope the rope hang you sit as come rangoon right time you know i crack coconut i twist lime ive road like seminol warrior pas tale like one wrote stori for woo everybodi jump what chanc the odd must enhanc it wild card threw of place end up it amaz me after weve through jackpot all peopl say woah jackpot let hear say woah jackpot uh what woah give em got til hit spot woah we hit jackpot the lotto lucki dot so path tread we pave bar gold now got it how bought it sweat stage stage a lot it and chanc danc and again we chang thing there end the pinnacl reach we knew possibl how got here overcom obstacl right time you know i crack coconut i twist lime ive road like seminol warrior pas tale like one wrote stori for resid west coast mid west take like fuck rest man we enter one contest that made ourselv that est woo everybodi jump what chanc the odd must enhanc it wild card threw of place end up it amaz me after weve through what chanc the odd must enhanc it wild card threw of place end up it amaz me after weve through jackpot all peopl say woah jackpot let hear say woah jackpot uh what woah give em got til hit spot woah woo to death dismay uh disc jock truth
486,whoa oh prison my pretti oh oh prison a black ocean sky abov tini light bob star from trap materi plane she want fli think insan but know know give girl wing that wrote twilight zone x im float dark alon and is love let know a laser light pinpoint top dome then bodi a scotti beam wayward soul mutant race ancient univers dark shadow human rhymin ragga vers it gone blink i see soon think it dancehal crystal ball on sidewalk mall psychic peopl outdoor read palm i believ know more to surviv dimens four oh prison my pretti oh oh prison look way search trap world that hurt so bad make cri but i let say good bye twilight zone x im float dark alon x is love let know no way x
526,return water cold aliv shine rock mic afterlif moon rise heatin forc steam whirl seen the dark held star frost breath swim dark im ghostli shark develop like photograph slowli dark the hearaft action main attract one love im go after now there fire insid black space surround you you think where oh i but even light continu see u see soul yet learn har see next world insid it we peopl skin left water insid dark womb insid mother prone beat vibe tribe we catch drift ride move tide out love keep burn now see next world return thi life old place face live again what understand heareaft
551,no matter i do i alway wait you so i guess that gotta do choru it seem im spend much time wait and cant make mind im wait you if that requir then wait ill do so hurri bu im wait just hang phone you alreadi know own what need do what got do feel like im lose mind you know feel fine choru i know dig it when were togeth and act way take money and doubl bet just becaus yyour happi so watch out take love pawn shop tell babi i get a wed ring boom box boom box boom box boom box oww and el i say it good anyway a long know ill keep wait choru and el i say it good anyway a long know ill keep wait for id wait forev becaus i know one day togeth mayb yo know ill wait know ill wait im still wait
599,you wanna take take take take take away me take away me you cant wait wait wait wait wait till im stumbl go get carri away go and fear set in instant too much get expo thi i go weakest when i scare tell truth tend best everyth goe wrong that sad song make happi caus i feel alon you wanna take take take take take away me take away me you cant wait wait wait wait wait till im stumbl no got wrong oh night long one el around you wanna take take take take take away me go get carri away it never done done late who care say one listen you like me gonna respect me i came noth leav hope wake i got regret day doubt to left sad ill one lead out you wanna take take take take take away me take away me you cant wait wait wait wait wait till im stumbl no got wrong oh night long one el around you wanna take take take take take away me go get carri away i reserv right feel uncomfort reserv right afraid i make mistak i humbl everi step way i want better person i wanna know master plan cast stone cast judgement make i am x god help help themselv forget everyon el you lost nerv miss point god help open hand may never feel burden again yeah ill stand cant ill close distanc
651,they notic way chang yearsbut stay same look back past knew last you see puddl left rain rememb stain just live life live happi so wrong way want be one matter you now watch slip away ledg chosen final pick role play part know play tragedi you see puddl left rain rememb stain live life live happi so wrong way want be one matter you what wait for i bet know come from what wait for i bet know come from what wait for i bet know come from caus breaksmi heart caus break heart caus break heart caus break live life live happi so wrong way want be one matter is what wait for i bet know come from what wait for i bet know come from what wait for i bet know come
653,life lesson learn hard way four peopl wait random white unmark van park outsid hotel high rise garag to use tire iron break bone insid leg too bad never came outsid that right caus end get wreck yeah end get wreck i heard littl girl kill today blood hand it hand everyon know face noth safe youll live life fuck target youv earn disgust youv earn disgust
670,you wanna take take take take take away me take away me you cant wait wait wait wait wait till im stumbl go get carri away go and fear set in instant too much get expo thi i go weakest when i scare tell truth tend best everyth goe wrong that sad song make happi caus i feel alon you wanna take take take take take away me take away me you cant wait wait wait wait wait till im stumbl no got wrong oh night long one el around you wanna take take take take take away me go get carri away it never done done late who care say one listen you like me gonna respect me i came noth leav hope wake i got regret day doubt to left sad ill one lead out you wanna take take take take take away me take away me you cant wait wait wait wait wait till im stumbl no got wrong oh night long one el around you wanna take take take take take away me go get carri away i reserv right feel uncomfort reserv right afraid i make mistak i humbl everi step way i want better person i wanna know master plan cast stone cast judgement make i am x god help help themselv forget everyon el you lost nerv miss point god help open hand may never feel burden again yeah ill stand cant ill close distanc
774,you danc night rock n roll music itch fight makin love drunk stone lookin dollar get brokenbon it game tough tame end same sweatin rain i trap like fli wall i cage lke zoo anim no escap fate make your snake ive i take watch out there fli wall take chanc take bite rock n roll devil take tonight like bitch makin heat beatin chest lickin foot it game tough tame end same sweatin rain so watch out there fli wall i trap like fli wall i cage like zoo anim no escap fate make your snake ive i take there fli wall
820,i tell look eye i tell way sigh that know ive think you and know i want do oh jean oh jean oh jean oh jean when smile i see star sky when smile i see sunris and i know think me and i know want be oh jean oh jean oh jean oh jean i tell thing say i tell know way and i know want do oh ive got heart flower you if leav make cri when i think say goodby oh sky turn deeper blue that that id feel i lost you jean oh jean dont go leav me caus i love i love you i love you leav me it would make cri said goodby dont go away jean leav babi babi
825,work work money made work work money made work work money made work work money made then went la they rope em in she couldnt get away spend cash about the die cast there burn amount money made work work money made champagn life high display work work money made work work money made you keep up get made work work money made cant bring hollywood see livin up it feel mighti good recommend around come tast sweet life that it about that money made work work money made champagn life high display work work money made work work money made keep up make grade work work money made that money made hit ga that kind life good her get bed nearli half past four her swim pool biggest about so dont call cuz aint around that money made oooh money made oooh money made work work money made money made work work money made string pearl kind chang work work money made money made work work money made shake babi shake shake babi shake it shake babi shake shake babi shake shake babi shake shake babi shake fade
868,whi hang up wont back up will pack head higher ground i know and know me tell want be what want be what need me hey hey hey ski fire flame burn higher ski fire flame get higher i know you know me tell want be in rain street amaz thing see tell i see how got be yeah yeah yeah ski fire flame burn higher ski fire flame burn higher angu guitar solo hey look sky sky fire look sky flame burn higher ski fire flame get higher ski fire i know know me tell want be flame burn higher ski fire
910,deep wood lost gloom i start hear wondrou tune the earth rumbl thunder drum the night banish log burn spin spiral sky fierc wild with smile face glitter eye i see sing circl fire danc sweet child afraid remain one land danc sweet child afraid thi place god a i sift ash i fail see lie beyond door were lost mist knowledg forgotten desert round gleam flame ill wait round gleam flame ill face you danc sweet child afraid remain one land danc sweet child afraid thi place god
953,it god aw small affair to girl mousey hair but mother yell no and daddi told go but friend seen now walk sunken dream to seat clearest view and hook silver screen but film saddn bore for live ten time more she could spit eye fool a ask focu on sailor fight danc hall oh man look caveman go it freakiest show is life mar fame make man take thing over fame let loo hard swallow fame put thing hollow fame fame brain flame that burn chang keep insan fame is wonder i reject first fame fame fame fame is wonder cool fool fame fame bulli you chilli me got get rain check pain fame fame fame fame fame fame fame hey let danc put red shoe danc blue let danc to song theyr playin radio let sway while colour light face let sway sway crowd empti space if say run ill run you if say hide well hide becaus love you would break heart two if fall into arm and trembl like flower let danc danc ill set free let danc you could look eye let danc under moonlight seriou moonlight yeah yeah let danc
