,processed_text
0,i could feel time there way know fallen leav night who say theyr blow a free wind hope learn whi sea tide ha way turn more thi you know there noth more thi tell one thing more thi you know there noth it fun while there way know like dream night who say were go no care world mayb im learn whi sea tide ha way turn more thi you know there noth more thi tell one thing more thi you know there noth more thi you know there noth more thi tell one thing more thi there noth
33,maniac unreleas song euro australian mtt cd i think today would rememb choos rememb left cold day fade away i see near i hear voic call call page you beyond blue sudden soon secret knew and i think today would surrend choos surrend feel tri desert and given choic id still wait moment still wait moment i could hero like you beyond blue sudden soon secret knew day fade away i see clear i hear voic call call page you beyond blue sudden soon secret knew
77,to think task chill to know i care build mask i wear two year swear id tear off ive sat dark explain myself im strain hard feel i ought find easili call jezebel i believ befor i say vow made weigh like stone heart famili famili let tear u apart you lie there innoc babi i feel like thief raid home enter break take everi room i know feel tender and insid ember still glow but im shadow im bed blacken coal call jezebel want leav im say im replac love word to describ sacr tie bound you im say weve mistaken one thousand word and mistak ive caus pain i damn word ive way hide im desol empti hollow place insid im say im replac love word describ sacr tie bound you im say love playth no power word inspir strong desir bind you how i wish never tri man wife weav live blindfold eye
87,i could feel time there way know fallen leav night who say theyr blow a free wind hope learn whi sea tide ha way turn more thi you know there noth more thi tell one thing more thi you know there noth it fun while there way know like dream night who say were go no care world mayb im learn whi sea tide ha way turn more thi you know there noth more thi tell one thing more thi you know there noth more thi you know there noth more thi tell one thing more thi there noth
133,freedom alon alon patient wait phone hope call home the pain insid love deni hope dream swallow pride everyth i need lie you caus im broken i know i need now caus deep insid im broken you see way i live i know i know heart broken when i turn away i need broken take pain away i question chose die when knew truth i would deni you look me the tear begin fall and faith blind but i fail time time daili sin i take life caus im broken i know i need now caus deep insid im broken you see way i live i know i know heart broken when i turn away i need broken take pain away all hate deep insid slowli cover eye all thing i hide away again all fear hold me my heart cold i believ noth gonna chang until im broken thi time let go caus im broken i know i need now caus deep insid im broken you see way i live i know i know heart broken when i turn away i need broken take pain away broken broken broken broken
135,you say know i am but cant imagin what wait across line you thought me but im still stand and im tire back down and im feelin pain of thousand heart been hell back again i take thi you tri hard bring down you cant break broken you still seem understand it turn see just how feel me how feel knock down and feel pain of thousand heart youv hell back again you cant take thi rememb thi feel how feel aliv now see eye and were feel beat of thousand heart come back life again we make it rememb thi feel rememb
136,my heart beat faster cant control feel anymor ive wait long enough i want than anyon it time step deliv want see my blood pump gonna be it minut love i wanna see push shove ill show far go it time loo control it feel i cant control feel anymor believ me my heart race i cant seem get enough am i dream just like drug i know just adrenalin go just feel it ooooh heart beat faster my adrenalin reach limit i feel take me my head spin seem like i hardli breath you get tast like drug wanna leav so want let see put fist the air it minut love i wanna see push shove ill show far go it time loo control it feel i cant control feel anymor believ me my heart race i cant seem get enough am i dream just like drug i know just adrenalin go just feel it ooooh heart beat faster my heart beat faster cant control feel anymor ive wait long enough i want than anyon it time step deliv want see my blood pump gonna be it feel i cant control feel anymor believ me my heart race i cant seem get enough am i dream just like drug i know just adrenalin go just feel it ooooh heart beat faster it minut love my heart beat faster
137,you say know i am but cant imagin what wait across line you thought me but im still stand and im tire back down and im feel pain of thousand heart been hell back again i take thi you tri hard bring down you cant break broken you still seem understand it turn see just how feel me how feel knock down and feel pain of thousand heart youv hell back again you cant take thi rememb thi feel how feel aliv now see eye and were feel beat of thousand heart come back life again we make it rememb thi feel rememb
145,late ive wander off narrow path youv given mani thing ive never had and i know alway pull through if reach deep insid see heart true caus i hate way i feel tonight and i know i need life ye i hate way i feel insid and i promis make sacrific yeah come on the world i know pull me more day i feel like odd man i begin pray spite eye watch me with everyth i do in midst dark lord my spirit call you caus i hate way i feel tonight and i know i need life ye i hate way i feel insid and i promis make sacrific yeah you know sometim deep insid i feel like thi caus i hate way i feel tonight and i know i need life ye i hate way i feel insid and i promis make sacrific ye i hate way i feel tonight and i know i need life yeah the way i feel the way the way i feel
150,say love hate me a desecr me break smile feel creep closer the rich take over your blood fire lung when killer take control over bodi soul everyth die trap hell cant contain your miseri becom pain when i surviv swear i hate thi with excus anger swallow whole you feel creep closer the rich take over your blood fire lung when killer take control over bodi soul everyth die trap hell cant contain your miseri becom pain when i surviv when killer take control over bodi soul everyth die trap hell cant contain your miseri becom pain when i surviv
158,my heart beat faster cant control feel anymor ive wait long enough i want than anyon it time step deliv want see my blood pump gonna be it minut love i wanna see push shove ill show far go it time loo control it feel i cant control feel anymor believ me my heart race i cant seem get enough am i dream just like drug i know just adrenalin go just feel it ooooh heart beat faster my adrenalin reach limit i feel take me my head spin seem like i hardli breath you get tast like drug wanna leav so want let see put fist the air it minut love i wanna see push shove ill show far go it time loo control it feel i cant control feel anymor believ me my heart race i cant seem get enough am i dream just like drug i know just adrenalin go just feel it ooooh heart beat faster my heart beat faster cant control feel anymor ive wait long enough i want than anyon it time step deliv want see my blood pump gonna be it feel i cant control feel anymor believ me my heart race i cant seem get enough am i dream just like drug i know just adrenalin go just feel it ooooh heart beat faster it minut love my heart beat faster
159,you say know i am but cant imagin what wait across line you thought me but im still stand and im tire back down and im feelin pain of thousand heart been hell back again i take thi you tri hard bring down you cant break broken you still seem understand it turn see just how feel me how feel knock down and feel pain of thousand heart youv hell back again you cant take thi rememb thi feel how feel aliv now see eye and were feel beat of thousand heart come back life again we make it rememb thi feel rememb
160,you say know i am but cant imagin what wait across line you thought me but im still stand and im tire back down and im feel pain of thousand heart been hell back again i take thi you tri hard bring down you cant break broken you still seem understand it turn see just how feel me how feel knock down and feel pain of thousand heart youv hell back again you cant take thi rememb thi feel how feel aliv now see eye and were feel beat of thousand heart come back life again we make it rememb thi feel rememb
166,freedom alon alon patient wait phone hope call home the pain insid love deni hope dream swallow pride everyth i need lie you caus im broken i know i need now caus deep insid im broken you see way i live i know i know heart broken when i turn away i need broken take pain away i question chose die when knew truth i would deni you look me the tear begin fall and faith blind but i fail time time daili sin i take life caus im broken i know i need now caus deep insid im broken you see way i live i know i know heart broken when i turn away i need broken take pain away all hate deep insid slowli cover eye all thing i hide away again all fear hold me my heart cold i believ noth gonna chang until im broken thi time let go caus im broken i know i need now caus deep insid im broken you see way i live i know i know heart broken when i turn away i need broken take pain away broken broken broken broken
168,alon alon patient wait phone hope call home the pain insid love deni hope dream swallow pride everyth i need lie youcaus im broken i know i need now caus deep insid im broken you see way i live i know i know heart broken when i turn away i need broken take pain awayi question chose die when knew truth i would deni you look me the tear begin fall and faith blind but i fail time time daili sin i take lifeal hate deep insid slowli cover eye all thing i hide away again all fear hold me my heart cold i believ noth gonna chang until im broken
171,a i lie toss bed lost fear rememb said and i tri hide truth within the mask show face again still i lie time time again will deni meet again and i feel like im fall farther everi day but i know there watch me and i feel like im drown the wave crash me but i know love it set free a i find truth i found time befor a i search hope im find much more and i tri like you and i deni prove heart true and i feel like im fall farther everi day but i know there watch me and i feel like im drown the wave crash me but i know love it set free i hear voic call the time come me insid life im live there noth left me my mind slowli fade so far away me each time i start crawl your watch me and i feel like im fall farther everi day but i know there watch me and i feel like im drown the wave crash me but i know love it set free por rafaellm
188,step back insid lie again find your wear thin kill sympathi take anoth swing at now fight inner self again lose what you feel shield behind lie make feel real now it feel thing your tri break scar spirit is bleed grin bridg keep on burn end in mind end seem far from what need take back memori smile hide the pain now shut curio bring here again no sen puriti tri take life from now noth ever say could ever possibl era all hate thing im through noth could ever say noth could ever say hope happi
208,a rais hand begin understand that love worth hate feel now run pain and feel feel same so close eye wish away and i lie awak i tri say anyth i know ea pain but hide away one see and set free now time come again so reach deep within to find strength buri there a turn walk away still hear say youll never make world alon you tri fight you tri fight you hide pain you hide pain you walk away you walk away never again
214,how make feel look away feel never seem fade tri to find you hold head high let all fall hear me fall away pain fli high feel low let show and find word say mean scream silent fear noth left say lost insid word bring donw tri to find me hold head high let fall down hear me find word say feel insid find word say feel insid find word say
217,say love hate me a desecr me break smile feel creep closer the rich take over your blood fire lung when killer take control over bodi soul everyth die trap hell cant contain your miseri becom pain when i surviv swear i hate thi with excus anger swallow whole you feel creep closer the rich take over your blood fire lung when killer take control over bodi soul everyth die trap hell cant contain your miseri becom pain when i surviv when killer take control over bodi soul everyth die trap hell cant contain your miseri becom pain when i surviv
219,i feel get closer i feel take over do feel same yeah i feel same the wait take forev it final come togeth now brain make insan my foot ground my head cloud im one step away hope i never come down it chill spine the thrill i need i cant get enough it one thing one thing the burn insid that keep aliv i cant give up it one thing one thing i need feel like rollercoast run free track do feel same yeah i feel same thi rush like other a super sonic drive and i love way it make insan my foot ground my head cloud im one step away hope i never come down it chill spine the thrill i need i cant get enough it one thing one thing the burn insid that keep aliv i cant give up it one thing one thing i need it chill spine the thrill i need i cant get enough it one thing it chill spine the thrill i need i cant get enough it one thing one thing the burn insid that keep aliv i cant give up it one thing one thing i need the one thing i need the one thing the one thing
220,late ive wander off narrow path youv given mani thing ive never had and i know alway pull through if reach deep insid see heart true caus i hate way i feel tonight and i know i need life ye i hate way i feel insid and i promis make sacrific yeah come on the world i know pull me more day i feel like odd man i begin pray spite eye watch me with everyth i do in midst dark lord my spirit call you caus i hate way i feel tonight and i know i need life ye i hate way i feel insid and i promis make sacrific yeah you know sometim deep insid i feel like thi caus i hate way i feel tonight and i know i need life ye i hate way i feel insid and i promis make sacrific ye i hate way i feel tonight and i know i need life yeah the way i feel the way the way i feel
247,they blaze trail i dare run they built world i come i need anoth like brother for cri shoulder thi could last time will stand side but i feel soul bleed fli with even sober mind time gone they carv my bodi stone a pretti maze empti i said hell with rest choru thi could last time will stand side i feel soul bleed fli with tonight choru
250,what happen man when he spill heart page and he watch word float away then hi feel lie page alon there wait for someon care read them to open eye see them to see make thought own to find mayb life perfect mayb worth give away you see broken soul bleed so see feel insid yourself and wander heart let see me now consum me forget pain watch fall apart what happen soul when it trap insid emot and word he spoken they bind life he left behind and everi new step take he know might make it to dream yet find mayb life perfect but mayb worth give away you see broken soul bleed so see feel insid yourself and wander heart let see me now consum me forget pain watch fall apart you see broken soul bleed so see feel insid yourself and wander heart let see me now consum me forget pain watch fall apart a i fall apart
256,your i need anymor forget game playin your i need anymor i cant hear say if listen me how tell i feel all along i told you that i cannot feel pain who tell me im good enough all ive ever want place insid you whi i hear say longer when even know ive been i feel someth get stronger and i get kick around again if listen me how tell i feel all along i told you that i cannot feel pain who tell me im good enough all ive ever want place insid you if listen me how tell i feel all along i told you that i cannot feel pain who tell me im good enough all ive ever want place insid you your i need anymor
267,they blaze trail i dare run they built world i come i need anoth like brother for cri shoulder thi could last time will stand side but i feel soul bleed fli with even sober mind time gone they carv my bodi stone a pretti maze empti i said hell with rest choru thi could last time will stand side i feel soul bleed fli with tonight choru
268,im supos scare anyth i know i am i wish i could move im exhaust nobodi understand how i feel im tri hard breath there air lung there one talk pain insid is make numb i tri hold under control they cant help caus one know now im go chang chang god i feel frustrat late when i get suffac save me now im go chang chang im feel weak weari walk world alon everyth say everi word it cut bone ive got someth say ive got turn it feel like ive buri underneath weight world i tri hold under control they cant help caus one know now im go chang chang god i feel frustrat late when i get suffac save me now im go chang chang im run shake bound break i hope i make chang now im go chang chang god i feel frustrat late when i get suffac save me now im fall apart i feel it but im go chang chang god i feel frustrat late when i get suffac i hate thi but im go chang chang
276,plea care say you might give littl heart away just rememb everyth i give you might littl time live just rememb everyth ive lost truli youll rememb everyth cost would pay attent plea or make mistak me im get tire never understand word im tri say becaus wont listen me im go wade far that i cant stand own you know i like foot water so plea dont leav alon just care say you might give littl soul away will throw away day without ever know name im get tire never understand word im tri say becaus wont listen me im go wade far that i cant stand own you know i like foot water so plea dont leav alon x i want it i feel it i want it i feel it i need more i wanna watch wade far that cant stand own your like child foot water and i cant leav alon im go wade far that i cant stand own you know i like foot water so plea dont leav alon x i want it i feel it i need more x i want it i feel it i want it i feel it i need
286,they gave life that easi live and sent way i left love forgot dream i lost along way those littl thing say when word mean much you never back down and shi away you alway listen me and i care get sleepless night and i hold one hold tight and i see thing get i feel i feel you and aint bitter then id rose same got road short long anoth endless day anoth seven hundr mile thatll take home those littl thing say when word mean much you never back down and shi away you alway listen me and i care get sleepless night and i hold one hold tight and i see thing get i feel i feel you i know your go now believ i live thi and i care get sleepless night and i hold one hold tight and i see thing get i feel i feel you
310,what happen man when he spill heart page and he watch word float away then hi feel lie page alon there wait for someon care read them to open eye see them to see make thought own to find mayb life perfect mayb worth give away you see broken soul bleed so see feel insid yourself and wander heart let see me now consum me forget pain watch fall apart what happen soul when it trap insid emot and word he spoken they bind life he left behind and everi new step take he know might make it to dream yet find mayb life perfect but mayb worth give away you see broken soul bleed so see feel insid yourself and wander heart let see me now consum me forget pain watch fall apart you see broken soul bleed so see feel insid yourself and wander heart let see me now consum me forget pain watch fall apart a i fall apart
328,thi citi come broken broken take me they hear lone a see they care scare your heart friend whole world dont start think yourself thi call out thi citi come broken to one thrown away thi citi come broken stand take back world today stand up i know think you say tire keep score just me one go thi you see ive thi befor thi call out thi citi come broken to one thrown away thi citi come broken stand take back world today thi citi come broken to one thrown away thi citi come broken stand take back world today they found scream weak keep u fall down but hold piec chang world call out thi citi come broken to one thrown away thi citi come broken stand take back world today thi citi come broken to one thrown away thi citi come broken stand take back world today
331,she said life lot think sometim when live line and star sparkl shine everyday he said life hard move sometim when feel like im towin line and one even care ask i feel way i know feel helpless now and i know feel alon that road the road im on he said life lot think sometim when keep line of everyth i want i want to find one day what thought real life somehow steer wrong and keep drivin tryin find belong and i know feel helpless now and i know feel alon that road the road i on what thought real life somehow steer wrong now keep drivin tryin find belong i know feel helpless now and i know feel alon that road road i
346,your i need anymor forget game playin your i need anymor i cant hear say if listen me how tell i feel all along i told you that i cannot feel pain who tell me im good enough all ive ever want place insid you whi i hear say longer when even know ive been i feel someth get stronger and i get kick around again if listen me how tell i feel all along i told you that i cannot feel pain who tell me im good enough all ive ever want place insid you if listen me how tell i feel all along i told you that i cannot feel pain who tell me im good enough all ive ever want place insid you your i need anymor
347,i think i walk close love im fall in i felt mani thing weari soul cant take mayb caught surpris the first time i look eye there life insid i feel again it thing take ive never been i care i lost everyth i known it matter i lay head tonight your arm feel like homefeel like home thi life aint fairi tale thought would be i see smile face stare back me i know see chang now i know understand somehow there life insid i feel again it thing take ive never been i care i lost everyth i known it matter i lay head tonight your arm feel like homethey feel like home me just hold onto me there life insid i feel again it thing take ive never been i care i lost everyth i known it matter i lay head tonight your arm feel like home feel like homethey feel like home
349,brainstorm take away norm i got tell someth thi phenomenon i put song and goe like choru whoa amber color energi whoa shade gold display natur you ought know bring here you glide head blind fear and i know whi choru x you live far away your voic ring like bell anyway dont give independ unless feel right noth good come easili sometim gotta fight choru launch thousand ship heart so easi still fine afar and know that whoa brainstorm take away norm whoa i got tell someth
357,befor point me there possibl you better turn finger around defens come easili so tread me caus i knock down some day seem worth it the fight gone and im tri perfect to get one damn thing done befor i lose control i pick floor befor point me there possibl you better turn finger around defens come easili so tread me caus i knock down never come day thatll solv you consequ i could never leav you in shadow live battleship i love cano im readi fall still water find true oh there clock head and despit said anoth one wall we dont agre all and give em me and despit see you must see calm i dont wanna give up befor point me there possibl you better turn finger around defens come easili so tread me caus i knock down woah ohh comfort stranger you dont see danger let flow thi i know befor point me there possibl you better turn finger around defens come easili so tread me caus i knock
374,brainstorm take away norm i got tell someth thi phenomenon i put song and goe like choru whoa amber color energi whoa shade gold display natur you ought know bring here you glide head blind fear and i know whi choru x you live far away your voic ring like bell anyway dont give independ unless feel right noth good come easili sometim gotta fight choru launch thousand ship heart so easi still fine afar and know that whoa brainstorm take away norm whoa i got tell someth
400,passin kind bud kickin back sand sun to aliv lovin where shore meet sea man im hummin im hummin im free i stare sea and im comin down the world found the good share which elsewher the beauti green light broken touch rememb told hit home and alway so im free i stare sea and im comin down the world found the good share which elsewher like i said ill say more knew would make feel good wanna right cant get enough thi stuff life about trip up gonna right bright morn day i want much i want noth just life more ill come within world there one me she wait ill soon come im free i stare sea and im comin down the world found the good share which elsewher like i said ill say more knew would make feel good wanna right cant get enough thi stuff life about trip up gonna right free burn burnin spite and free burn burn right no buzz hack buzz hack buzz hack buzz hack swing thing bring now check out how could good me how could good me i want worth want worth buzz hack hack hack buzz yea swing thing bring check out like i said ill say more knew would make feel good wanna right cant get enough thi stuff life about trip up gonna right
404,befor point me there possibl you better turn finger around defens come easili so tread me caus i knock down some day seem worth it the fight gone and im tri perfect to get one damn thing done befor i lose control i pick floor befor point me there possibl you better turn finger around defens come easili so tread me caus i knock down never come day thatll solv you consequ i could never leav you in shadow live battleship i love cano im readi fall still water find true oh there clock head and despit said anoth one wall we dont agre all and give em me and despit see you must see calm i dont wanna give up befor point me there possibl you better turn finger around defens come easili so tread me caus i knock down woah ohh comfort stranger you dont see danger let flow thi i know befor point me there possibl you better turn finger around defens come easili so tread me caus i knock
420,id like stay like thi it momentari bliss that hope for that reason cope for thi life life more sa choru you immort man one hand you know exactli then what have you found cure and mors code raptur get rhythm get natur the moment run mountain it captur fountain sometim be absenc agoni pleasur lack pain sa choru serendipit travel throughtout time i graba moment like thief i make mine noth compar realiz when come find new objet of fixat nick choru i tri freez time tri freez time mind perfect snapshot alway rewind golden butter jam golden butter jam for slam rememb synaps diagram sweet bein zen human walkin steppin shadow flowin like breez soft and when dawn unveil morin star risen feel life feel love christen with life long but take take it the birth light break break it between light dark seen that cave in mutat rearrang soul chang form again sa choru srendipit travel throughout time i grab moment like theif i make mine noth compar realiz when come find new object of fixat nick choru sa choru
438,im right i feel real light i live life that uptight where there fight there struggl i cant walk world without offer question what direct breakin grip depress there come day let thing go there come time rock show you know time feel that noth el realli matter your spot world and belong that i light go down ill find way make fun i know link energi to someon how feel cuz i ask for a singl thing more how feel the moment know just for im quest vision ive got love tradit i wear mask grin laugh i rememb ive done im vibe sun i penetr dimens ive come again rejuven within im futur anim i feel fuel rush vein it burn flame you could take world it brain how feel cuz i ask for a singl thing more how feel the moment know just for bridg how feel cuz i ask for a singl thing more how feel the moment know just for how feel cuz i ask for a singl thing more how feel the moment know just
458,a day like today you let mind unwind like ought to feel earth turn round heart rate slow contempl thing heart know life race so hard believ part fade mysteri futur world long ago part feel love live tell so the world revolv around mind golden spiral natur way thing organ cant stop entropi even tri observ consciou flow mystifi life race so hard believ part fade mysteri futur world long ago part feel love live tell so uh hey slippin tranc chanc encount autumn i see opportun then i got em saw chillout mix carv space make want listen bubbl spring doubl king soundsystem so hard believ part fade mysteri futur world long ago part feel love live tell so do see world without end rise friend imagin cloud like form again spacey boredom autumn late afternoon calm like sleepi room
464,between world next i want locat bit you will i feel it or gaze empti who guess could unfinish a neverend infern cross ye yeah bliss the ordinari life i knew exquisit you long flower i get hour spent man instead free descent a day without argument you said long flower that rememb a song sang shower how i use bend word you ask go and i answer i admit im give hope and wander surviv one day begin again one day will begin again you said long flower that rememb a song sang shower how i use bend word you ask go and i answer i admit im give hope and wander surviv dont think i take lightli the one thing feel i wish were surviv the time time it steal like thief woah someth take lightli the one thing feel i wish were surviv the time time it steal like thief
504,head rush cmon take stage and what on thi blowup listen up just take mouth interrupt we came throwdown showdown and know never lie get lowdown son were mashin bashin stage were crashin if roof i know dancin i bet get peopl jumpin oversea and i know bustin mp the st st shocker hip hop rocker wiser baraka stronger chewbacca kiss never ozzi osbourn shakin as shakin fistborn back futur past front we appear like adrenalin blunt two score five came aliv a minor blowup start a song newli sane broken heart head rush cmon take stage and what on from midnight til daylight you best believ were sick tight your cryin bout life i think absurd what could bad come suburb just like i could never despair most peopl world aint got st spare sucka look thug like attitud but fk that im talkin gratitud the harder act hide insecur im talk honestli assuredli dope i smoke it everi day cuz anyth time drag i say three eleven want get next them the name nick h e x u m two score five came aliv a minor blowup start a song newli sane broken heart we keep eye again our known associ endur we make sick tight connect see true peopl tour head rush keep go now you know get right we keep flow now were sick tight
535,tick like time bomb come from nowher run gone your eye get salti it fault he gonna need assist that differ boom vato loco step room soon homi sing tune step back pinch culero cuz were gonna explod we got place surround dont tri hero bet didnt think thought that came shit way back innov rule nation the dancehal back know that let introduc excit crew thi do tickin like time bomb watch go off let introduc excit crew thi do tickin like time bomb watch go off aye yai yai yeah know roll no se bronca yo pedo you know know weve down well im rock mic say thing like so we wont let system sound the excit cew you the innov came stay gonna do thi want i say thi need go go go back memori tini babi univers heart pul never stop beat sing let introduc excit crew thi do tickin like time bomb watch go off let introduc excit crew thi do tickin like time bomb watch go off i rememb back day we would work hard get part there crew you plan do work hard play hard get part i rememb back day let introduc you to excit crew thi do tick like time bomb watch go off let introduc you to excit crew thi do tick like time bomb watch go
545,your power spot rotat everchang transmit like radio wave frequent feel what goin on time weird static thing errat seem like lost magic see hear clear is inner qualiti a yin yang type thang sacr geometri ascend mad energi crazi bad your someth nasa fuckin wish had tune wantin vision feel within sing along tune wantin vision feel within you know your star creator soul craft gener movin time space son liber but memori ha era the thing knew misplac check out babylon life style scorn now live again in la tokyo new york come pay fee smoke booti weed put ga tank keep citi bumpin tune wantin vision feel within sing along x tune wantin vision feel within you know
603,id never wish anyon anyth aw come on gotta tri look thing like me i never need anyth i got i never keep anyth i have i have mostli thing never last then i think back i rememb i first saw countri i rememb sleep van said goodby friend famili caus could never understand i rememb jump cliff top i rememb play one there yeah i knew i becam success chang i caus ive been caus ive been they wonder i hide everyon everyth man come on you last day me everyon love past alway hate present whi cant meet somewher middl it hardest time grow most i rememb i first saw countri i rememb sleep van said goodby friend famili caus could never understand i rememb jump cliff top i rememb play one there yeah i knew i becam success chang i caus ive been caus ive been speed up slow down side glanc around crowd me there must someth i cant see tell me hold up help out a i circl around make happi there one place i without leav thi life i rememb i first saw countri i rememb sleep van said goodby friend famili could never understand they understand they understand i rememb jump cliff top i rememb play one there yeah i knew i becam success chang i am i rememb coast california i rememb truck stop cross land never kept mani idol caus busi them i rememb wake georgia i rememb quit last job yeah i knew i becam success chang i wa ive been caus ive
604,and shepherd shall be thee lord thee power hath descend forth thi hand foot may swiftli carri thi command we shall flow river forth thee teem soul shall ever be in nomin patri et filli et spiritu sancti youv sunk lower ive ever seen even though deserv thi i tri catch fall ive grown tire childish threat know ill never run anyth and ill burn build i knew die and ill pray failur and make aliv here prove fairytal wrong thi stop tonight swim sea smoke lung lose fight it over thi stop tonight or prove wrong what becom trough jealousi youv threaten life friend famili thi last wrong turn life dead end lead blood bath blood bath youll never stop u oneman armi we would burn aliv youll never stop u oneman armi if man bring fight youll never stop u oneman armi we would burn aliv youll never stop u oneman armi if man bring fight thi call out you want talk like man then man stop talk man were page it funni alway much say but never face im right here were page were one same were move on live dream were page were one same were move on live dream were page
614,and shepherd shall be thee lord thee power hath descend forth thi hand foot may swiftli carri thi command we shall flow river forth thee teem soul shall ever be in nomin patri et filli et spiritu sancti youv sunk lower ive ever seen even though deserv thi i tri catch fall ive grown tire childish threat know ill never run anyth and ill burn build i knew die and ill pray failur and make aliv here prove fairytal wrong thi stop tonight swim sea smoke lung lose fight it over thi stop tonight or prove wrong what becom trough jealousi youv threaten life friend famili thi last wrong turn life dead end lead blood bath blood bath youll never stop u oneman armi we would burn aliv youll never stop u oneman armi if man bring fight youll never stop u oneman armi we would burn aliv youll never stop u oneman armi if man bring fight thi call out you want talk like man then man stop talk man were page it funni alway much say but never face im right here were page were one same were move on live dream were page were one same were move on live dream were page
616,thi thi you your one worth wait for your i ever need life let sneak back see what took bring u here so remind better day when happi thi thi you your one worth wait for your i ever need life x word cant express impact made me and entir life and i say i love you for everyth serv out thi thi you your one worth wait for your i ever need life x caus i tri so hard make right right youv got back wall after put through my friend still stay true x your reign over whi prove wrong x
621,dont forget choic pick poison live remors i could burn hole eye cut straight skin no love resolut it get harder bear dark within i gotta let out im gonna let it i feel bad vibrat all around me all consum corrupt i am thi pain sick loom me i cant escap it cast shadow continu shape i given day it like fog surround applyin pressur within weigh down see doubl vision it hit hard i stu stu stutter speech ya go kinda cold insid danc thin ice i feel bad vibrat all around me all consum corrupt i am thi pain sick loom me i cant escap it cast shadow continu shape i given day toxic toxic toxic thi dark dark leav empti like i heartless toxic toxic within
627,fuck yeah rememb way back when they said life dream well still is i never wanna wake stand backyard old practic space hard hold back tear stream face that then now you cant run go learn how wont thi corner world where come ignor thi point return thi i came from thi i came from rememb way back when thi place seem bigger me learn play guitar made mom watch me we alway knew back then id right now we never question it like how that then now you cant run go learn how wont thi corner world where come ignor thi point return thi i came from thi made u becam where know me name there anoth place same thi i came from thi i came from yeah you anoth thing come sleep u same old voic ear say enough enough well im say friend need around x oh oh oh i came from im right back again oh oh oh i came from oh oh oh i came from im right back again oh oh oh i came from thi made u becam where know me name there anoth place same thi i came from thi i came
640,id never wish anyon anyth aw come on gotta tri look thing like me i never need anyth i got i never keep anyth i have i have mostli thing never last then i think back i rememb i first saw countri i rememb sleep van said goodby friend famili caus could never understand i rememb jump cliff top i rememb play one there yeah i knew i becam success chang i caus ive been caus ive been they wonder i hide everyon everyth man come on you last day me everyon love past alway hate present whi cant meet somewher middl it hardest time grow most i rememb i first saw countri i rememb sleep van said goodby friend famili caus could never understand i rememb jump cliff top i rememb play one there yeah i knew i becam success chang i caus ive been caus ive been speed up slow down side glanc around crowd me there must someth i cant see tell me hold up help out a i circl around make happi there one place i without leav thi life i rememb i first saw countri i rememb sleep van said goodby friend famili could never understand they understand they understand i rememb jump cliff top i rememb play one there yeah i knew i becam success chang i am i rememb coast california i rememb truck stop cross land never kept mani idol caus busi them i rememb wake georgia i rememb quit last job yeah i knew i becam success chang i wa ive been caus ive
647,decemb aint cold year florida but im still chill bone the mind play trick time year florida it time alon i feel le love le feel aliv i feel understand start insid and i feel patienc lesson learn time to good life good mine time stand still time year florida the time i feel home the neighborhood kid run road florida it got scare i miss boat i feel le love le feel aliv i feel understand start insid and i feel patienc lesson learn time to good life good mine i alway knew i would leav i think itd chang part me cant get back i back then feel wrong shut out seem wrong pretend i feel le love le feel aliv i feel understand start insid and i feel patienc lesson learn time to good life good mine
650,burn aliv if feel that justifi i need faith see side can hear me the lowli one do fear me you righteou one bow whole earth creation everi man everi nation who right wrong time like these burn aliv if feel that justifi i need faith see side can hear me the lowli one do fear me you righteou one i believ life death that happi virtu coexist and believ hedg bet your gonna pay debt burn aliv if feel that justifi i need faith see side the lowli one need thi to see side side burn aliv feel noth leav noth learn noth then way way do fear me you righteou one can hear me the lowli one lowli one
657,what i hate get older where naiveti wonder im gonna get taller where naiveti thinkin back younger all thing believ could do dont wanna live fear failur where naiveti somehow lost along way thi me honestli ive got apolog im done chase thing belong me thi real it i feel with one shoulder wheel what im searchin grow reach what i hate get older where naiveti wonder like bein sober where naiveti lookin back younger everi mistak chanc could take now i think im gettin colder where naiveti it got lost along way thi me honestli ive got apolog im done chase thing belong me thi real it i feel with one shoulder wheel what im searchin grow reach i swear take back i care that past im waitin what next and i let slip away get anoth day thi me honestli ive got apolog im done chase thing belong me thi real it i feel with one shoulder wheel what im searchin grow reach
696,live easi livin free season ticket oneway ride ask noth leav be take everyth stride dont need reason need rhyme aint noth i would rather do go down parti time my friend gonna too im highway hell on highway hell highway hell im highway hell no stop sign speedin limit nobodi gonna slow down like wheel gonna spin it nobodi gonna mess round hey satan paid due playin rockin band hey mama look me im way promis land wow im highway hell highway hell on highway hell im highway hell dont stop me im highway hell im highway hell im highway hell on highway hell highway hell im highway hell on highway hell im highway hell and im go way im highway hell
702,im roll thunder pour rain im comin like hurrican my lightn flash across sky your young gonna die i take prison spare live nobodi put fight i got bell im gonna take hell im gonna get ya satan get ya hell bell yeah hell bell you got ring hell bell my temperatur high hell bell ill give black sensat spine if evil friend mine see white light flash i split night co god left im stickin right i take prison spare live nobodi puttin fight i got bell im gonna take hell im gonna get ya satan get ya hell bell yeah hell bell you got ring hell bell my temperatur high hell bell yeow hell bell satan comin you hell bell he ring now hell bell temperatur high hell bell across sky hell bell theyr takin down hell bell theyr draggin under hell bell gonna split night hell bell there way fight yeah ow ow ow ow hell bell
795,watch out get outta way did ya hear i say everybodi choos it you prove it it rock n roll mama don told me papa don scold me superstit black cat cradl danc tabl snake me mama don scold me daddi don scold me told me show me you know told me come hell high water come hell high water come hell high water come hell high water blood money lie back teeth fight main street breath last breath me mama don told me poor boy get home hot love trigger happi feel touch tea you know bad mama don told me papa don scold me told me show me rock n roll me come hell high water come hell high water come hell high water come hell high water hell hell hell give em hell come hell high water come hell high water come hell high water come hell high water come hell high water come hell high water come hell high water come hell high water come hell high water come hell high water come hell high water come hell come hell come hell
796,im roll thunder pour rain im comin like hurrican my lightn flash across sky your young gonna die i take prison spare live nobodi put fight i got bell im gonna take hell im gonna get ya satan get ya hell bell yeah hell bell you got ring hell bell my temperatur high hell bell ill give black sensat spine if evil friend mine see white light flash i split night co god left im stickin right i take prison spare live nobodi puttin fight i got bell im gonna take hell im gonna get ya satan get ya hell bell yeah hell bell you got ring hell bell my temperatur high hell bell yeow hell bell satan comin you hell bell he ring now hell bell temperatur high hell bell across sky hell bell theyr takin down hell bell theyr draggin under hell bell gonna split night hell bell there way fight yeah ow ow ow ow hell bell
798,live easi livin free season ticket oneway ride ask noth leav be take everyth stride dont need reason need rhyme aint noth i would rather do go down parti time my friend gonna too im highway hell on highway hell highway hell im highway hell no stop sign speedin limit nobodi gonna slow down like wheel gonna spin it nobodi gonna mess round hey satan paid due playin rockin band hey mama look me im way promis land wow im highway hell highway hell on highway hell im highway hell dont stop me im highway hell im highway hell im highway hell on highway hell highway hell im highway hell on highway hell im highway hell and im go way im highway hell
802,i put finger you my hand control i cant stop get you it move accord ye ive got fire finger tip radiat onto you i cant control it cant even hold it it knock door and know for i put finger right you i put finger right you you put finger too then i put finger i put finger yeah i put finger i put finger i put finger sure it key unlock door dont know ive broken secur my hand aint tie more you better watch out i cant control it cant even hold it sneak front door you feel ankl feel knee feel thigh can feel me i put finger right you i put finger right you you put finger too and i put finger i put finger yeah i put finger i put finger you i cant control it cant even hold it sneak front door you feel ankl feel knee feel thigh can feel me put right you ill want to can i put it i put finger
835,i put finger you my hand control i cant stop get you it move accord ye ive got fire finger tip radiat onto you i cant control it cant even hold it it knock door and know for i put finger right you i put finger right you you put finger too then i put finger i put finger yeah i put finger i put finger i put finger sure it key unlock door know ive broken secur my hand aint tie more better watch out i cant control it cant even hold it sneak front door you feel ankl feel knee feel thigh can feel me i put finger right you i put finger right you you put finger too and i put finger i put finger yeah i put finger i put finger you i cant control it cant even hold it sneak front door you feel ankl feel knee feel thigh can feel me put right you ill want to can i put it i put finger
954,tower babel fallen again inform disarray i dunno i believ in everybodi author fragment count they alway end fallin thru crack dont think loud cuz mouth cant take back cant say littl thing i wanna tell u right now i know understand but i gotta tell somehow and i go connect neck what below i know now bodi languag is broken broken english lost insid commun breakdown better read lip comin clearer get down iceberg tip iy word get lost can read look that on my face wire get cross in communion human race cant say littl thing i wanna tell u right now i know understand but i gotta tell somehow and i go connect neck what below i know now bodi languag is broken broken english cant say littl thing i wanna tell u right now i know understand but i gotta tell somehow and i go connect neck what below i know now bodi languag is broken broken english
955,broken piec break me so imperfectli be i want go dont wanna see back cold air breath fade gray dont run away find me i know battl chase shadow wanna be it matter go shatter im need broken piec break me so imperfectli be lay here safe here ill let broken open hide you confid broken open let enlighten night we fall away slip sight when drop guard melt time intertwin quiet i know battl chase shadow oughta be it matter go shatter im need broken piec break me so imperfectli be lay here safe here ill let broken open hide you confid broken open broken piec break me so imperfectli be lay here safe here ill let broken open hide you confid broken open lay here safe here ill let broken open hide you confid broken open
960,well i cant rememb much fall so tell look shoulder seem none u older so tell how how high must climb order fall what time just wait call and joker said son know own me own stand lion den you need much anyth so tell how how high must climb order fall what time just wait call and joker said son know ohh own me our own
980,are readi right now i know somehow it feel right it time flight how know when go how find all time all time check preflight the engin on head on into sun no goodby thi life thi life thi life thi life thi life through hourglass slide search moment decid so i stand tall discov all i stand tall where alous so lose sight now after time were still abl shine you rode star straight heart check preflight the engin on head on into sun no goodby thi life thi life thi life thi life thi life through hourglass slide search moment decid so i stand tall discov all i stand tall where alous i lose sight now oh time take hand take hand take hand and i tell longer sinc out space it seem clear
