,processed_text
6,well left morn hundr pair wing in light move togeth color morn i look cloud cirru sky theyd gone across marsh across field below i fell vine i hope would catch below if take there tell part shinesin heart wind and reed blew morn take along place youv gone eye look away tell song sing tree dawn tell part shine heart and ray love forev plea take there
11,jenni jenni know night i hide second stori room whistl down man who let divvi up time miser he got silver coin let shine hour sleep away there one rare odd style live part known everybodi jenni comic where end parad sort peopl would think unusu jenni tonight upon mock brine luna sea far sail back o the moon jenni jenni know day ive tri tell backyard tale mayb amus mood never giddi smile im delight rather pout lazi child dare fold arm tisk say i lie there one rare odd style think part known everybodi jenni small step giant leap taker got head start race toward it jenni tonight upon mock brine luna sea far sail back o the moon sigh meant envi you age mine thing sworn true morn would come calendar page had new print season on opposit side jenni jenni know night i hide second stori room whistl down man who let divvi up time miser he got silver coin let shine hour sleep away there one rare odd style live part known everybodi jenni tin ship jump bubbl head boy push flag powder soil cri second placer smart look gee bonnet danc pig high button trouser milk pail farmer daughter merri town sweet wall hous ive found back o moon here ive found back o moon
13,the color sky far i see coal grey lift head pillow fall again with shiver bone think weather a quiver lip i might cri well forc lung fill i breath late seem big bed i never leav shiver bone think weather quiver voic i cri what cold raini day where earth sun hid away i hear sound noon bell chime now im far behind youv put bout half day i lie shiver bone think weather a quiver lip i might cri what cold raini day where earth sun hid away do i need someon scold me i need someon wholl grab pull thi four poster dull torpor pull downward for long time sinc better day i say prayer nightli pas away the color sky grey i see blind lift head pillow fall again shiver bone think weather a quiver voic i cri what cold raini day where earth sun hid away i shiver quiver tri wake
25,well left morn hundr pair wing in light move togeth color morn i look cloud cirru sky theyd gone across marsh across field below i fell vine i hope would catch below if take there tell part shinesin heart wind and reed blew morn take along place youv gone eye look away tell song sing tree dawn tell part shine heart and ray love forev plea take there
31,jenni jenni know night i hide second stori room whistl down man who let divvi up time miser he got silver coin let shine hour sleep away there one rare odd style live part known everybodi jenni comic where end parad sort peopl would think unusu jenni tonight upon mock brine luna sea far sail back o the moon jenni jenni know day ive tri tell backyard tale mayb amus mood never giddi smile im delight rather pout lazi child dare fold arm tisk say i lie there one rare odd style think part known everybodi jenni small step giant leap taker got head start race toward it jenni tonight upon mock brine luna sea far sail back o the moon sigh meant envi you age mine thing sworn true morn would come calendar page had new print season on opposit side jenni jenni know night i hide second stori room whistl down man who let divvi up time miser he got silver coin let shine hour sleep away there one rare odd style live part known everybodi jenni tin ship jump bubbl head boy push flag powder soil cri second placer smart look gee bonnet danc pig high button trouser milk pail farmer daughter merri town sweet wall hous ive found back o moon here ive found back o moon
59,wake train dream charm alon start speak captur artist way memori fade away to rememb face home want to certain would meet soon paint portrait famili sigl light on singl way singl light away the night fell saw paint stairwel mourn pas daughter dear her soul upon train far near just close eye home
62,an augist day hill spain pair child emerg cave the strangest sight alon stood skin green word one heard the girl stronger boy weak new mother learn speak and wove tale die sun left dark dark world come undon they travel far believ came star she fell life time parallel live the men scienc men fame men letter tri explain wa parallel world twist time make think shed fallen sky a whirlwind spun alon took twilight home believ came star
83,the color sky far i see coal grey lift head pillow fall again with shiver bone think weather a quiver lip i might cri well forc lung fill i breath late seem big bed i never leav shiver bone think weather quiver voic i cri what cold raini day where earth sun hid away i hear sound noon bell chime now im far behind youv put bout half day i lie shiver bone think weather a quiver lip i might cri what cold raini day where earth sun hid away do i need someon scold me i need someon wholl grab pull thi four poster dull torpor pull downward for long time sinc better day i say prayer nightli pas away the color sky grey i see blind lift head pillow fall again shiver bone think weather a quiver voic i cri what cold raini day where earth sun hid away i shiver quiver tri wake
106,someth pull without know lead on shine light in darkest hour way bring dawn shine light but unawar shine light even on like littl glanc take surpris i take chanc see eye free histori show draw line light mysteri even know shine im worri fli close sun when decemb sky cold know i alway run shine light i abus plea let glow behind smile let use it let feel warmth like littl child understand glanc though take surpris and i take chanc i see eye
123,merchant the still silenc torn violenc a loud break sound night made hear grow hear fade the sound hear sound fear hate parad street come within bound within reach now insid place hide away hear near hope turn away turn away there someth seeth air were breath we learn slash burn method use set flame burn new were overpow we kneel cower cover head feel threat blow come damag done wake now insid place hide away hear near although mile away we hear near hope turn away turn away thi hous divid live insid it hate dwell place behind door fit night hear walk floor hear rave moan drag along ball chain move hous cant escap now insid place hide away we hear near hope turn away turn away
142,it long way back realiti put anoth brick wall shame made long ago tri figur thing went wrong search lie told somehow miss thing that she need day spent wonder thi life cold noth ever chang scream attent watch sun steal yesterday hide emot far away tri find self confid anoth broken heart behind painless smile he show remind yesterday far gone and tomorrow still miracl somehow he miss thing need day spent wonder life cruel and noth ever chang tomorrow still miracl
147,someth keep pull down and feel like im lose ground tri just find reason and lose sen real will to believ someth forget to believ me will i find place mind or fall away time choru now im feel so far away and im hate you everi day wait just see imag you follow down road again tri just find purpos your fade faster everi day will to believ someth forget to believ me will i find place mind or fall away time choru now feel im lose time yesterday slip away when know time time want more give to leav noth im wait and dream yesterday slip away when know and wait let back choru x now im feel so far away x juniorshould
175,sometim i feel like i far away im lost insid thought i know say i know i need everi day i push i pull i run far away and ill sick tire live way sick tire alon sick tire run love sometim i feel like i far away im lost insid mind help find way and i know i need everi day i push i pull i run far away and ill sick tire live way sick tire alon sick tire run love and ill sick tire live way sick tire alon x and ill sick tire live way sick tire alon sick tire run love well im sick sick sick tire babi
176,i need feel exactli like i insid but i feel alon again i tri find better life somewher far away here but i need believ me but i afraid just need me i asham just believ anyth i say now i turn i walk away you i fade away i fade away again i find road i walk befor and i know alon again you tri find better life somewher far away here but i need believ me but i afraid just need me i asham just believ anyth i say now i turn i walk away you i fade away no i fade away no i fade away no i fade away no you tri make fade away you tri make fade away you tri make fade away you tri make fade but i afraid just need me i asham just believ anyth i say now i turn i walk away you i fade away no i fade away no i fade away no i fade away
178,someth keep pull down and feel like im lose ground tri just find reason and lose sen real will to believ someth forget to believ me will i find place mind or fall away time choru now im feel so far away and im hate you everi day wait just see imag you follow down road again tri just find purpos your fade faster everi day will to believ someth forget to believ me will i find place mind or fall away time choru now feel im lose time yesterday slip away when know time time want more give to leav noth im wait and dream yesterday slip away when know and wait let back choru x now im feel so far away x juniorshould
187,youv gone far to fall apart i know hard see through today you gave all you broke heart when i here and i promis you if i could everyth you i would find way x if i could proov that felt same i would one x if i could i felt thing for far long and go bless you never knew you held heart insid hand ive never felt like thi and i promis you choru caus i would never do the thing you i would never let go choru
198,i find question again and i doubt love given me i hope understand i say i need time myself you speak mind again you forc word deep within you tri tell live but life i know open arm well caus ive lost mani time befor i need slowli fall away far grip me you speak mind again you forc word deep within you tri tell live but life i find word never true ive lost respect you i need find way it life i gotta get away one step away i gotta get away just one step away i gotta away push away i gotta get away well im gone
211,your spell contagi were sent save me somehow feel right i back bag find better way i say goodby fear walk away to i say in head head the dark wait anoth day the light bring me it alway seem shine me and im scare im scare i feel far away the light bring me it alway seem shine me your i need the angel sing speak you were sent save me alon fill room the dark rise i turn away the pain come crash i walk away to i say in head head the dark wait anoth day the light bring me it alway seem shine me and im scare im scare i feel far away the light bring me it alway seem shine me your i need all fear run head uncov bone dead all time i could never find a twist turn alibi will crippl me will i crippl me in head head the dark wait anoth day the light bring me it alway seem shine me and im scare im scare i feel far away the light bring me it alway seem shine me your i need all i need just shine me all i need just shine me and im scare im scare the dark wait anoth day the light bring me it alway seem shine me your i need
223,alon i face sun the burn began i live find way a never end fate my heart display and i long find place a light shine right through all shadow face so shine one cast shadow sun a light find way i hope tomorrow come today anoth day goe by alon i wonder whi begin seem close and end fade away so difficult anyon see i bare recogn imag me and tri hide scar all blister me so shine one cast shadow sun a light find way i hope tomorrow come today and i one a shadow sun a light find way becaus tomorrow come today and i strenght overcom i carri on and im scare face one own own alon i face sun the burn began a light shin through and bring back you so shine one cast shadow sun a light find way i hope tomorrow come today and i one a shadow sun a light find way becaus tomorrow come today i hope tomorrow come today i hope tomorrow come today well
226,it long way back realiti put anoth brick wall shame made long ago tri figur thing went wrong search lie told somehow miss thing that she need day spent wonder thi life cold noth ever chang scream attent watch sun steal yesterday hide emot far away tri find self confid anoth broken heart behind painless smile he show remind yesterday far gone and tomorrow still miracl somehow he miss thing need day spent wonder life cruel and noth ever chang tomorrow still miracl
238,it thi ive got make life make sen can anyon tell ive done i miss life i miss colour world can anyon tell i am caus ive found far down away sun shine darkest place im far away sun again away sun again im thi im tire livin dark can anyon see here the feel gone there noth left lift up back world i know and ive found far down away sun shine darkest place im far away sun that shine light way find way back arm that care one like me im far away sun again it thi ive got make life make sen and i cant tell ive done and ive found far down away sun shine light way me and ive found far down away sun shine darkest place im far away sun that shine light way find way back arm that care one like me im far away sun
244,i guess i got lost be someon el i tri kill pain but noth ever help i left behind somewher along way hope come back around to find someday late im tire wait you to say okay tell plea would one time let myself so i shine with light let myself would let myself ill never find heart behind someon el ill never see light day live hell it time make way into world i knew and take back time that i gave you late im tire wait you to say okay tell plea would one time let myself so i shine with light let myself for while if mind let myself so i shine with light let myself that i ever want world is let me plea would one time let myself so i shine with light let myself plea would one time let myself so i shine with light let myself for while if mind let myself so i shine with light let myself would one time let myself and let me
248,whenev light go down that come aliv mayb someth see light a pretti littl vixen danc scene but light shine keep clean dont get close boy touch skin or never feel way again if everyth see believ then shell hold heart and time sun goe down you know are she like dark she like dark whenev dark come shell right want just think over it start it sound like angel call name it might devil sound same and move let get away she gonna make mind come stay if everyth see believ then shell hold heart and time sun goe down you know are she like dark she like dark she like dark oh oh oh oh ooh ooh ooh if everyth see believ then shell hold heart and time sun goe down you know are she gonna make think lead but start and time sun goe down you know are she like dark she like dark she like dark she like dark
258,it thi ive got make life make sen can anyon tell ive done i miss life i miss colour world can anyon tell i am caus ive found far down away sun shine darkest place im far away sun again away sun again im thi im tire livin dark can anyon see here the feel gone there noth left lift up back world i know and ive found far down away sun shine darkest place im far away sun that shine light way find way back arm that care one like me im far away sun again it thi ive got make life make sen and i cant tell ive done and ive found far down away sun shine light way me and ive found far down away sun shine darkest place im far away sun that shine light way find way back arm that care one like me im far away sun
273,to world im unimport just i noth give so call free countri tell cost much live tell whi thi world turn down but i wont turn away oh no i wont turn around all work endless measur never seem get far walk mile move inch now even though im tri damn hard im tri hard thi world turn i wont turn away and i wont duck run caus im built way when everyth gone is noth fear thi world cannot bring down no caus im alreadi here oh no i alreadi here down knee i alreadi here no i am alreadi here i must told thousand time i run away i wont duck run i wont duck run i wont duck run no no no pas away thi world turn i wont turn away and i wont duck run caus im built way everyth gone there noth fear thi world cannot bring down no caus im alreadi here thi world turn down but i wont turn away and i wont duck run caus im built way when everyth gone there is noth fear thi world cannot bring down no caus im alreadi
277,i fell earth below and i heard everyon i know well gonna hard and gonna leav scar someday born lose today i fell moon i know get back or make i lack but im gonna get im gonna scare i got much prove today i fell moon caus i i flew earth some ive danc warm sun ive watch star light room and now i hope heaven help me i pray might let back but i do today i fell moon i know i belong or long say ive gone but im gonna strong and tri find way home that i do today i fell moon caus i i flew earth some ive danc warm sun ive watch star light room and now i hope heaven help me i pray might let back but i do today i fell moon today i fell moon
288,whenev light go down that come aliv mayb someth see light a pretti littl vixen danc scene but light shine keep clean dont get close boy touch skin or never feel way again if everyth see believ then shell hold heart and time sun goe down you know are she like dark she like dark whenev dark come shell right want just think over it start it sound like angel call name it might devil sound same and move let get away she gonna make mind come stay if everyth see believ then shell hold heart and time sun goe down you know are she like dark she like dark she like dark oh oh oh oh ooh ooh ooh if everyth see believ then shell hold heart and time sun goe down you know are she gonna make think lead but start and time sun goe down you know are she like dark she like dark she like dark she like dark
295,i guess i got lost be someon el i tri kill pain but noth ever help i left behind somewher along way hope come back around to find someday late im tire wait you to say okay tell plea would one time let myself so i shine with light let myself would let myself ill never find heart behind someon el ill never see light day live hell it time make way into world i knew and take back time that i gave you late im tire wait you to say okay tell plea would one time let myself so i shine with light let myself for while if mind let myself so i shine with light let myself that i ever want world is let me plea would one time let myself so i shine with light let myself plea would one time let myself so i shine with light let myself for while if mind let myself so i shine with light let myself would one time let myself and let me
308,heavi eye heavier skin cant describ place im in dont look down look back cant lose hope cant lose track reach insid pull cold caus i get tire get old im scare head straight it right i cant wait yesterday far away tomorrow far go i cant stay time fun the long road wait and im run im run last line first red distant light somewher ahead all alon caught between the world get cold i get mean the world wake light strong the daylight fade long the night get dark i get wild i cant help that style yesterday far away tomorrow far go i cant stay time fun the long road wait and im run yesterday far away tomorrow far go i cant stay time fun the long road wait and im run yesterday far away tomorrow far go i cant stay time fun the long road wait and im run im run im run mandinhacolar
309,stand humbl fist rage silent armi call name seat firmli dismay im never broken im afraid come me let take world make chang and well give thi could take away and well see thi through eye alway thought blind if could find one light shine just one light shine wall crumbl foot all know final see well fight hope well kill doubt angel war let out come me let take word make chang and well give thi could take away and well see thi through eye alway thought blind if could find one light shine just one light shine come me let take word make chang and well give thi could take away and well see thi through eye alway thought blind if could find one light shine just one light shine
313,it gonna rain day i know and thing gonna hurt sometim that sure but i get turn around caus i keep move on i think mind play trick me caus sometim i get aint i see i turn upsid i keep move on im gonna race morn sun i cant wait day that way im gonna race morn sun and gonna shine me oh gonna shine im gonna take everyth i want and get lost i dont i hide insid i keep move on im gonna race morn sun i cant wait day that way i gonna race morn sun and gonna shine me oh gonna shine light right me and i swear ill find i wanna be and ill live day like one im gonna race sun shine light right me and i swear ill find i wanna be and ill live day like one im gonna race sun shine light right me and i swear ill find i wanna be and ill live day like one im gonna race im gonna race sun crdito mandinhacolar
316,do ever think run away caus i thinkin leavin today well follow forev heart wanna go mayb well live somewher nobodi know name then thing might chang good i wanna somewher far away to lie night end anoth good day i cant tell long well gone but long were togeth forev never long too long oh no do ever think comin back hoppin train well burn track well jump somewher know say mayb hitch ride someon tell u way to thing might chang good i wanna somewher far away to lie night end anoth good day i cant tell long well gone but long were togeth forev never too where forev never long not right me mayb mayb well see where road lead u i wanna somewher far away to lie night end anoth good day i cant tell long well gone but long were togeth forev never too i wanna somewher far away to lie night end anoth good day i cant tell long well gone but long were togeth forev never too forev never long
321,thi histori nobodi gonna take me im gonna show someth got see trust peopl rememb day caus it time shine caus i know could mine it layin line so it time it time shine i think moment day night thi thing ive ever known i believ i i think im right im gonna take back belong caus it time shine caus i know could mine it layin line so it time it time shine ill shine ill shine it time shine i know could mine it layin line so it time it time shine
322,rubber head motor junki run down and tri stomp me throw life away ill worthless just like you somewher babi cri the road mother die shot line blew mind now she turn blue dont throw life away wait until anoth day dont throw life away caus babi i feel it dont ever compromis it you even realiz it dont throw life away caus babi i feel it now trip fall im sure tell me what wall behind liquor store get smack time perfect littl life wast overdos and death tast scare back yourself now you walk line dont throw life away wait until anoth day dont throw life away caus babi i feel it dont ever compromis it you even realiz it dont throw life away caus babi i feel it now life away life away life away
360,watch ice melt u just faster grass grow it best weve seen u but noth el id chose remind time when anyth could come anyth could happen what fantast feel time preciou say is i wanna know miss it goe quickli youll soon find out i wont go down time preciou say is i wanna know didnt miss it goe quickli youll soon find out when fight resist emot fist an irresist forc alway prevail the fortress goe crumbl down around stand what strong mortar is pile sand time preciou say is i wanna spend know miss ive dodg mani bullet im care now i wont go down time preciou say is i wanna spend know miss ive dodg mani bullet im care now from reckless reclus and sometim back again left wonder what use of life mischief spent make cool desert sun the piec mind gave me absolv thing ive done onli save me time preciou say is i wanna spend know miss ive dodg mani bullet im care now i wont go down time preciou say is i wanna spend know didnt miss ive dodg mani bullet im care now
381,transmiss beam sun collis use run from my sen pick pul the silenc said mouth intuit didn know i wait for can go far gonna notic are got love larg fix like star can go far gonna notic are got love larg fix like star everi time i think i got figur someth bigger alway jump frame someth get way now i readi turn page yesterday forgiv them now i will disengag seiz day move on wanna swing higher wanna swing higher vibrat come ground translat someth sound when i move next world i wait there rotat head way around can go far gonna notic are got love larg fix like star can go far gonna notic are got love larg fix like star if i care i may slip away i get one last look face you i see again somewher anoth time space
411,whole world from high countri bottom sea i caught place i need be it come goe momentari glori then quick came they drain anoth one come shallow place remain rememb possibl would never end now abid limit i cannot defend it fit good yet best reject you get get i guess don get upset where garden eden under star tree and and far far heathen planet follow pattern fall season flow like river broaden deepen hold on gone got lot time you keep slide and i keep blow fuse go unseen face screen i feel attent divid but worth news prepar bare all i paint cave wall i hobbit with ring forrest i richest i poorest a particl i vibe i keep dancin i move world mansion of light love abov i chart planet whale migrat i home everywher i run station the last light die star in everi game i wild card i particip i paleolith and geolog astrophys a true cowboy existenti hero i compil deck name tarot i play i want ball i buddha amnesia sudden recal somehow i fell again again somehow i fell again make sen somehow i fell again make sen somehow along
418,along way close eye i lost i go spin i tri stop mind flow away away i despis along way close eye you cant let expect world expect lay awak sleep girl somebodi care way tell cur conscious privat hell along way close eye i lost i go spin i tri stop mind flow away away i despis along way close eye tick tick tick clock bludgeon mind endlessli replay time unkind go away sun im prepar today seem are seem are huh along way close eye i lost i go spin i tri stop mind flow away away i despis along way close eye
469,never thought would come easi slow turn soil that way reach much i sure of bring boil just take time thoroughli let season air you breath out patient wait spring return tri think far ahead the pendulum swing soon enough we could stay side instead but wanna make rough there time i thought i get there i know thought too the day bled togeth now anyway do if you look i might it but look see the imag me is i like be i good pretend and deni thing bother me so shut front door i ll kick back metaphor i hope tri think far ahead the pendulum swing soon enough we could stay side instead but wanna make rough make rough til put handcuff seek mind yet corrupt woioh woioh away go i go til god damn juic gone far enough journey feel satisfact ye action speak louder bomb we go on on on tri think far ahead the pendulum swing soon enough we could stay side instead but wanna make rough
521,run ship ego shut mind close out peopl would ask go a boat sunk down lie tragic you becom wreck slow mo break til alon im center labyrinth i feel lost i feel imprison tell there end i need oxygen how i get here help make here i see clear last fog lift if i knew all came focu onc gift if i knew truth a long ive never could i steer clear myself think i could do sun come through what id kept togeth and never bounc ground it got better with anyon around that i got here that got clear i see clear last fog lift if i knew all came focu onc gift if i knew truth a long ive never could i steer clear myself think i could do sun come through im final home i see light hous i roam it black out i see now out nowher came clue truth i hid truth i hid me hit skid i hit skid onli to find light light way home sun come through i lost left beat heart air breath better late never im final home i see light hous i roam it black out i see now out nowher came clue truth i hid truth i hid me hit skid i hit skid onli to find light light way home sun come through sun come
522,run ship ego shut mind close out peopl would ask go a boat sunk down lie tragic you becom wreck slow mo break til alon im center labyrinth i feel lost i feel imprison tell there end i need oxygen how i get here help make here i see clear last fog lift if i knew all came focu onc gift if i knew truth a long ive never could i steer clear myself think i could do sun come through what id kept togeth and never bounc ground it got better with anyon around that i got here that got clear i see clear last fog lift if i knew all came focu onc gift if i knew truth a long ive never could i steer clear myself think i could do sun come through im final home i see light hous i roam it black out i see now out nowher came clue truth i hid truth i hid me hit skid i hit skid onli to find light light way home sun come through bridg i lost left beat heart air breath better late never im final home i see light hous i roam it black out i see now out nowher came clue truth i hid truth i hid me hit skid i hit skid onli to find light light way home sun come through sun come
536,watch ice melt u just faster grass grow it best weve seen u but noth el id chose remind time when anyth could come anyth could happen what fantast feel time preciou say is i wanna know miss it goe quickli youll soon find out i wont go down time preciou say is i wanna know didnt miss it goe quickli youll soon find out when fight resist emot fist an irresist forc alway prevail the fortress goe crumbl down around stand what strong mortar is pile sand time preciou say is i wanna spend know miss ive dodg mani bullet im care now i wont go down time preciou say is i wanna spend know miss ive dodg mani bullet im care now from reckless reclus and sometim back again left wonder what use of life mischief spent make cool desert sun the piec mind gave me absolv thing ive done onli save me time preciou say is i wanna spend know miss ive dodg mani bullet im care now i wont go down time preciou say is i wanna spend know didnt miss ive dodg mani bullet im care now
602,they keep play sad song radio and i feel like im alon on hour drive and i tell believ caus nobodi give much and never get anyth never get anyth everyon i use know say know ive becom but im still same much chang i still know i came from i fell asleep light on i see first one long time that faith me have faith me tell friend wont long florida sun beg come back home it feel like im readi anyth if wait me in i say much i think and i cant rememb like find mean in anyth life me everyon i use know say know ive becom but im still same much chang i still know i came from ive ever want far i need ill write song theyll sing along hope time heal everyth i fell asleep light on i see first one long time that faith me have faith me i tell friend wont long florida sun beg come back home feel like im readi anyth if wait me thi i have thi i have it life thi i have thi i have i fell asleep light on i see first one long time that faith me had faith me i tell friend long florida sun beg come back home it feel like im readi anyth if wait me sima
609,ive spent much time tri fix life i forgot mine thi time im put foot straight floor you wont walk door anymor so tell what wrong could leav easili you threw away chanc leav me she make happi she spark light insid youv never fail blow out look everyth look youv becomenoth memori so tell what wrong could leav easili you threw away chanc leav me you make sick everi move make when find place world caus never besid again so tell what wrong could leav easili you threw away chanc leav me
620,they keep play sad song radio and i feel like im alon on hour drive and i tell believ caus nobodi give much and never get anyth never get anyth everyon i use know say know ive becom but im still same much chang i still know i came from i fell asleep light on i see first one long time that faith me have faith me tell friend wont long florida sun beg come back home it feel like im readi anyth if wait me in i say much i think and i cant rememb like find mean in anyth life me everyon i use know say know ive becom but im still same much chang i still know i came from ive ever want far i need ill write song theyll sing along hope time heal everyth i fell asleep light on i see first one long time that faith me have faith me i tell friend wont long florida sun beg come back home feel like im readi anyth if wait me thi i have thi i have it life thi i have thi i have i fell asleep light on i see first one long time that faith me had faith me i tell friend long florida sun beg come back home it feel like im readi anyth if wait me sima
626,ive spent much time tri fix life i forgot mine thi time im put foot straight floor you wont walk door anymor so tell what wrong could leav easili you threw away chanc leav me she make happi she spark light insid youv never fail blow out look everyth look youv becomenoth memori so tell what wrong could leav easili you threw away chanc leav me you make sick everi move make when find place world caus never besid again so tell what wrong could leav easili you threw away chanc leav me
654,it monday morn and i would kill chanc drive get far away dear that ill never leav side nobodi know troubl ive seen in van soapbox world see mile away i wish mean much me to monument rest them mile away i wish mean much me to monument rest them were get older ive start fear life way be whole thing ride me long road far nowher turn there look back here dwell fear mile away i wish mean much me to monument rest them mile away i wish mean much me to monument rest them twenti buck say rememb me when see tv screen it may first time but last time x and ill scream loud everyon place will hear everi word i say caus time time shine let noth stand way x twenti buck say rememb me when see tv screen it may first time but last time
713,we better mamma mamma lose you hear feel too she rock down stand round miss adventur far miss adventur that right miss adventur feel real miss adventur u see want parti cant let down see rock high cross burn love love night make make nice tight miss adventur far miss adventur that right miss adventur feel real confidenti miss adventur u see miss adventur miss adventur miss adventur feel beat keep now miss adventur miss adventur miss adventur confidenti miss adventur miss adventur feel real
759,dont talk stranger keep away danger dont talk stranger smile keep away danger time you keep away red light flashin there misunderstandin im bruis broke an bandag through drinkin brandi i tabl but i came back more gotta hit bottl but head hit floor refro danger danger talk stranger stranger danger talk danger danger talk stranger danger danger talk keep away red light still flashin peopl still dancin head ive done thinkin do anoth night drinkin one im through i raisin hell i doin harm the cop could appreci my natur charm repet refro dont talk stranger repet refrodua veze dont go talkin stranger town by b clown
823,we better mamma mamma lose you hear feel too she rock down stand round miss adventur far miss adventur that right miss adventur feel real miss adventur u see want parti cant let down see rock high cross burn love love night make make nice tight miss adventur far miss adventur that right miss adventur feel real confidenti miss adventur u see miss adventur miss adventur miss adventur feel beat keep now miss adventur miss adventur miss adventur confidenti miss adventur miss adventur feel real
911,the oath must broken the lumin citi stand forev built sacr demand grant wish one river mountain sand under watch sun these word remnant shatter dream buri dust one king one god he cast hi light upon land to guid frail heart men when disc rest distant west dark shroud everyth still i see you bless power lead mankind they understand divin one folk one realm the gift life form human beast plant born daybreak fill earth life grace and reborn revel warmth i see you bless power lead mankind they understand divin o preciou light shine bright the purest gold sand next splendor i betray the citi cant stop decay is late will divin land destroy by hate men victim envi reveng witchcraft credul ignor miseri fear wrath despair ill era name sail nile i see land pure seren virtuou lore reveal me there hunger war diseas shadow fall earth the path light lost men left alon dreamless sleep truth stay conceal within soul
967,so one u go know one u yeah come out time go and spotlight up you shine bright a searchlight signal ahh yeeaahh and storm roll ayeayeaahhh leav within i guess there first time everyth it spotlight up you shine bright a searchlight signal ohh yeahhh now hell go and road long it spotlight up you shine bright a searchlight signali to bring home alway warn youd found love life did ya need it ya want it did ya find him did ya need it and hell ya go and road long
989,goodby friend so long light fall away gone anoth day so long friend goodby end tomorrow yeah well go higher we weve around bend i leav no not thing for home swim for alway been somewher between light fall away and easi see hope dream so let me sleep long for i want miss thing you well go higher we weve around bend i leav no not thing for home swim for alway been somewher between light fall away and easi see hope dream night friend tomorrow start again at first light
992,she parti diamond dog from wrong side track our window open anytim home but lock last she bound free star girl got rebel heart rumbl gonna get on there aint stop now luci run away run away run away run away run away run away luci luci she sell citi bar her jaw load love she gon get beaten play dark innoc attack she bound stab back all fun sack now alon got one call well no aint turn back luci run away run away run away run away run away run away luci luci luci oh luci alright yeah run away luci run away run away run away run away run away run away luci luci luci run away run away run away run away run away run away luci luci
