,processed_text
15,leg maddox kitchen tabl whole life twist lath foreman torrent first english wa faster boy want pay bark command loud simpl could obey i forev pull silver rub sawdust alway deeper eye varnish vapor could linger skin held tight whine spin blade still echo bother sleep night see ox stamp dead center letter head compani mail four decad spit imag anim i portray maddox tabl yoke carv neck sun window oil spatter mason jar trick plenti seed thrive stand joke around shop wa green thumb anythingd grow part laugh show orneri jig had cut knuckl bone see ox trade mark burn everi stick furnitur horn tail four decad spit imag anim i portray maddox tabl yoke carv neck tailor made dolli weak burden girl treat piec vaudvil wintergarden move pictur show bemu point juli sunday trolley wed go benefit we strike bargain wave fist union man for smoke spirit candi cologn for automobil key cash bank deed place call home
36,billi bragg natali merchant crowd gather round kneel foot common thiev hungri word god would never speak these these offer heal hand balm redempt would cross palm theyll tell troubl lord ever much afford hand hold hand circl sinner saint memori linger cradl place puzzl grave grave no mortal skin bone live bread circus alon the spirit need must drive mysteri aliv choru they look book read but cold heart say follow me danc dust frenzi desper need led voic men invok ritual hide greed hide greed come everi tongu everi eye across crumbl earth crack sky the gate hell stand open wide path glori walk singl file choru these men make cage soul came free they turn light tent theyr fix leav instrument follow me choru x theyll close book leav remain still pain
40,over shoulder plea mind eye have fallen onto magazin ive watch wonder whi face chang everi line read all line circl me mysteri eve pull appl give tast me if would wonder pride the way i cannot read save life im asham say i live silenc afraid speak life of dark i cannot read for line circl me mysteri eve pull appl give tast me if could would wonder then i need someon el eye see what front me no one guid me it make humbl green everi kid can learn a z line circl just frighten i fear ill trampl reach me befor i run ill take fall and pick up slowli ill devour everi one book the tower knowledg
43,one time made cri proud i rememb chin sore bruis gone spot tender gave hand sister coy cotton alley where enjoy wick game curiou boy tie lace togeth i fell laugh belli sore brick laid aisl behind five dime store that how i made blush doubt you rememb tear genuin skill pretend noth preciou plain see make fuss me loud soft somewher between say sorri let be word mean i littl pest who never took hint could never take hint pinch finger door toss color book a rusti barrel pull spider hair finger door favorit blue blous stain back run berri war hear scream cotton alley scream cotton alley cotton alley
58,time say goodby time say cheerio well take handshak through journey go keep prayr within heart time sure fli day shall meet again time say goodby hmmm ye listen come you live crystal ballroom high hotel jamestown picturesqu western new york program draw close give profound pleasur say cheerio strain miss natali merchant choir remain say goodnight time say goodby time say cheerio well take handshak through journey go keep prayr within heart time sure fli day shall meet again time say goodby
63,light atom fission swell wind and rise ash tide black rain cement sear shadow trace reminisc their last command instantli one thousand flame aris ill scent of burn hide surround settlement debas entir enola gay made casual deliveri plea build futur darl bomb cherish love it sake of earth bound kingdom come undersid of fallen metal truss evil debri of human bodi window glass shard pelt secur confin brittl collaps neighbor lay besid unknow face scorch familiar bear hand wound close mar thirst anguish fear lament stand door to gold atom age spoil face worri trust earth bound kingdom come
74,it crawl back ever let be stare wall cinder block breath hi eye gone away escap time he rule crowd nation insid mind he know night like hand he know everi move made late shift bell rang time card fade truck pull home climb stair time accus there but im man he goe free i wait row man test rope hell slip around throat silenc me on day tri wit testifi noth evid hard falsifi hi confess prosecutor prize made fear rage outright lie but im man he goe free candl vigil glow burn cloth a crowd cri hang slow i feel blood go cold goe free call kkk theyr wild me and frenzi look halfdement zeal theyd love serv final meal wholl read final rite hear last appeal who struck devil deal
78,jolen jolen jolen jolen im beg plea take man jolen jolen jolen jolen plea take can your beauti beyond compar flame lock auburn hair ivori skin eye emerald green your smile like breath spring your voic soft like summer rain i cannot compet jolen now talk sleep there noth i keep cri call name jolen jolen jolen jolen jolen im beg plea take man jolen jolen jolen jolen plea take can now i easili understand how could easili take man but know mean jolen oh could choic men i could never love again he one jolen well i talk you my happi depend you whatev decid jolen jolen jolen jolen jolen im beg plea take man jolen jolen jolen jolen plea take can
86,leg maddox kitchen tabl whole life twist lath foreman torrent first english wa faster boy want pay bark command loud simpl could obey i forev pull silver rub sawdust alway deeper eye varnish vapor could linger skin held tight whine spin blade still echo bother sleep night see ox stamp dead center letter head compani mail four decad spit imag anim i portray maddox tabl yoke carv neck sun window oil spatter mason jar trick plenti seed thrive stand joke around shop wa green thumb anythingd grow part laugh show orneri jig had cut knuckl bone see ox trade mark burn everi stick furnitur horn tail four decad spit imag anim i portray maddox tabl yoke carv neck tailor made dolli weak burden girl treat piec vaudvil wintergarden move pictur show bemu point juli sunday trolley wed go benefit we strike bargain wave fist union man for smoke spirit candi cologn for automobil key cash bank deed place call home
94,lineag close dissolv in birth tragedi prelud balanc is synergi of reason malici hope a techno atroc lap effect associ end their clariti demand reveng plea compens not deni jungl reveng infanticid cross veri thin wall latent casualti arriv from fatal initi no longer recess genet alien abandon plain deceit in mirag of a one time caus wed chang the clock no ladi auxiliari kiss their blister cheek gone
113,music jerom augustyniakword natali merchant detroit dc night train capitol part east lone young man take seat and rhythm rail read mother mail citi boy jungl town postmark saigon hell go live mother dream join slowest parad hell ever see her weight sorrow carri long carri far take these tommi the wall metro line mall site tour japanes he wander lost vet worn fatigu take belong near soldier exmarin tattoo dagger eagl trembl bite lip besid widow break down she take purpl heart make fist strike the wall all come live dream join slowest parad theyll ever see their weight sorrow carri long carri far taken the wall it pace year slain hi hand slip the wall slick rain how would life ever wall carv one le name but christ sake he dead year he leav letter ask who caus mother tear washington viet cong slow deliber step involv he take away black granit wall toward monument white clean o potomac seen abraham war too honest war or taught school
114,store hous her majesti well guard sentri look free call rayless benight age witch tallow candl shift shift shape pestl mortar ground poison seed lute suit joust poem ballad latin book copi off golden script well hoard away in monasteri crypt superstit superstit beyond belief mountain dune sea crude map compass lead caravan lead fleet here loot plunder bore home ivori tusk inlaid preciou stone raw silk spice barrel load soft skin drum mallet human bone world wide rampag rampag greed tour conclud the coloni wing room refin museum properti earli pair spectacl claw foot divan ornat clock bird strut half hour quarter hour hear chime
124,troubl me disturb care worri troubl day feel spent whi let shoulder bend underneath burden back sturdi strong troubl me speak me mislead me calm i feel mean storm swell there tell start end speak me build thick brick wall defend me silenc greatest fear whi let shoulder bend underneath burden back sturdi strong speak me let look insid eye im learn plea hide tear let send sleep a there there stop turn toss let know hurt heal spare me dont spare anyth troubl troubl me disturb care worri speak let word build shelter storm lastli let know i mend there more honestli sweet friend see trust im offer troubl me
140,it you that show i am and taught stand for i know real i sick pain tire shame i felt but show way to never doubt and alway believ myself now i see it you that show i am and taught stand for i know real now im breath first time and im leavin behind ill becom i you it you im sorri way that i cant take away past but love anyway and i want do everyth i can even though era the foolish thing ive done thing blind me but i see it you that show i am and taught stand for i know real now im breath first time and im leavin behind and ill stand i know real so i make you ill fight ill push ill strive now im live life you ill fight ill push ill strive cant see it you that show i am and taught stand for i know real now im breath first time and im leavin behind ill becom i you i see write wall a time begin crawl away me and ill becom i you it you
148,there time everybodi life when noth go right you take chanc take step ledg take good look down and realiz you for night im put fight ive open eye to see world i never knew it time time put past away time take life reel and learn live again so aliv open mind a break away everyth all that stop you for night im put fight ive open eye to see world i never knew time fli time kiss fear goodby time take control realiz thi world made you there time everybodi life when noth go right you take chanc take step ledg take good look down and realiz you for night im put fight ive open eye to see world i never knew time fli time kiss fear goodby time take control realiz thi world made
149,time move slowli gone i heard voic quit sometim but i still see face i cannot era thing done and way caught hangin on now gone i move on and i feel sorri cant see im bleed i bleed anymor i held long now but i let go at end broken road i know hurt hear truth well mayb i never meant you and i cannot replac tear disgrac that run you caus run truth do now gone i move on and i feel sorri cant see im bleed i bleed anymor i held long now but i let go at end broken road your ive ever known and i cannot replac tear disgrac and i bleed anymor now gone i move on and i feel sorri cant see im bleed i bleed anymor i held long now but i let go at end broken road bymilena vieira
167,time move slowli gone i heard voic quit sometim but i still see face i cannot era thing done and way caught hangin on now gone i move on and i feel sorri cant see im bleed i bleed anymor i held long now but i let go at end broken road i know hurt hear truth well mayb i never meant you and i cannot replac tear disgrac that run you caus run truth do now gone i move on and i feel sorri cant see im bleed i bleed anymor i held long now but i let go at end broken road your ive ever known and i cannot replac tear disgrac and i bleed anymor now gone i move on and i feel sorri cant see im bleed i bleed anymor i held long now but i let go at end broken road bymilena vieira
172,paint perfect pictur of everyth i thought would be but here truth it never easi strike match and light fuse a everyth were goe flame and here truth it gonna kill me face demon leav behind i see reason i wanna here so i move on ill last one stand and i tast tear now drown sorrow and ill disappear tear pictur of all that left wast memori of you and bitter end there must thousand way that could watch world come crash down but found one that gonna kill me face demon leav behind i see reason i wanna here so i move on ill last one stand and i tast tear now drown sorrow and ill disappear if i stay you the thing ill lose me so i gotta let go i gotta let go if i stay you the thing ill lose me so i gotta let go i gotta let go i wanna here so i move on ill last one stand and i tast tear now drown sorrow and ill disappear dont wanna here so ill disappear im not i came back im not im never come back so ill disappear
174,see look me with look eye like got enemi sight now i believ thi war forc see wrong are so think know i am you aint seen nothin yet back wall your guard begin fall but there sympathi your enemi your enemi your want believ im scare what come but i begin see weak now show teeth me it hide fear grow underneath your seethrough pride so think know i am you aint seen nothin yet back wall your guard begin fall but there sympathi your enemi your enemi so think know i am you aint seen nothin yet back wall your guard begin fall but there sympathi your enemi your enemi time time again you push end but i feel better now so much better now so much better your enemi
179,there time everybodi life when noth go right you take chanc take step ledg take good look down and realiz you for night im put fight ive open eye to see world i never knew it time time put past away time take life reel and learn live again so aliv open mind a break away everyth all that stop you for night im put fight ive open eye to see world i never knew time fli time kiss fear goodby time take control realiz thi world made you there time everybodi life when noth go right you take chanc take step ledg take good look down and realiz you for night im put fight ive open eye to see world i never knew time fli time kiss fear goodby time take control realiz thi world made
191,it you that show i am and taught stand for i know real i sick pain tire shame i felt but show way to never doubt and alway believ myself now i see it you that show i am and taught stand for i know real now im breath first time and im leavin behind ill becom i you it you im sorri way that i cant take away past but love anyway and i want do everyth i can even though era the foolish thing ive done thing blind me but i see it you that show i am and taught stand for i know real now im breath first time and im leavin behind and ill stand i know real so i make you ill fight ill push ill strive now im live life you ill fight ill push ill strive cant see it you that show i am and taught stand for i know real now im breath first time and im leavin behind ill becom i you i see write wall a time begin crawl away me and ill becom i you it you
192,yesterday watch colour fade a shadow danc across fragil face and insid were die just let know were there and care that care so close eye and drift beyond star light way well okay well okay the love share strong true were you wake over i swear i told her everyth meant me yeah take back octob when i could told her everyth meant me goodnight sweet lerlen all place ive seen will never compar dream and vivid memori of word said set free we struggl life breath mean aliv hold one love chase dream the love share strong true were you wake over i swear i told her everyth meant me yeah take back octob when i could told her everyth meant me yeah wake over i swear i told her everyth meant me yeah take back octob when i could told her everyth meant me goodnight sweet lerlen
221,im flush pill im lost will thi haunt way long and i cant rewind im suffer kind ive abus way long im broken suffoc ill close eye ill drift away ill make darkest day and ill sing song top lung until dark day done now i trap way mistak ive way long ill sit shame my heart start race the poison linger vein im broken suffoc ill close eye ill drift away ill make darkest day and ill sing song top lung until dark day done you said ill never chang you said i never strength break away but ive chang it time take pain walk away now walk away ill open eye ill stay awak i made darkest day and ill sing song top lung now dark day done ill open eye ill stay awak i made darkest day and ill sing song top lung now dark day done
234,i took walk around world to ea troubl mind i left bodi lay somewher in sand time i watch world float to dark side moon i feel noth i do yeah i watch world float to dark side moon after i knew be someth you i realli mind happen then a long friend end if i go crazi still call superman if im aliv well be there hold hand ill keep side with superhuman might kryptonit you call strong call weak but still secret i keep you took grant time i never let down you stumbl bump head if would dead i pick put back on solid ground if i go crazi still call superman if im aliv well will hold hand ill keep side with superhuman might kryptonit if i go crazi still call superman if im aliv well will hold hand ill keep side with superhuman might kryptonit yeah if i go crazi still call superman if im aliv well there hold hand ill keep side with superhuman might kryptonit
293,i took walk around world to ea troubl mind i left bodi lay somewher in sand time i watch world float to dark side moon i feel noth i do yeah i watch world float to dark side moon after i knew be someth you i realli mind happen then a long friend end if i go crazi still call superman if im aliv well be there hold hand ill keep side with superhuman might kryptonit you call strong call weak but still secret i keep you took grant time i never let down you stumbl bump head if would dead i pick put back on solid ground if i go crazi still call superman if im aliv well will hold hand ill keep side with superhuman might kryptonit if i go crazi still call superman if im aliv well will hold hand ill keep side with superhuman might kryptonit yeah if i go crazi still call superman if im aliv well there hold hand ill keep side with superhuman might kryptonit
304,it thing it thing everi time your way noth it shame that it shame time thing could much better here mayb someth defin more mind more i could becom i could spend whole life hang on word leav doubt but im tire out ill way now you know wrong for way long and show it show ever want wa one to put ive done and one but never like me i could spend whole life hang on word leav doubt but im tire out ill way now ill way now with know tell hurt and go get deserv i could spend whole life hang on word leav doubt but im tire out ill way i could spend whole life hang on word leav doubt but im tire out ill way now ill way now ill way now do way now mandinhacolar
306,lay down wash blood hand me i cri out dont let die i go sleep i cant keep go i cannot start again refro the road i walk pave broken promis i made at least million time ive fallen never i break these wall i make hold hold back today tomorrow new then i walk right walk right you if hear scream plea let fall again refro my time way ill fall i break refro
307,seven day underpaid gotta give up got time life that im livin up shackl down kick around slave grind need time myself ill give anyth you want to but i time so ill get you if understand man youv got believ there much but there enough me there enough me same old song world move on im still bed meet tomorrow today to get ahead jump gun run im one who think that im fallin behind ill give anyth that you want to but i time so ill get you if understand man got believ there much you but enough me there enough me ill give anyth want to but i time ill get you if understand man youv got believ there much there is much me ill give anyth want to but i time ill get you if understand man youv got believ there much there is enough
325,i took walk arround world to ea troubl mind i left bodi lay somewher in sand time i watch word float dark side moon i feel noth i do yeah i whatch world float dark side moon after i knew someth to you i realli mind happen then a long friend end if go crazi still call superman if im aliv well will hold hand ill keep side with superhuman might kryptonit you call strong call weak but still secret i keep you took grant time i never let down you stumbl bump head if would dead i pick put back on solid ground if go crazi still call superman im aliv well will hold hand ill keep side with superhuman might kryptonit x by cludio santo pt
330,i want find somewher hide and open left fear insid and want near thi onli find noon me but woke real life and realis worth run anymor when nowher left hide found out that noth real wont stop find a better part me i let hard day get down and thing hate got way i could scream without sound i found silenc thing say but woke real life and realis worth run anymor when nowher left hide found out that noth real wont stop find a better part me that somewher and cant far away that ill find myself and ill find way out that ill find out but woke real life and realis worth run anymor when nowher left hide found out that noth real wont stop find a better part
356,ill while aint go nowher ill while aint go nowher ill while aint go nowher ill while far solac madden pace sad state written face tight rope walk danc uncertain game chanc ill see time ill while aint go nowher ill while aint go nowher ill while aint go nowher ill while and person place thing deliv i quiver delight tempt hand could blind vision sight twenti year age frolic rage i see time ill while aint go nowher ill while aint go nowher ill while aint go nowher ill while but dawn come endless night everyth go alright thirti year age frolic rage regress heal time ill while aint go nowher said i said i said i i surviv
386,i never understand you when i stop tri i mean cuz i plan to spend time til die i mean choru champagn california brain she got appetit refrain just vers cur blood vessel burst defianc she made allianc dark side hollywood where everyth look good i treat player would lightli want fight me too bad that bad i cant around pick bag and debt want love threat not take chanc im hedg bet with girl im provid pearl im free free i never understand you when i stop tri i mean cuz i plan to spend time til die i mean i know love easi im home next thing im leav i look like pray eye i follow sleep i find dream place and hey im angel girl make feel like i know one choru
443,ill while aint go nowher ill while aint go nowher ill while aint go nowher ill while far solac madden pace sad state written face tight rope walk danc uncertain game chanc ill see time ill while aint go nowher ill while aint go nowher ill while aint go nowher ill while and person place thing deliv i quiver delight tempt hand could blind vision sight twenti year age frolic rage i see time ill while aint go nowher ill while aint go nowher ill while aint go nowher ill while but dawn come endless night everyth go alright thirti year age frolic rage regress heal time ill while aint go nowher said i said i said i i surviv
446,when i shadow box insid skull bother senseless i wish messiah indian woman babylon there one thing i say life we livin yeah let flow cuz stop and kind consious ye come unto you you know stop when i wipe sleep eye will fondest dream plea come true crush heart hammer make purer one babylon there one thing i say life we livin yeah let flow cuz stop and kind consious ye come unto you you know stop but mean peopl i say choke it gag way may rememb textur day but get use to the feel pride of pride x chugalug x time time x learn lesson x will fine do fine x
447,throw match carpet just see fire start one one go out forev black circl remind doubt take pain oh feel like pleasur me i burn oh place cant see thi do your hurt im hurt you that border lie love hate we cross again into flame flame i jump flame i know ill get again into flame flame i jump flame i know ill get again it hard keep hope shot wicked i cant see i ever get mess i see care and i care le you i take that what left do i cant believ thing ive through somehow i live oh give piec you never hold word slip through buddi i cant understand the reason brought brought brought you into flame flame i jump flame i know ill get again into flame flame i jump flame i know ill get again into flame flame i jump flame i know ill get again into flame flame i jump flame i know ill get
487,vers i believ purpos babi come surfac and mayb ill never see again then again know make quiver hand shiver still got thing that i woulda give her yeahyeah but it slow go someth show yeah yeah choru they say love stream find cours make due thing thing i more whenev come back ill wait trifl slack head gate thi pure fiction know that right just pure fictionthat right repeat vers
541,journey peac now you afraid though mistak made journey peac now journey peac now you afraid though mistak made journey peac friend no cant go around it you walk right it my father told long ago everi time ignor it it get littl more you walk toward the fear go dont afraid part plan u dont afraid part plan u all hold dear is side fear
579,fri brain time look around beauti peopl and arm turn red and i saw blood rush away and i smile face dont tell fine line to lose power play when im merri go round i chang vertic hideaway and i fell ground someon plea plea take back mari hous to push needl again dont tell mama she friend let out i want here i refus break hand again my best friend emerg and mari fault that said what ya mind im pain take drink help anyon oh i lost shame wont someon plea take back mari hous to push needl again dont tell mama she understand let out i want here i refus break hand again my best friend emerg and mari fault that said i mari hous i beg stay i mari hous i beg stay i mari hous i beg stay
605,so i say goodby town ear eye i hear whisper i walk by familiar face smile back i knew thi would make chang the thing that go bother me is call friend whi cant look eye one last time the write wall read ill gone call name just know ill come run one night spare you thi im meant be plea leav me ive read stori thousand time ill rewrit all your meddl anger cant control she mean world me hold serpent tongu is whore lie worth die for ill take time the thing that go bother me is call friend whi cant look eye one last time the write wall read ill gone call name just know ill come run one night spare you thi im meant be plea leav me i walk hous morn i brought gun end tabl your blood strewn across wall theyll find bathroom floor im done but i write off you kill chanc
625,what wast i see then but mostli pretend were stranger were friend then say need say to tri get away tension creat whi cant say thing thing wish would whi cant laugh way way know should fall weight pressur that misplac flaw i embrac everybodi see head hung low they ask wanna know u ill one ill spark ill light led dark i get i get i get misunderstood somethin chang way interact now cant get back anoth relic past make ya think i ever know all follow i fall vultur circl sun whi cant say thing thing wish would whi cant laugh way way know should fall weight pressur that misplac flaw i embrac everybodi see head hung low they ask wanna know u ill one ill spark ill light led dark i get i get i get misunderstood you cant avoid issu ya shoulda learn thing weve through you know lost till hammer drop brace fall fall weight pressur that misplac flaw i embrac everybodi see head hung low they ask wanna know u ill one ill spark ill light led dark i get i get i get misunderstood
639,tonight im send messag thi end era the end second chanc in face defeat im win yet still much left say oh theyr come straight me oh theyr come straight me read line we cant give time just let go ill fine dont ya know ya know now im back own tell feel to watch wall secur crumbl i rememb you you took easi way out when i gave someth stand for i anoth promis keep
655,wake up oh time chang your person i knew back then let get straight thi call when stop fall thi you lack inspir were same ill whatev take to get you will call day were same your u stay place it like speak tongu now when ever when ever get deserv how long tabl turn when ever when ever get deserv ive creat monster you bring side one see so quit stall pack bag keep walk away your life lead destruct were same ive struggl long sit back and let take me were same i given everyth it like speak tongu now when ever when ever get deserv how long tabl turn when ever when ever get deserv disrespect surround you make aliv x it like speak tongu now when ever when ever get deserv how long tabl turn when ever when ever get deserv when ever get deserv x
658,these wall hous wasnt plan i built out we fell great height disgust look neighbor eye you reflect neg space plea forgiv time wast if let ill give tast everyon eventu let down your heart lung in unison i bite tongu escap long last burn bridg never look back you reflect neg space plea forgiv time wast if let ill give tast everyon eventu let down i care i care about think about think i hear i hear anyth say anyth say you reflect neg space plea forgiv time wast if let ill give tast everyon eventu let
664,i come undon desper touch fall i run am i worth reassembl i come undon thi ill crutch call anyon am i worth reassembl i toss turn beneath wave a silent victim depth cast asid im scrambl catch my i cant find way im descend my path remain unclear water overtak me drown despair i come undon desper touch fall i run am i worth reassembl i come undon thi ill crutch call anyon am i worth reassembl my thought own no where safe alon tide im alon sink in thi current pull under drown despair i come undon desper touch fall i run am i worth reassembl i come undon thi ill crutch call anyon am i worth reassembl the surf u are abl forgiv fault theyr shame let honest ourselv worn broken reassembl forgiv thought theyr shame let honest ourselv let honest
674,i fuel form failur i paid price so ill take what mine bet ya see one comin caus i i plea and apolog noth my time fli but im still second none alway shine brightest when im place gun so i stand the son work class man i held back i cant held down where you when wall came fall down they came fall down you tri hide you stood close by and make sound say someth find paper and ill go grab pen you start take note on start again been dead last found way front with inspir quot whi i never gave up where you when wall came fall downthey came fall down you tri hide you stood close by and make sound where you when came back around it come back around the reason pas by will alway hold down say someth if cant stand pressur stay fuck way i know place thi one goe everyon who lie face my heart is fill with hate im make differ im take chanc you say want me but one tell i cant where you when wall came fall down they came fall down you tri hide you stood close by and make sound where you when came back around it come back around the reason pas by will alway hold down say someth
687,i went sleep think you and i woke same you made hard me to close eye dont worri babe thi alright in end and ill everyth so well go tell ourselv that best but im depend you to lead through so tri stop hand your ride neck you touch i trembl you never one play fair these past four wall thing that keep you thi distanc could never hold back i need you so let take time and well use reflect and ill see day and youll think next him dont mind gasp it much harder breath near you made hard learn eye dont mind ask but could troubl miss smile so grant one last wish kiss it dream made of so well go tell ourselv that best but im depend you to lead through so tri stop hand your ride neck you touch i trembl you never one play fair these past four wall thing that keep you thi distanc could never hold back i need you so let take time and well use reflect and ill see day and youll think next him so again in situat im scream top lung and say word did say mean whi cant mean said when said no one could love like me these past four wall thing that keep you thi distanc could never hold back i need you so let take time and well use reflect and ill see day and youll think next him these past four wall thing that keep you thi distanc could never hold back i need you so let take time and well use reflect and ill see day and youll think next him we couldv beauti
693,so i say goodby town ear eye i hear whisper i walk by familiar face smile back i knew thi would make chang the thing that go bother me is call friend whi cant look eye one last time the write wall read ill gone call name just know ill come run one night spare you thi im meant be plea leav me ive read stori thousand time ill rewrit all your meddl anger cant control she mean world me hold serpent tongu is whore lie worth die for ill take time the thing that go bother me is call friend whi cant look eye one last time the write wall read ill gone call name just know ill come run one night spare you thi im meant be plea leav me i walk hous morn i brought gun end tabl your blood strewn across wall theyll find bathroom floor im done but i write off you kill chanc
740,well devil may care you toss em back man with last time black ice end all end line end road black ice black ice come bleed crowd were watch woman go mani mile ill never take i run forti mile come runnin late dont know i live down when devil come callin i aint gonna around black ice black ice black ice the devil come callin i aint gonna around black ice livin long livin long sleep alon gonna take all and im gonna rip out ill kick i creep crawl street ill goug eye out black ice black ice black ice black ice my life black ice my life black ice my life when devil come callin i aint gonna around ill kick i creep crawl street goug eye out black ice
746,burnin aliv set soul fire runnin gun place gonna burn no firewat novacain no thunderstorm john wayn no kid rock nowher run so watch out caus place gonna burn burnin aliv burnin aliv they smokin hide come runnin wild tell nothin fear caus buck stop here he came littl town call hope and someday mayb itll go smoke no firewat novacain no thuderstorm john wayn no kid rock nowher run so watch out caus place gonna burn burnin aliv burnin aliv burnin aliv burnin aliv it war war burnin aliv burnin aliv somewher there littl town call hope and someday mayb babi hell inhal smoke burnin aliv burnin aliv it war war hear battl roar war burnin aliv burnin aliv watch place burn
758,dont smoke fight light cigarett or el wind can no joke right sit tight fool around you guest uncl sam stand look right slouch stand ea allow sex knee when i snap jump master plan ill damn well ill damn ill damn i drink smoke damn i steal joke ill damn i go broke damn i do damn i dont dont talk fool tri mess around ill make monkey outta you you sign name right dot line boy ill damn ill damn i drink smoke damn i steal joke ill damn i go broke damn i do and damn i dont yeah come on ill damn i drink smoke damn i steal joke ill damn i go broke im damn i do im damn i dont ill damn i drink smoke damn i steal joke ill damn i go broke im damn i do im damn i dont ill damn ill damn ill damn ill damn ill damn ill damn
763,you hypnot honey yeah honey you it mmm good do right everi night when turn light it outta sight alright you hypnot and mesmer with dirti eye dirti eye your dirti eye breathin breathin heavi bon breath heavi heavi heavi breathin send shiver spine when bad mine that turn on on all night long you hypnot mezmor with dirti eye dirti eye you got dirti eye dirti eye dirti eye dirti eye dirti eye dirti eye i love dirti eye dirti eye dirti eye right me your dirti eye dirti eye dirti eye dirti eye dirti eye dirti eye dirti eye
768,here emiss to see wild you fragranc honey rememb make sound give up dont go around she come sky come emiss control emiss control come emiss control emiss control it good soul yeah come emiss it love come aliv she take mind like lion strike with strike you got reach alright reach it she come sky come emiss control emiss control come emiss control emiss control it good soul yeah come emiss give up give up give up give up give up give
769,black shadow hangin shoulder black mark name your green eye get colder there bad poison runnin vein evil walk behind you evil sleep besid you evil talk arous you evil walk behind you black widow weav evil notion dark secret bein spun web good men goin ocean they cant swim caus theyr tie bed evil walk behind you evil sleep besid you evil talk arous you evil walk behind you your cri wolf i sometim wonder park broom oh black widow cmon weav web drown ocean you got em tie bed with dark dark secret and green green eye you black widow
784,feel pressur rise hear whistl blow found ticket roller chord i know pack heart travel bag never said bye bye someth miss neighbourhood all cri eye do favourit tune gone shootin my babi gone shootin rub soap around like second skin back favourit nag could never win i took number anoth town took anoth pill she run overdr overkil she never made past bedroom door what aim for gone shootin she gone gone gone gone gone shootin my babi gone shootin im gonna get gun look out look out she sure load i use love
799,i got big fat cadillac built you i got honk blow avenu got hot dog kickin bend thing got sugar look woman bald head man give five boy that ill do got big fat momma hold tune gotta slip bone hard mean a honki tonk woman get best me cant hold back cant hold back cant hold back get heart attack cant hold back got honki tonk big ball hit thrill i got sugar boot money babi kill a honki tonk golden mile gotta bald head woman load town you get ball man drivin in and balk kill call vill you gotta map wrong town hit road you got whole boppa movin road cant hold back you cant hold back you cant hold back you get heart attack cant hold back you cant hold back you cant hold back you cant hold back you get heart attack cant hold back you cant hold back cant hold back you cant hold back cant hold back cant hold back cant hold back you cant hold back get heart attack cant hold back hold back you cant hold back hold back you cant hold back hold back cant hold back hold back you cant hold back hold back cant hold back hold back you cant hold back hold back you cant hold back
801,humding bell ringer got nasti stinger to slow down mud slinger gold digger who point finger and down kickin fightin tv show lightin blindin middl road are comin in are comin in i said come hous of come hous of come hous jazz come hous of come hous of come hous jazz ye ball stripper big tipper got slap n tickler to make growl a spitin bitin tv show tightenin frightenin givin load are comin in are comin in i said come hous of come hous of come hous jazz come hous of come hous of come hous jazz are comin in come in are comin in are comin in i said come hous of come hous of come hous jazz come hous of come hous of come hous jazz are comin in are comin in i said hous jazz come hous of come hous of come hous jazz the hous jazz
870,paint pictur plain see aint hidin an secur ill watchin everi move make hear rattl better awak snake eye watchin snake eye look out snake eye come snake eye aint escap snake eye way leav foot print eye see catch echo lock an key shadow behind rock get anti venom doctor shop snake eye watchin snake eye look out snake eye come snake eye aint escap snake eye snake eye snake eye snake eye snake eye hear rustl behind tree get runnin home sanctuari bolt door and think safe ha ha ha ha ha wrong child snake eye watchin snake eye look out snake eye come snake eye got snake eye aint escap snake eye got snake eye alway watch snake eye aint escap the keep lookout the snake eye
871,crash market blood floor bust man show bundl citi door thrown wall put pictur axe fall walk throw cri sink bottom scream air the shark must get share you see come mile mile away woman drink money go make pay snowbal oh yeah snowbal theyv done again snowbal makin pay snowbal howl wolf snear snow eye wait take surpris eye needl head pin watch teeth caus theyr readi bite you see come mile mile away woman drink money go make pay snowbal ye have snowbal ive fool again snowbal that all snowbal out mind one time
890,yonder walk yonder walk hittin one dream a littl tongu cheek hot poison she bring flame burn burn my bodi ach toss turn hous fire hous fire thi hous fire and flame gonna burn you you she got run shelter needin quarantin she got red hot wire call emerg she bring flame burn burn my bodi ach toss turn hous fire hous fire thi hous fire and flame gonna burn you you you got burn burn you got toss turn burn burn burn thi hous fire hous fire thi hous fire hous fire thi hous fire thi hous fire hous fire and flame gonna burn you the flame gonna burn your gonna burn
891,you get head down you i want march eye go right shoulder arm left wheel turn show charm chang cloth cut hair aint joke aint place kid when flag high hear battl cri treati gone see bandit fli dig trench watch blast shell shock come come fast name rank parad might get laid hand grenad do know mean thi mean war thi mean war mean war i said mean war mean war thi mean war run cover hit deck call mother i need fire cock gun wet sight get bull dead right volunt one pace back on beach aint place kid when flack high bomber run you talk back ackack gun fire rang blitz keep head blown bit name rank parad might get laid hand grenad do know mean thi mean war who go there friend foe propaganda time radio top brass shout clown around peac talk die geneva town do know mean thi mean war thi mean war mean war i said mean war mean war thi mean war
897,outta way im runnin high take chanc n ill give tri aint woman world i know caus i aint lookin overflow oh babi i aint got much resist touch take high heel let hair ooh paradis aint far there i wanna walk walk you i wanna walk walk you do anyth want to babi walk you i wanna walk you ow reflect bedroom wall and thought see all were risin fallin like sea your lookin good me im gonna walk walk you im gonna walk walk you do anyth want to walk you im gonna walk over you oh walk whoa moanin groanin stereo so gimmi stage im gonna steal show leav lace turn light tonight gonna night im gonna walk walk you im gonna walk walk you do anyth want walk you im gonna walk over you ooh im gonna walk
919,i wish night would never over there plenti time sleep die so let stay awak grow older if i way wed never close eye eye never i wanna let minut get away caus got time lose none u promis see tomorrow and choos forget sunris fight sleep eye i wanna miss second you let stay way forev it get better want to you know i wish that thi night would never over there plenti time sleep die so let stay awak grow older if i way wed never close eye eye never it hard think could fade away but goe must come down whi cant live life consequ and alway live now forget sunris fight sleep eye i wanna miss second you let stay way forev it get better want to you know i wish that thi night would never over there plenti time sleep die so let stay awak grow older if i way wed never close eye eye never you know i wish that thi night would never over there plenti time sleep die so let stay awak grow older if i way wed never close eye eye never
947,the star collid they fall earth aliv a hunger hide desir burn readi land i shall overcom and numb a deeper breath come out wo oh oh ill make beg merci ill make beg merci yeah eh eh come settl score the strenght insid the lightn fun ill take check wont hide it in lightn under the hard post is race toward light is everi beat i found go trickl vile ill make beg merci we rule sun we rule sun yeah eh eh ill make beg merci come settl score wo oh oh my adrenalin pump yeah eh eh i got next noth wo oh oh come settl score ill make beg merci wo oh oh ill make beg merci yeah eh eh come settl score wo oh oh ill make beg merci we rule sun we rule sun ill make beg merci we rule sun we rule sun
