,processed_text
108,there like feather fell someon heaven float fickl tempt tea way thrown from clutch i struggl free escap me absalom hang like im caught heaven earth heaven releas untangl hair absalom hang like im caught heaven earth heaven patient i wait i hold small feather float somebodi heaven
154,the blood water the cut longer bring down dont even bother ive seen enough take down love hate pride bottl insid let go gonna let go bang im feel superhuman bang im invinc im bulletproof bang im revolut bang im invinc im bulletproof dont know im bulletproof the fight made stronger i could never turn back now dont point finger your word longer bring down im final take over the truth surfac around the day go under have risen cant found love hate pride bottl insid let go gonna let go bang im feel superhuman bang im invinc im bulletproof bang im revolut bang im invinc im bulletproof dont know im bulletproof instrument bulletproof bulletproof instrument superhuman revolut love hate pride bottl insid let go gonna let go bang im feel superhuman bang im invinc im bulletproof bang im revolut bang im invinc im bulletproof bang im feel superhuman bang im invinc im bulletproof bang im revolut bang im invinc im bulletproof love hate pride bottl insid love hate pride bottl insid love hate pride bottl insid let go gonna let go
155,dont pull string i wanna know die crown king you take way far pain whi take me you take me yeah your light candl fli handl your crystal ball lie you cant control me you cant hold me over fire no im voodoo doll not victim strangl cloth you think got underneath spell with voodoo voodoo your play dirti magic black im pull needl back you think cur i fall caus im voodoo voodoo doll you know haunt dream your call power seem your darkest hour mine face so take me take me yeah your light candl fli handl your crystal ball lie you cant control me you cant hold me over die fire no im voodoo doll not victim strangl cloth you think got underneath spell with voodoo voodoo your play dirti magic black im pull needl back you think cur i fall caus im voodoo voodoo doll dont pull string i wanna know die crown king no im voodoo doll not victim strangl cloth you think got underneath spell with voodoo voodoo your play dirti magic black im pull needl back you think cur i fall caus im voodoo voodoo doll yeah your voodoo doll not voodoo voodoo
169,the blood water the cut longer bring down dont even bother ive seen enough take down love hate pride bottl insid let go gonna let go bang im feel superhuman bang im invinc im bulletproof bang im revolut bang im invinc im bulletproof dont know im bulletproof the fight made stronger i could never turn back now dont point finger your word longer bring down im final take over the truth surfac around the day go under have risen cant found love hate pride bottl insid let go gonna let go bang im feel superhuman bang im invinc im bulletproof bang im revolut bang im invinc im bulletproof dont know im bulletproof instrument bulletproof bulletproof instrument superhuman revolut love hate pride bottl insid let go gonna let go bang im feel superhuman bang im invinc im bulletproof bang im revolut bang im invinc im bulletproof bang im feel superhuman bang im invinc im bulletproof bang im revolut bang im invinc im bulletproof love hate pride bottl insid love hate pride bottl insid love hate pride bottl insid let go gonna let go
186,close eye lone friend i sympath look deep within think life begin it end it end take step look down you turn around would chang thing knew im you im you i know hurt broken insid but kind pain worth life take first step breath again it end it end take step look down you turn around would chang thing knew im you im you take step look down you turn around would chang thing knew im you im you take step look down you turn around would chang thing knew im you im you im you would chang thing knew im you
201,the blood water the cut longer bring down dont even bother ive seen enough take down love hate pride bottl insid let go im gonna let go bang im feel superhuman bang im invincibleim bulletproof bang im revolut bang im invincibleim bulletproof dontyou know im bulletproof the fight made stronger i could never turn back now dont point finger your word longer break down im final take over the truth surfac aroud the day go under have risen cant found love hate pride bottl insid let go im gonna let go bang im feel superhuman bang im invincibleim bulletproof bang im revolut bang im invincibleim bulletproof dontyou know im bulletproof superhuman revolut love hate pride bottl insid let go im gonna let go bang im feel superhuman bang im invincibleim bulletproof bang im revolut bang im invincibleim bulletproof bang im feel superhuman bang im invincibleim bulletproof bang im revolut bang im invincibleim bulletproof love hate pride bottl insid let go im gonna let go
225,dont pull string i wanna know die crown king you take way far pain whi take me you take me yeah your light candl fli handl your crystal ball lie you cant control me you cant hold me over fire no im voodoo doll not victim strangl cloth you think got underneath spell with voodoo voodoo your play dirti magic black im pull needl back you think cur i fall caus im voodoo voodoo doll you know haunt dream your call power seem your darkest hour mine face so take me take me yeah your light candl fli handl your crystal ball lie you cant control me you cant hold me over die fire no im voodoo doll not victim strangl cloth you think got underneath spell with voodoo voodoo your play dirti magic black im pull needl back you think cur i fall caus im voodoo voodoo doll dont pull string i wanna know die crown king no im voodoo doll not victim strangl cloth you think got underneath spell with voodoo voodoo your play dirti magic black im pull needl back you think cur i fall caus im voodoo voodoo doll yeah your voodoo doll not voodoo voodoo
233,there anoth world insid may never see there secret life i cant hide somewher dark there light i cant find mayb far away mayb im blind mayb im blind so hold im here right im wrong hold im scare and love im gone everyth i everyth me want oneb oney want be ill never let down even i could id give everyth good so hold im here right im wrong you hold im scare but alway there so love im gone love im gone when educ xray cannot see skin i tell damn thing i could tell friend now roam dark im aliv im alon part fight part gone so hold im here right im wrong hold im scare and love im gone everyth i everyth me want oneb oney want be ill never let even i could id give everyth good so hold im here right im wrong you hold im scare you alway there so love im gone mayb im blind so hold im here right im wrong hold im scare and love im gone everyth i everyth me want oneb oney want be ill never let even i could id give everyth good so hold im here right im wrong you hold im scare you alway there so love im gone love im gone
241,breath right away noth seem fill place i need everi time take your lie get case someday i find love flow through like thi thi fall away fall away your get closer push me off life littl edg caus im loser sooner later you know ill dead your get closer your hold the rope im take fall caus im loser im loser yeah thi get old i cant break these chain i hold my bodi grow cold there nothin left mind soul addict need pacifi buzz of thi poison take higher thi fall away fall away your get closer push me off life littl edg caus im loser sooner later you know ill dead your get closer your hold rope im take fall caus im loser im loser your get closer push me off life littl edg caus im loser sooner later you know ill dead your get closer your hold rope im take fall caus im loser your get closer push me off life littl edg caus im loser sooner later you know ill dead your get closer your hold rope im take fall caus im loser
242,the shade go up mother stare down she know he been long he out she said boy im tire wait while friend he said mom im tri im live life best way i can caus im tri somebodi im tri somebodi el thi life mine im live dont know me i ever let down the day come son move on she know hell go he come home she said son take care let dream get far sight he said i love worri know ill fine caus im tri somebodi im tri somebodi el thi life mine im live dont know me i ever let down no im tri somebodi el dont know me i ever let you i ever let you what say what know what think ever bring down thi life mine i own im tri somebodi im tri somebodi el thi life mine i lead dont know me im tri somebodi im tri somebodi el thi life mine im live dont know me i ever let down im tri somebodi el dont know me i ever let down i nobodi el thi life mine i
263,the shade go up mother stare down she know he been long he out she said boy im tire wait while friend he said mom im tri im live life best way i can caus im tri somebodi im tri somebodi el thi life mine im live dont know me i ever let down the day come son move on she know hell go he come home she said son take care let dream get far sight he said i love worri know ill fine caus im tri somebodi im tri somebodi el thi life mine im live dont know me i ever let down no im tri somebodi el dont know me i ever let you i ever let you what say what know what think ever bring down thi life mine i own im tri somebodi im tri somebodi el thi life mine i lead dont know me im tri somebodi im tri somebodi el thi life mine im live dont know me i ever let down im tri somebodi el dont know me i ever let down i nobodi el thi life mine i
279,dont tell think caus i care time dont tell believ caus there to catch i fall but need im all miss im gone again yeah im go flame im fall again yeah im go flame im fall again dont tell life is caus i realli want know dont tell game end caus well see goe catch i fall or need im all miss im gone again yeah im go flame im fall again yeah im go flame im fall again yeah now im way here im fall im way here im fall again im fall down im fall down im fall down im go flame im fall again im go flame im fall again now im way here im fall all way all way here im fall im fall
301,breath right away noth seem fill place i need everi time take your lie get case someday i find love flow through like thi thi fall away fall away your get closer push me off life littl edg caus im loser sooner later you know ill dead your get closer your hold the rope im take fall caus im loser im loser yeah thi get old i cant break these chain i hold my bodi grow cold there nothin left mind soul addict need pacifi buzz of thi poison take higher thi fall away fall away your get closer push me off life littl edg caus im loser sooner later you know ill dead your get closer your hold rope im take fall caus im loser im loser your get closer push me off life littl edg caus im loser sooner later you know ill dead your get closer your hold rope im take fall caus im loser your get closer push me off life littl edg caus im loser sooner later you know ill dead your get closer your hold rope im take fall caus im loser
312,whi make feel ugli insid out what i say brain that make damn sure that what want im tri be noth real what insid if im blind i see i feel pull under i cant hold like bring down i cant hold like bring down whi i tri noth i make proud all word say mean thing the silenc scream loud what want im tri be noth real what insid if im blind i see i feel pull under i cant hold like bring down i cant hold like bring down im down im down im down i cant hold like bring down i cant hold like bring down i cant hold like bring down i cant hold like bring down im down im
336,im walk wire feel like thousand way i could fall to want buy live die cant take all and everyth said done i one thing left what happen everyth i ever known caus gave ticket heaven that ticket heaven said lie bed make and im restless im run everyth im run everyth im afraid littl late it voic lie innoc die and dream money mean thing when everyth said done one thing left what happen everyth i ever known caus gave ticket heaven that ticket heaven said lie bed make and im restless im run everyth im run everyth im afraid littl late it littl late caus gave ticket heaven that ticket heaven said lie bed make and im restless im run everyth im run everyth im afraid littl late and gave ticket heaven that ticket heaven said lie bed make and im restless im run everyth im run everyth im afraid littl late it littl late
342,there anoth world insid may never see there secret life i cant hide somewher dark there light i cant find mayb far away mayb im blind mayb im blind so hold im here right im wrong hold im scare and love im gone everyth i everyth me want oneb oney want be ill never let down even i could id give everyth good so hold im here right im wrong you hold im scare but alway there so love im gone love im gone when educ xray cannot see skin i tell damn thing i could tell friend now roam dark im aliv im alon part fight part gone so hold im here right im wrong hold im scare and love im gone everyth i everyth me want oneb oney want be ill never let even i could id give everyth good so hold im here right im wrong you hold im scare you alway there so love im gone mayb im blind so hold im here right im wrong hold im scare and love im gone everyth i everyth me want oneb oney want be ill never let even i could id give everyth good so hold im here right im wrong you hold im scare you alway there so love im gone love im gone
391,i wanna what right be kind everi singl bodi open light just let flow through my bodi but sometim im unsur x i tell babi im slippin dark im creepin dark i want start thi im attract dark be posit love just see good everybodi but sometim im unsur x i tell babi there someth go on in heart i feel weigh down so i reach for wide blue sky tri pull into the deep arc arm im slippin dark im creepin dark i want start thi im attract dark
435,come like nightmar word like im gonna go it fuckin around ya got show it let know im zone and whatev i need i pick phone cuz im true new it i swing thing im it i need friend act like foe cuz im nick hexum one know about thing cuz take two swing better you then time dub roll club and know i do im hit freak mode puttin load sippin guinni then lo behold una vision bottom top and i cant stop show air rarifi but give damn cuz groov hellafi grew punk listen funk im hyper type fella touch junk your back pack bottom stack that waht get steadi talkin shit not goin self shit shelf it go hive listen gonna bump thi and im feelin mean im gonna clutch fist now i say mean i mean im gonna rock it your gonna find kid im bout shock it when im im gone i hear beat spawn the way freak kick storm the day turn pop show stop so feel beat get lost now back part hard way play sublim time fan im sa and know i say check show do got danc flor some say style wack i say fuck that get hell back watch u rock set we cast mold bust cold explod megatrendsett known around globe friend takin never been we done want craftin poem you rock glow around you lose control holm like do hard obtain brotha what name mad find unlik ya mamma masquerad i drive mach dashboard jesu i hear voic say that doug martinez your mix like fuckin betti crocker you think play actual jocker you bad mouth bitch man givin juic it aint nothin parti everybodi get loo notic i stress step me whatev complaint sue me i say fuck naysay keep goin gotta i gotta get peopl glowin so let everybodi gather better i repres travel he shredder at ea tri plea me im today quickli im out on town one light im glow worm for sever hour wiggl jiggl like im huge sperm cant appreci brother love funki music you think im silli rabbit cuz style trick of way i feel i got rock the music poppin like electr shock i think blink i wink shit tini cuz blink eyelash find me your back pack bottom stack that get steadi talkin shit not goin self shit shelf cuz go hive
440,mother natur suprem step back dream hydropon scene found around knock bound wound mind stone cloud tast thinnest oxygen rise higher stoner cu i groov someth wreck noth prove see that natur so fresh vital bud chronic tast someth thicker everyth i eat earth right i i eat straight earth right noth walk sack earth nice meet ya do guess what ya one too my skin hold brain move boom i jump straight speaker form celebr were move freeli disconnect im truli grate im go back earth im gonna wast life hate choru kingdom come ya jumpin skin the skin im in and hydropon on did wanna toke gone abstract notion here connect ocean caus im water carboand much el i felt compunct conjunct junction what function ill hookin up verb noun phrase claus caus of miseri quizzic i look book hook tri fathom the solar system atom larger molecul call galaxi cool the milki way i stay astronomi steppin stompin pow wow i rock mike shake ground and im bust like wild dandelion fat bloom im shoot cosmo i loom know im higher im shine brighter ye ye like water come togeth water foamin now im homin like bird soarin right mood im wildflow bust i go boom choru
452,h e x u m im hexum i alway seem vex them even i realli mean to but im brick hous lean to i kick posit like shipwreck raft in sea neg cover half half world figur intact which way impact come back bro soul but mode flow i stick brick hous funk and swing vibe regga hip hop sing peopl chaser steepl and whatev stop i come drop clue you like fantasi island chad got one tattoo if need understand juan bond detect man if need understand juan bond detect man j u a n b o n d j u a n b o n d j u a n b o n d check out ive got clout no dont ye i do no dont ye i do no dont ye i do no dont ye i do no dont ye i do no dont ye i do no dont ye i do no dont damn mile im drivin mach mad not unlik box i am endor fox i am inferior spin hand i see man like stand between mirror seem go lieu them flow i know soul dig becom bodi anoth one constel mirror simpl collect and mic eye today were take pari say of land heavi spirit ill descend oh god i made mess haul see mercuri fall hand flung red super deadli i step outer sea if need understand juan bond detect man if need understand juan bond detect man j u a n b o n d j u a n b o n d j u a n b o n d check out ive got clout no dont ye i do no dont ye i do no dont ye i do no dont ye i do no dont ye i do no dont ye i do no dont ye i do no dont damn here advic call a b c thi world anyth peopl look think i know i do but half fuck time i clue and in given situat i alway say stupid thing not bad pnut he cool same norwegian scottish irish mexican and drum one chad sexton super phat beat cant fuck with do type shit gonna good run with stupid motherfuck parti go thiev live life them univers
453,h e x u m im hexum i alway seem vex them even i realli mean to but im brick hous leanto i kick posit like shipwreck raft in sea neg cover half half world figur intact which way impact come back bro soul but mode flow i stick brick hous funk and swing vibe regga hiphop sing peopl chase steepl and whatev stop i come drop clue you like fantasi island chad got one tattoo if need understand juan bond detect man if need understand juan bond detect man juanbond juanbond juanbond check ive got clout sa dont ye i sa dont ye i sa dont ye i sa dont ye i sa dont ye i sa dont ye i sa dont ye i sa dont damn mile im drive mach mad not unlik box i am endor fox i am inferior spin hand i see man like stand between mirror seem go lieu them flow i know soul dig becom bodi anoth one constel mirror simpl collect and mic eye today were take pari say of land heavi spirit ill descend oh god i made mess haul see mercuri fall hand flung red super deadli i step outer sea if need understand juan bond detect man if need understand juan bond detect man juanbond juanbond juanbond check ive got clout sa dont ye i sa dont ye i sa dont ye i sa dont ye i sa dont ye i sa dont ye i sa dont ye sa dont damn here advic call abc thi world anyth peopl look think i know i doin but half fuckin time i clue and in given situat i alway say stupid thing not bad pnut he cool same norwegian scottish irish mexican and drum one chad sexton super phat beat cant fuck with doin type shit gonna good run with stupid motherfuck parti go thiev livin life them univers
493,and i i notic tapestri wall well and i i stand hit head mobil and you look around too and we time pas easili ive open mind so step insid you expect find a scenic ride pointyhead pizzeria perfect penetr mezcal cut brain commun belliger lost intelleg talkin mess like shut listen me becaus cuttin crap specialti like bomb im droppin ye ton lead your tryin figur last thing i said im redwood i love tree ye im druid my word theyr flowin like fluid never give never conform ill bustin rhyme triplet form right now in anoth room i sit contempl that winter night word fill hate in second sight i known fate but allright were differ state choru expiat make amend hostil it easi see me realiti im one fool with ecclesiast whitewash to set ethic standard youll never cathc lookin ann lander or mose law even buddha if there one thing i know it alway true myself and learn experi educ night violenc trip jail broken knuckl friendship but give power write groov rip right now i am
495,rollin window kickback trollen im holdin foldin see cold street dirti look huh think funni workin class rare scroung money but were coolin middl june im gettin girl gettin lit im make tune believ boy ill bet ill bet im trollen just lookin troubl rollin now im tell tale straight gonna tell stori it fairi tale get littl glori it happen one night tequila full we walkin car unawar unknowin i step cross street hurri and happen next get littl blurri thi chump nearli hit green pintow i threw bottl bang it broke window he screech halt jump car i step straight gonna make see star ye the situat go explod thought i give warn said ya better hit road i knew would easi dag first so i crack face sudden burst i hit im right left land but turn head i broke hand whatcha gonna do do whatcha gonna i got cast hand girl think im jerk i cant play bass i cant go work thi true stori happen better yet i regret im rollin strappin been two year sinc took place i learn stupid i learn mistak and im livin peac edifyin trollen cant say fun day rollin rollin rollin
550,he say care ask him your head fall brother goe right past him in anoth world he anoth place need speed is anoth form greed jonesn brain frozen your thinkin bout choic makin rollin on anybodi guess cuz one wheel front of mess ye the sun goin goin me he i need ye theyr i need but im gonna buy ticket im gonna even pick it i heard said i heard it but went someth like choru visit i wanna visit world so i visit world with time world becaus livin hungri dog alley now i mind busi cuz im rhymin cali i aint playin sayin king ghetto feel lose ground vato goin loco everyon brought down thi visit dead fade dust strickin im wear doc marten cuz im alway kickin thi friend citi piti everywher enemi readi homey stompin everyon front me jump cu that style cruis frowner float follow smile look ocean i say there plenti look river i say there plenti choru jump cuz that style cruis frowner float follow smile i got golden ticket im gonna even pick it i heard said i heard it went went someth like choru choru
583,stumbl way darkest afternoon i got beer hand im draggin stoogi too the back brain tickin like clock well i simmer gentli boil on fuck i get back caus im feelin good tonight i get back caus im feelin right troubl word start capit t and i refer word caus im keen littl know im struttin style it make troubl worth while i get back caus im feelin good tonight i get back caus im feelin right there goe billi susi walkin hand hand well i quickli caught slur yo what plan they fear eye belli ran like dog i barrel laugh scream susi forgot clog well old mr heffer im realli plea meet you i mean scare blue eye child but billi talk susi look me it made doggon crazi i chase mile all i want chang buck well im back im feelin good tonight well im back im feelin right well im back im feelin good tonight well im back im feelin right jesu
598,expect worst everyon i meet count clock caus i cant fuck sleep soon pay like heart attack call friend i might make back the doctor say im head destruct someth gotta give im like time bomb tick head paranoia cloud judgment and matter it im still head i stop stare scare unknown unknown number blow phone im hear footstep outsid hous im afraid someon tri take out the doctor say im head destruct can i fuck live im like time bomb tick head paranoia cloud judgment and matter it im still head im still head im still head i break point you cant run cant hide ill close eye night im alway watch you the doctor say im head destruct my time wear thin im like time bomb tick head paranoia cloud judgment and matter it im still head
601,a i look round make shift move hous im search whatev left me it ground box tha read lost found it lost found she said let go she said ever known im alreadi gone im alreadi somethin someon i know when i know im makin round everi side town that ive through i know to find reason come back home ive work alway bring down from im thing me im impati now im type life alon i need someon she said let go she said ever known im alreadi gone im alreadi somethin someon i know when i know im makin round everi side town that ive through i know to find reason come back home with everyth set back i push back harder clear way there thing i regret cant live life yesterday live yesterday im alreadi gone im alreadi somethin someon i know when i know im makin round everi side town that ive through i know to find reason come back home
608,when curtain fall roll unwrap remind me the person i am im still afraid asham what behind me but gave strength stand shshshshake go get thing want ill bottl shame bottl shame just shshshake off one ever know wont know im slave voic head and im afraid im afraid theyv said im slave sometim one left listen ill sit argu myself say thing i wish tell you without hurt someon el shshshshake go get thing want ill bottl shame bottl shame just shshshake off one ever know wont know im slave voic head and im afraid im afraid theyv said im slave voic head and im afraid theyll walk end hey you whend ya get cold whend ya get cold hey you told told hey you gonna star a long let u well make person arent im slave voic head and im afraid im afraid theyv said im slave im slave voic head and im afraid im afraid theyll walk end shshshshake go get thing want ill bottl shame bottl shame
629,let find way i make do without circumst without follow through a man desper cant trust troubl mind im build empir say im wrong i mind one no room weak ill gone forev dear mother noos place around neck im reflect past year i spent tri forget im regret time spent half world away what child sing child sing when im dead buri dead buri dead buri dead buri dead buri i cant fight it i cant fight it i cant fight it ive slip crack i hold noth back dear mother noos place around neck im reflect past year i spent tri forget im regret time spent half world away what child sing child sing when im dead buri dead buri dead buri dead buri dead buri never thought itd easi caus worth have itll pas by you choic be person voic so let set off dear mother noos place around neck im reflect past year i spent tri forget im regret time spent half world away what child sing child sing when im dead buri dead buri dead buri dead buri dead buri
642,a i look round make shift move hous im search whatev left me it ground box tha read lost found it lost found she said let go she said ever known im alreadi gone im alreadi somethin someon i know when i know im makin round everi side town that ive through i know to find reason come back home ive work alway bring down from im thing me im impati now im type life alon i need someon she said let go she said ever known im alreadi gone im alreadi somethin someon i know when i know im makin round everi side town that ive through i know to find reason come back home with everyth set back i push back harder clear way there thing i regret cant live life yesterday live yesterday im alreadi gone im alreadi somethin someon i know when i know im makin round everi side town that ive through i know to find reason come back home
652,when curtain fall roll unwrap remind me the person i am im still afraid asham what behind me but gave strength stand shshshshake go get thing want ill bottl shame bottl shame just shshshake off one ever know wont know im slave voic head and im afraid im afraid theyv said im slave sometim one left listen ill sit argu myself say thing i wish tell you without hurt someon el shshshshake go get thing want ill bottl shame bottl shame just shshshake off one ever know wont know im slave voic head and im afraid im afraid theyv said im slave voic head and im afraid theyll walk end hey you whend ya get cold whend ya get cold hey you told told hey you gonna star a long let u well make person arent im slave voic head and im afraid im afraid theyv said im slave im slave voic head and im afraid im afraid theyll walk end shshshshake go get thing want ill bottl shame bottl shame
663,expect worst everyon i meet count clock caus i cant fuck sleep soon pay like heart attack call friend i might make back the doctor say im head destruct someth gotta give im like time bomb tick head paranoia cloud judgment and matter it im still head i stop stare scare unknown unknown number blow phone im hear footstep outsid hous im afraid someon tri take out the doctor say im head destruct can i fuck live im like time bomb tick head paranoia cloud judgment and matter it im still head im still head im still head i break point you cant run cant hide ill close eye night im alway watch you the doctor say im head destruct my time wear thin im like time bomb tick head paranoia cloud judgment and matter it im still head
671,im alpha omega i invinc can i say one thing im go say know there plenti fish sea im go say love let go im go bombard clich i say thi it end world
695,back black i hit sack ive long im glad back ye im let loo noos that kept hangin about i livin like star caus gettin high forget hears caus i never die i got nine live cat eye abus everi one run wild choru caus im back ye im back well im back ye im back well im baaack baaack well im back black ye im back black back bandi got cadillac number one bullet im power pack ye im band gang gotta catch want hang caus im back track im beatin flack nobodi gonna get anoth trap so look now im makin pay dont tri push luck get outta way choru caus im back ye im back well im back yeah im back well im baaack baaack well im back black ye im back black let go choru well im back ye im back well im back ye im back well im baaack baaack well im back black ye im back blackow aww yeah let go keep goin yeah yeah yeah aww yeah yeah here go choru well im baaack im back baaack well im back baaack im back baaack im back baaack im back baaack ye back black ye im back black outta sight
698,aye aye aye aye aye aye aye aye aye aye see ride sunset on colour tv screen out i get if know i mean woman left me and woman right aint got gun aint got knife but start fight caus im tnt im dynamit tnt ill win fight tnt im power load tnt watch explod im dirti mean mighti unclean im want man public enemi number one understand so lock daughter lock wife lock back door and run life the man back town so mess round caus im tnt im dynamit tnt ill win fight tnt im power load tnt watch explod tnt aye aye aye tnt aye aye aye tnt aye aye aye tnt aye aye aye tnt aye im dynamit aye aye tnt aye and ill win fight aye aye tnt aye im power load aye aye tnt watch explod
710,somewher clock strike midnight and there full moon sky you hear dog bark distanc you hear someon babi cri a rat run alley and chill run spine and someon walk across grave and wish sun would shine cuz no one gonna warn you and one gonna yell attack and feel steel till hang back im night prowler asleep day night prowler get way yeah im night prowler watch tonight ye im night prowler turn light too scare turn light out cuz someth mind wa nois outsid window what shadow blind a lie nake like bodi tomb suspend anim a i sleep room im night prowler asleep day yeah im night prowler get way look night prowler watch tonight ye im night prowler turn light solo im night prowler asleep day ye im night prowler get way look night prowler watch tonight ye im night prowler turn light im night prowler break door im night prowler crawl cross floor im night prowler make mess you ye i will night prowler i tell you there aint noth there aint noth oowwn noth do shazbot nunu nunu
718,diamond dust poor man last rich man first lamborghini caviar dri martini shangrela i got burn feel deep insid me it yearn but im go set free im go sin citi im gonna win sin citi where light bright do town tonight im gonna win sin citi im gonna rule babi ladder snake ladder give snake take rich man poor man beggarman thief aint got hope hell that belief finger fanni diamond jim theyr get readi lookout im come in so spin wheel cut pack and roll load dice bring danc girl and put champaign ice im go sin citi im gonna win sin citi where light bright do town tonight im gonna win sin citi
726,back black i hit sack ive long im glad back ye im let loo noos that kept hangin about i livin like star caus gettin high forget hears caus i never die i got nine live cat eye abus everi one run wild choru caus im back ye im back well im back ye im back well im baaack baaack well im back black ye im back black back bandi got cadillac number one bullet im power pack ye im band gang gotta catch want hang caus im back track im beatin flack nobodi gonna get anoth trap so look now im makin pay dont tri push luck get outta way choru caus im back ye im back well im back yeah im back well im baaack baaack well im back black ye im back black let go choru well im back ye im back well im back ye im back well im baaack baaack well im back black ye im back blackow aww yeah let go keep goin yeah yeah yeah aww yeah yeah here go choru well im baaack im back baaack well im back baaack im back baaack im back baaack im back baaack ye back black ye im back black outta sight
727,back black i hit sack ive long im glad back ye im let loo noos that kept hangin about i livin like star caus gettin high forget hears caus i never die i got nine live cat eye abus everi one run wild caus im back ye im back well im back ye im back well im baack baack well im back black ye im back black back band got cadillac number one bullet im power pack ye im band gang gotta catch want hang caus im back track im beatin flack nobodi gonna get anoth trap so look now im makin pay dont tri push luck get outta way caus im back ye im back well im back yeah im back well im baack baack well im back black ye im back black let go well im back ye im back well im back ye im back well im baack baack well im back black ye im back blackow aww yeah let go keep goin yeah yeah yeah aww yeah yeah here go well im baack im back baack well im back baack im back baack im back baack im back baack ye back black ye im back black outta sight
728,back black i hit sack ive long im glad back ye im let loo noos that kept hangin about i livin like star caus gettin high forget hears caus i never die i got nine live cat eye abus everi one run wild choru caus im back ye im back well im back ye im back well im baack baack well im back black ye im back black back band got cadillac number one bullet im power pack ye im band gang gotta catch want hang caus im back track im beatin flack nobodi gonna get anoth trap so look now im makin pay dont tri push luck get outta way choru caus im back ye im back well im back yeah im back well im baack baack well im back black ye im back black let go choru well im back ye im back well im back ye im back well im baack baack well im back black ye im back blackow aww yeah let go keep goin yeah yeah yeah aww yeah yeah here go choru well im baack im back baack well im back baack im back baack im back baack im back baack ye back black ye im back black outta sight
729,breakin out shout feel need one round dont struggl tri bite you want troubl im king vice im wreckin ball im stingin knife steal money gonna take life you got screamin murder lock door doubl dealin gotta more call dirti trash name just tell boy im gonna be back busi again back busi again back busi again back busi again back busi flesh blood im rag n bone bad luck messag telephon dont worri play game ill favor got soul sale im cannon ball goin track need good lovin i want back born troubl gave me teacher preachin be call dirti trash name just tell boy im gonna
742,some peopl say im night mayb folk might got right and peopl say i drive cadillac car or sell ware hauntin hotel bar im boogi man yeah boogi man yeah yeah yeah i like fine suit smoke best cigar like talkin sex woman girl fast car i might bed readi bite so littl girl care own tonight caus im boogi man boogi man and i hope misunderstand boogi man oh im boogi man im boogi man ye im boogi man im boogi man yow go and i hope misunderstand your boogi man and let sun come me your boogi man im boogi man boogi man im boogi man boogi man im boogi man boogi man boogi man im boogi man yeah yeah im boogi man im boogi man boogi man
761,ive enchain got shackl me that woman blame hell miseri cant find way outta here shoot burnin fear goin stretch year way below im deep in deep in deep hole deep in deep in deep hole im in in hole well im deep in deep in that woman got deep hole im sink down got floor cant touch wall i go pull string violin bow make sing fire load aint slave told you sold soul im deep in deep in deep hole deep in deep in deep hole im in in hole well im deep in deep in that woman got deep hole
793,gettin readi rock gettin readi roll gonna turn heat gonna fire coal i gotta keep motor turnin i gotta keep engin clean i gotta keep tyre burnin ive got best ever seen co im heatseek chargin sky heatseek i need life preserv dont need one hose down to hose down get readi break get readi go get shoe an shake get head blow ya gotta keep woman firin you gotta keep circuit clean you gotta make sound siren you gotta hear ladi scream co im heatseek burnin town heatseek i dont i need life preserv dont need one hose down to hose down come heatseek wanna see get up see white eye im heatseek im gonna measur you gonna tri size im heatseek ya gotta keep motor turnin ya gotta keep engin clean ya gotta keep tyre burnin i got best ever seen im heatseek i need life preserv dont need one hose down im heatseek im heatseek heatseek out street feel heat
816,well lookin troubl im man see if lookin satisfact im satisfact guarante im cool bodi ice hotter rollin dice send heaven take hell i aint foolin cant tell im live wire im live wire im live wire gonna set town fire and need lovin and need man youv got phone number and i got futur plan oh come honey got nothin lose you got thirst n i got booz give inch take mile i wanna make fri im live wire live wire im live wire live wire im live wire live wire holi smoke sweet desir like hot rod babi oh stick fuse box aah cooler bodi ice hotter rollin dice wilder drunken fight your gonna burn tonight im live wire live wire im live wire live wire im live wire live wire and im gonna set town fire live wire live wire im live wire live wire well im live wire live wire im live wire live wire your gonna burn ah look me guilti burn burn burn burn burn burn burn
830,somewher clock strike midnight and there full moon sky you hear dog bark distanc you hear someon babi cri a rat run alley and chill run spine and someon walk across grave and wish sun would shine cuz no one gonna warn you and one gonna yell attack and feel steel till hang back im night prowler asleep day night prowler get way yeah im night prowler watch tonight ye im night prowler turn light too scare turn light out cuz someth mind wa nois outsid window what shadow blind a lie nake like bodi tomb suspend anim a i sleep room im night prowler asleep day yeah im night prowler get way look night prowler watch tonight ye im night prowler turn light solo im night prowler asleep day ye im night prowler get way look night prowler watch tonight ye im night prowler turn light im night prowler break door im night prowler crawl cross floor im night prowler make mess you ye i will night prowler i tell you there aint noth there aint noth oowwn noth do shazbot nunu nunu
834,copi thi im hot im not im cold ice get way just step asid or pay price what i want i take what i i break and i want you with flick knife i chang life there noth do im problem child im problem child ye i am im problem child and im wild make stand no man land on own man blue it you the seed sown what i want i stash what i i smash and list dead aliv i got and i never miss im problem child hey im problem child im problem child just runnin wild just watch step everi night street light i drink booz some run some fight but i win lose what i need i like what i i fight and i like you say bye bye while still aliv your time through caus im problem child im problem child im problem child im problem child problem child im problem child even mother hate me im problem child im problem child problem child problem child problem child problem child problem child problem child problem child problem child problem child im problem child problem child and im run wild im problem child problem child problem child
850,im rocker im roller im right control im wheeler im dealer im wick woman stealer im bruiser im cruiser im rockin rollin man got slick black hair skin tight jean cadillac car and teenag dream im rocker im roller im rocker im roller im rocker im roller im rockin rollin man got lorex sock blue sued shoe v car and tattoo im rocker im roller im rocker im roller im rocker im roller im rockin rollin man im rocker im roller im rocker im roller im rocker im roller im rocker im roller im rocker im roller im rockin rollin man im rocker im roller im rocker im roller im rocker im roller im rocker im roller im rockin rollin rockin rollin man hey wanna jive honey cmon spin round hey yeah yeah im rocker im roller im rocker makin roll
866,diamond dust poor man last rich man first lamborghini caviar dri martini shangrela i got burn feel deep insid me it yearn but im go set free im go sin citi im gonna win sin citi where light bright do town tonight im gonna win sin citi im gonna rule babi ladder snake ladder give snake take rich man poor man beggarman thief aint got hope hell that belief finger fanni diamond jim theyr get readi lookout im come in so spin wheel cut pack and roll load dice bring danc girl and put champaign ice im go sin citi im gonna win sin citi where light bright do town tonight im gonna win sin citi
882,aye aye aye aye aye aye aye aye aye aye see ride sunset on colour tv screen out i get if know i mean woman left me and woman right aint got gun aint got knife but start fight caus im tnt im dynamit tnt ill win fight tnt im power load tnt watch explod im dirti mean mighti unclean im want man public enemi number one understand so lock daughter lock wife lock back door and run life the man back town so mess round caus im tnt im dynamit tnt ill win fight tnt im power load tnt watch explod tnt aye aye aye tnt aye aye aye tnt aye aye aye tnt aye aye aye tnt aye im dynamit aye aye tnt aye and ill win fight aye aye tnt aye im power load aye aye tnt watch explod
884,here come furor kick dust wipe crime main street await come lord hangin round low dirti bring order bos what furor bout all leav pantin bust ball kick around mess about get hand dirti on killin floor im furor im furor babi come on yeah friend mine cross line new state i shake law find mine gonna build new place no knockin door door im furor im furor babi what furor im furor yeah yeah yeah bring furor cmon well im furor what furor babi feel furor im furor babi im furor what furor babi feel furor your furor im furor im furor
896,well i neck troubl up neck strife up neck miseri for life ive foll know fool do im tell you you come along i need you now im up im neck you and i yo neck pleasur up neck pain ive neck railroad track wait train cruis trought well babi im tire you it way overdu you come along pull trough now im up oh up nneck you well ive neck whiski ive neck wine ive neck whishin that neck mine i loser you lost babi good to good true what done one el could do now im up im neck you other could yeah come along i need you ooow im neck
929,when gone when gone it like im one second time im frozen when gone when gone it like i lost one half mind stolen caus nobodi feel like i do nobodi kill like do noth i take ever cut through im troubl i look i know how im stuck like velcro cant rip go solo im troubl im hook made me hook im gonna say straight i want you i need you i want take underground im hook i cant cut off in blood im gonna say now i want you i need you i want take underground im hook made me hook im gonna say straight i want you i need you i want take underground im hook i cant cut off in blood im gonna say now i want you i need you i want take underground when go when go it like i put life line it hurt when go when go im trip im pretend im fine so dumb caus nobodi feel like i do nobodi kill like do noth i take ever cut through im troubl i look i know how im stuck like velcro cant rip go solo im troubl im hook made me hook im gonna say straight i want you i need you i want take underground im hook i cant cut off in blood im gonna say now i want you i need you i want take underground im hook made me hook im gonna say straight i want you i need you i want take underground im hook i cant cut off in blood im gonna say now i want you i need you i want take underground you got hook you now im troubl troubl troubl yeah im hook made me hook im gonna say straight i want you i need you i want take underground im hook i cant cut off in blood im gonna say now i want you i need you i want take underground im hook made me hook im gonna say straight i want you i need you i want take underground im hook i cant cut off in blood im gonna say now i want you i need you i want take underground
942,gotta get out gotta get outsid i gotta get outsid mind befor i rip out im drive im nightdriv i gotta take littl trip get twist and ride out alway hour im burn wet lie alway hour late night power i feel wheel alway hour im burn bad lie alway hour late night power i feel wheel im drive im nightdriv i gotta get take littl trip get twist and ride out alway hour im burn wet lie alway hour late night power i feel wheel alway hour im burn bad lie alway hour i feel wheel
974,so hot box pick pace turn up heat up i need entertain push limit it babi afraid imma hurt real good babi let go show babi i say dont trip bit im gonna display i told ya imma hold ya amaz give ya til scream name no escapin i start onc im i heart there way ring alarm so hold over oh do know got into can handl im bout do caus get rough you im entertain oh i bet thought i soft sweet you thought angel swept ya foot well im turn heat im entertain it alright fine babi im control take pain take pleasur im master both close eye mind let soul imma work til total blown no escapin i start onc im i heart there way ring alarm so hold over oh do know got into can handl im bout do caus get rough you im entertain oh i bet thought i soft sweet you thought angel swept foot well im turn heat im entertain ohoh ohoh ohoh im entertain whoaoh do like see whoaoh let entertain til scream oh do know got into can handl im bout do caus get rough you im entertain oh i bet thought i soft sweet your fallen angel swept foot well im turn heat im entertain
995,im gonna marri night i give life im warrior queen live passion tonight im gonna marri night im gonna marri night im gonna marri night im gonna cri anymor im gonna marri night leav noth street explor mamamamarri mamamamarri mamamamarri night im gonna lace boot throw leather cruis down street i love in fishnet glove im sinner then ill go bar but i cri anymor ill hold whiskey high kiss bartend twice im loser im gonna marri night im gonna marri night im gonna marri night im gonna cri anymor im gonna marri night leav noth street explor mamamamarri mamamamarri mamamamarri night noth cool take you new york tan never lose get ginger readi climb el camino front wont poke hole seat heel caus that make love come run turn car run im gonna marri night im gonna burn hole road im gonna marri night leav noth street explor mamamamarri mamamamarri mamamamarri night mamamamarri mamamamarri mamamamarri nigh night night night
