,processed_text
10,she walk alon brick lane breez blow a year chang forev like grey home he use live close here wed look place i cant rememb the world safe knew him tri hold him hold forev for never happen never be candl burn love seldom keep the earth raw finger overturn it consid plant flower last long one tend them it funni thing go answer question the memori made weari shudder slowli want to a distant summer began whisper threw smile way she look glass liquid surfac show meld togeth present past so i go here the color fade answer she felt slip vision she tri hold him hold forev so close forev silent frozen sleep
26,she walk alon brick lane breez blow a year chang forev like grey home he use live close here wed look place i cant rememb the world safe knew him tri hold him hold forev for never happen never be candl burn love seldom keep the earth raw finger overturn it consid plant flower last long one tend them it funni thing go answer question the memori made weari shudder slowli want to a distant summer began whisper threw smile way she look glass liquid surfac show meld togeth present past so i go here the color fade answer she felt slip vision she tri hold him hold forev so close forev silent frozen sleep
30,wide open falsehood clan destin truth rival till end seri duel pardon draperi languag i choos waltz vienna taught use everi tall room fiction leather bound treasur book ceil gold spine upon spine guil treason faith allegi wide open falsehood clan destin truth rival till end seri duel pardon draperi languag i choos author grew fat imagin lead pen careen gave voic scheme aryan cabal dethron guil treason faith allegi empir unknown baron mistress dine fine banquet hall rebel insurg plot in attic space crawl wide open falsehood clan destin truth rival till end seri duel pardon draperi languag i choos small hand strive explain the rant rave of peopl enslav cant shrewdest capabl men guil treason faith allegi lie hand guil treason faith allegi lie hand
92,out foggi window see eye futur child look back back foggi window mile pas year turn over roll window poni run free cradl protect greeneri somewher i keep pictur mile pas year turn over road weve travel bridg burn i think loud way world seem constant few lesson realli learn foggi window frozen frame captur pas pictur life last refrain memori ash scatter mile pas year turn over
118,the paint desert wait till summer weve play game imagin long enough wait till summer when im sure rain end bloom gone everyon kill morn frost is cactu bloom everi roadsid stand big deal cowboy gear japan the paint desert wait till summer weve play game imagin long enough wait till summer when im sure rain end bloom gone everyon kill morn frost is cactu bloom upon northern rim ruin hopi mesa den you met new friend canyon wrote on blanket cool sand friend agre that star mani seem overlap the paint desert wait till summer weve play game imagin long enough wait till summer when i sure rain end bloom gone everyon kill morn frost wa cactu bloom watch nativ boy in flagstaff trailer court wrote line he kick tumblewe mother call home arizona moon met arizona sun i want may latest time isnt plan chang mind i read word sinc phoenix tucson april tell long i there
202,when i look eye i see lot hate push away your haunt past a past bring down so throw away again just tri find place deep within soul and deni child live deep insid open eye find thi life better know it hand now just open eye deep insid mind your forc believ that noth gonna chang so i take hand and i lead place a place happi like thi just tri find place deep within soul and deni child live deep insid open eye find thi life better know it hand now just open eye dont throw away x just tri find place deep within soul and deni child live deep insid open eye find thi life better know it hand now just open eye
231,i never meant favorit enemi i want way facetofac well final find remedi a world collid tonight youll never take heart beat insid me you take it safe say there gonna price pay when world collid the disguis hide behind wont save now so let fuel fire and burn ground a world collid trip wire the sky come crash down when world collid thi cloud alway hover me ive got new ob it take fight see suppos be and world collid the disguis hide behind wont save now so let fuel fire and burn ground a world collid trip wire the sky come crash down when world collid
280,dont know what go on dont know went wrong feel like hundr year i still cant believ gone so ill stay night with bloodshot eye while wall surround stori our life i feel much better now gone forev i tell i miss all im lie deni i feel much better now that gone forev now thing come clear and i need here and world around me im glad disappear so ill stay night get drunk fuck fine until morn come ill forget life i feel much better now gone forev i tell i miss all im lie deni i feel much better now that gone forev first time scream me i made leav i known could much better i hope miss me i hope ive made see that im gone forev and come clear that i need here and world around me im glad disappear i feel much better now gone forev i tell i miss all im lie deni i feel much better now that gone forev and gone forev and gone forev
297,live riski never scare wander closer edg noth valu think fear alway wonder your here all purpos gone noth right noth wrong noth ventur noth gain feel sorrow feel pain kiss im still aliv kill i kiss sky let die term let me live let learn now ill follow way ill live anoth damn day freedom carri sacrific rememb life look forward behind everybodi got cross line free give place keep cage free beast fall faster time goe by fear is not seen eye what never be now im blind cannot see kiss im still aliv kill i kiss sky let die term let me live let learn now ill follow way ill live anoth damn day freedom carri sacrific rememb life kiss im still aliv kill i kiss sky let die term let me live let learn now ill follow way ill live anoth damn day freedom carri sacrific rememb life
300,you say alright just put faith you let anoth tri and show do but go again back deadend street im hope mayb time though the truth lie might meet but i think theyll get along if i know look and eye well then mayb i could play game and mayb lie tell you say good well good could use help you promis heaven but im live hell mayb anoth life and mayb i find there or mayb make right or mayb i care ive taken long enough and i cant go way so i guess now there one thing left say it time move on if i know look and eye well then mayb i could play game and mayb lie tell you say good well good could use help you promis heaven but im live hell you want someon blame but that are well i i want find someth for i thought i found someth last forev but find better your better your better your better if i know look and eye well then mayb i could play game and mayb lie tell you say good well good could use help you promis heaven but know well you say good well good could use help you promis heaven but im live hell
311,an open door i cant walk through caus i cant leav behind all thing i knew theyr gone and ive lost track of one i love turn back insid word i say it truth when lie got way but tomorrow brand new day and i hope bring the chanc i forgot take and i know there much i be if i strong enough to throw away weak piec me these tire eye hollow skin they remind place ive been i feel far still close it feel like im live insid ghost but tomorrow brand new day and i hope bring the chanc i forgot take and i know there much i be if i strong enough to throw away weak piec me ive gone sleep heaven onli wake hell if im gonna make through thi ill save myself caus tomorrow brand new day and i hope bring a chanc i forgot take and i know there much i be if i strong enough to throw away weak piec
326,whiskey bottl brand new car oak tree way there much coke much smoke look what go insid you ooooh smell cant smell smell ooooh smell the smell death surround you angel dark upon you stuck needl arm so take anoth toke blow nose one drink fool drown you ooooh smell cant smell smell ooooh smell the smell death surround you now call princ charm cant speak word full lude say right come tomorrow but tomorrow might you ooooh smell cant smell smell ooooh smell the smell death surround you hey fool you stick needl arm i know i befor one littl problem confront you got monkey back just one fix lord might trick one hell price get kick ooooh smell cant smell smell ooooh smell the smell death surround you ooooh smell cant smell smell ooooh smell the smell death surround you
327,im floor again sure gonna find here im sleep end time drug i take wake fear right now im pas away onto better life im pas away onto better im see far i fli sure gonna break fall im run fast i can head along wall it time im pas away onto better life im pas away onto better on better life on better im floor again sure gonna find here im sleep end time the drug i take wake fear right now im pas away onto better life im pas away onto better im pas away onto better life im pas away onto better on better
353,stranger flower yet there never come day ever regret the hour day year minut the joy pain sunshin rain it the drive coast nowher noth say sit stare there noth like comfort silenc that comfort not talk small skip bull then i find servil didnt think abil i go yard mile make smile but im happi see i got mani way make gaze ellipt got way go futur so criptic im glad just anoth mani thing weve had it am wake me the first thing see my eye open im hopin feel me the day start care on sidewalk dog your right last night i hog come im sorri it degre januari easili glide stranger flower still if gonna wanna go anoth day i will like make deal seal kiss seal fell imperman bliss today love shall let world slide turn ringer glide for shall never youger than what see it am wake me the first thing see my eye open im hopin feel me the day start care on sidewalk dog your right last night i hog come im sorri holiday radio billi know way go a place spend save time not collect interest mayb reason alway find ourselv home bound ive got homework the leav respons want leav wisconsin for new life new trailer antenna porch of cours well bring dog
372,stranger flower yet there never come day ever regret the hour day year minut the joy pain sunshin rain it the drive coast nowher noth say sit stare there noth like comfort silenc that comfort not talk small skip bull then i find servil didnt think abil i go yard mile make smile but im happi see i got mani way make gaze ellipt got way go futur so criptic im glad just anoth mani thing weve had it am wake me the first thing see my eye open im hopin feel me the day start care on sidewalk dog your right last night i hog come im sorri it degre januari easili glide stranger flower still if gonna wanna go anoth day i will like make deal seal kiss seal fell imperman bliss today love shall let world slide turn ringer glide for shall never youger than what see it am wake me the first thing see my eye open im hopin feel me the day start care on sidewalk dog your right last night i hog come im sorri holiday radio billi know way go a place spend save time not collect interest mayb reason alway find ourselv home bound ive got homework the leav respons want leav wisconsin for new life new trailer antenna porch of cours well bring dog
384,hexum sexton mahoney will we groov fuckin hard give chill well ive stricken the bass kickin when sucker step me boy i give lickin choru cosmic utopian thrivin mission babi cosmic utopian thrivin mission babi i feel good yo bad self well i hexum call nick i live code cosmic ive come say were stay utopian way well play today weve got drive live wont take dive were gonna thrive we got condit call ambit to cosmic utopian thrivin mission choru wit thi yo piss lyricist in face celebratin brand new race we know color brother other drive ginger fail mention the consequ conscienc you cant fool im schoolin new school now speakin round step back mother fucker im goin town choru i feel good break down i got one rhyme ye verb i got they hit spot the crowd freakin and bro im peekin when im stage havin fit but without brother babi i aint shit choru
422,yeah there graviti me pull want see what go tonight beneath electr starlight i like mix walk life who live life side pull mussel shell a place look like hell oh a classic song jukebox move oh the face make surreal oh compani pretti girl new vagrant one drink away sleep pavement im quit sure i find appeal about happi hour steal a parti parti til start get graini anoth anoth what celebr there alway someth miss dive back abyss and get stale but tomorrow new tale in frolic room woah the seat i assum yeah and im drawn night and damn neon light yeah where meet at let guess bet i know doe sign window ice cold six pack go sleep to there booth alway shadow the realiti around you it best realiti show oh compani privileg nearli damn mix like cocktail spirit slam in danger zone find me in certain dive invit a parti parti til start get graini anoth anoth what celebr there alway someth miss dive back abyss and get stale but tomorrow new tale in frolic room woah the seat i assum yeah and im drawn night and damn neon light yeah
517,no ill renounc view do other do id rather drink hemlock like you to soul untru it never get easier so quit tryin plea her everyth choic so let hear voic born octob night feel sight skin im then move like meteorit nois cultur is built natur anoth era decod a head toward raptur suppos were gift suppos mist is a metaphor chang suppos veil lift sacrament i hold close i feel nobl solar marigold light soul return world sometim im awak i cant tell im still dream there much stake when everi moment fleet sometim im awak i cant tell im still dream it never get easier so quit tryin plea her everyth choic so let hear voic rip even post kill parasit host we shoulder karma that came lo alamo return sky bottl blue return forgotten hue a look glass world see you soul bodi twin the latter give in when former see ocean a cold get in to alien life form these water real warm but bewar chang weather and creat snowstorm sometim im awak i cant tell im still dream there much stake when everi moment fleet sometim im awak i cant tell im still dream no ill renounc view do other do id rather drink hemlock like you to soul untru it never get easier so quit tryin plea her everyth choic so let hear voic
529,when thing outta whack and might collaps and end day you still cant relax and physic ach like caviti feelin bind on mind rest of bodi listen heartbeat flow imagin becom jackson pollack air brush chine dragon on sky blue convert van electra buick mind full of fumin matter and slowli pressur reced stop decay natur think clearli ultim though grace will give way traffic jam submachin gun hand citi redneck think like omega man feelin extrem of time were livin stockpil spaghettio and cheerio plannin to surviv fallout shit it ambugu it continu it u it real man x the continu life end movin life movin death my radio emit signal form a strang nois kind which ive never heard befor i scan dial station but i get eeri feelin im dreamin real dealin there nothin like tranc im caught daze cuz im final bodi the blue light ablaz yeah im realli amaz and feelin light that right lift im sky a hologram creat to shift concious chang im flung in riff i wanna free i wanna right i move portal to purifi it ambugu it continu it u it real man x the continu life end movin life movin death
530,it like i step dream i think know i mean a realiti break place unseen thing come aliv stupefi mind quarantin from sleep awaken somewher between ay i cloud parfait i jump valley far mundan my knee buckl chuckl chuckl mutha fucka i get back up like never scuffl strang like tale brother grimm they watch can look them live life like limb one sink swim maximum veloc yet speed rapidli there el i rather be me they keep high won let come down distract fact ma am that plan now where work lurk search climb much get perch virtual realiti nightmar on grid kid get nowher get ahead leav behind lose mind find time a nowher rhyme chemic atmospher anoth meteor fall near buri headlin disappear i type live fear you dream i know you awak explain nightmar couldn shake mayb koolaid drank today we break away past reach new plane last regardless card get play no one keep afraid unless wanna be you make choic indubit they wanna play emot but i like ocean too calm get upset somebodi notion futur maker organ taker a nonhuman intellig guid world collid far away star system i string dna i need em what gonna get zero field gotta one make real i tell ya reveal the mysteri don bother me everyday masquerad there alway mani plan laid keep go faster grade made we break away past reach new plane last regardless card get play no one keep afraid we alway begin a sure we spin for it never end here after time i sorri i sorri hate later someth greater than petti now ventur on the sketch complet drawn travel wide it hide insid ventur on the sketch complet drawn travel wide it beyond great divid
532,i dont jone noth caus that wast wast space frontal lobe and i sit deal it dont fit do know im sayin i get i can dont look relief troubl young man just take piec sometim suck oh im sure i guy like im think mayb form support group or perhap church sponsor youth group oh i say i look way i chang point view and here i do thi shall pas thi shall pas thi shall pas thi all good time bad time face bro pas your problem seem inconsequenti trivial when realiz one thing were speck dirt golf ball call earth so get stupid sing and i feel stupid say first place caus aint woosi anonym right chad that right chad chad asay no so fuck up oh i see i look way i chang point view and here i do thi song pas so put pipe smoke it
548,even i care tri i plea them their petti complaint stupid restraint aint gonna work it chees regret fret push away and say im like wind relentless irrit a posit i think worth state swing im doin thing groov im showin provin that maverick deal make feel ill it run famili fussin cussin bitchin kickin if ask i think chicken tri pretend friend rememb i said one day regret it oh god i cant believ it you ask shall receiv ear victori draw near fear dear ill anoth year what i scan new plan next year in nineti tri wanna bust out i cool im done bein mad to know hate well that sad what life strife backfir face know place come like word come like herd said wed drop like lead zeppelin face but that nothin home team i aint got ace whole yet bet i will get fill get thrill well back one day well tri spite but stay sight oh god i cant believ groov dope im fit here flash i freak hard i got whiplash and come write stay away stash swing im doin thing groov im showin provin that maverick deal make feel ill it run famili stoppin goin lyin tri my brain fire feel like im fli space ye best itll get better much i confess oh god i cant believ era ill say that it edif take place pull reign and get race my bro uniti uniti unanim uniti
552,choru wake mind clear eye up move rise time up clock tick caught slippin stop realiz look listen well i guess that life see dark road way and i guess that life gotta roll anyway now scream fight fear never ever made go away some ghost town yesterday made feel like love mile away choru now sleepless night thought cloud brain feel helpless repeat old memori pain i wish would rain yo gimm starlit sky fro dreamland i know realli smaller seem but pressur get skin i wanna get scream wind yo the world were livin complic the street walk dark jade a wander soul that fill hatr in poison youth taint social engin keep u seper medium control highli overr ignor bliss uneduc listen messag cuz time face it choru im control destin gotta chang mind help break away the sun creep hillsid shed light no man could ever take away i guess that life see new side norm a new direct mean form and calm eye storm yo show desert never drench ill show thirst never quench temptat chronicl stori life been spent dose balanc strife inspir come goe you bet hit im phone sing voicemail tri get down in sensat shape shift sound your tell fabl cover foibl from overindulg thing find enjoy design take mind away truth tri make play sleuth they want think someon watch you so make set rule you im tri find path i stomach just tri make sen it dont stop got dont stop til find sweet spot choru
560,midnight six man first time jamaica dilling leroy smart delroy wilson cool oper ken booth uk pop regga with back band sound system theyv got anyth say there mani black ear listen but four top night encor stage right charg bass knive trebl onstag aint got root rock rebel onstag aint got no root rock rebel dress back jump back bluebeat attack jonesin get anywher fool gun british armi wait there an weigh fifteen hundr ton white youth black youth better find anoth solut phone robin hood ask wealth distribut punk rocker la notic anyway theyr busi fight good place light the new group concern learn got burton suit ha think funni turn rebellion money all peopl chang vote along overcoat adolf hitler flew today theyd send limousin anyway and night drugprowl wolf look sick sun white man palai but go lookin fun im look fun oh plea mister leav alon im look fun look fun breath ow
563,thi happen life day spent ponder truth knife respect due caught it dedic friend sought it thi happen life day spent ponder truth knife respect due caught it dedic friend sought it brainstorm supersed norm when come togeth new planet born you revel chao peopl torn then come find welcom worn we advanc retract visionari realli imaginari the way work mind find art where feel feel heart everybodi get confus delus everywher buy fake feel use doubl talk fill air look happi ive got live it front right now feel stress fall hand like siev im new high pen pad and fun i attend jam that super bad at time give i have whether squar coolest lad eatin peopl purgin word the jammi take flight like lcaru bird drop get hurt cuz rock you get work say give me breakin let be wont none mind control it aint gonna work more i said give me breakin let be wont none mind control it aint gonna work more you get work if watch back peopl scheme you exploit thing lack theyll do your good someth theyll crack how mani time bust your origin hack dont know trust im new high pen pad and fun i attend jam that super bad at time give i have whether squar coolest lad eatin peopl purgin word the jammi take flight like lcaru bird drop get hurt cuz rock you get work yeah get work say give me breakin let be wont none mind control it aint gonna work more you get work
566,starri night bring down till i realiz moon it seem distant yet i felt pas right through and i see i see new world me so ill reach sky and pretend that im spaceman in anoth place time i guess im look brand new place is better life me subtl wind blow gone let rest upon move i trust ill end sleep cradl doom and i feel i feel i cant grasp real so ill get real high and imagin im spaceman in anoth place time i guess im look brand new place is better life me i rememb mind they say im daydream is seem or i thing im look for ooh and i see i see new world me and ill reach sky and imagin im spaceman in anoth place time i guess im look brand new place i rememb live differ life is better life me
577,what wonder hesit who would bear feel sorri me drop anoth pill calm me collaps knee fell fast sleep there i drift way sunshin expect crash im tie string look im tangl puppet and i might mess i sure surviv find awak count sad day that mani me drop anoth pill find me reach hand alreadi there then i start believin that i fell tini raindrop that lost way decid roam chase hungri dweller but i escap pretend die come follow me expect illus youll see imagin hand eye i put front mine youll see littl better youll see littl better what wonder destin where i now i longer see drop anoth pill kill me collaps knee fell fast sleep there i wa i wa i drift way sunshin expect crash im tie string look im tangl puppet i might mess i sure surviv but i escap pretend die
585,starri night bring down till i realiz moon it seem distant yet i felt pas right through and i see i see new world me so ill reach sky and pretend that im spaceman in anoth place time i guess im look brand new place is better life me subtl wind blow gone let rest upon move i trust ill end sleep cradl doom and i feel i feel i cant grasp real so ill get real high and imagin im spaceman in anoth place time i guess im look brand new place is better life me i rememb mind they say im daydream is seem or i thing im look for ooh and i see i see new world me and ill reach sky and imagin im spaceman in anoth place time i guess im look brand new place i rememb live differ life is better life me
600,i wonder notic lock throw away key gotta open mind got lot learn way me youv alway got say someth im none concern listen all know id rather say noth proud myself im tear wall when fall ill one look away when call ill first tell i cant stay it over ive found better way to help keep me im better way woohoh x im better way woohoh x you gotta keep come tell like know it but know noth call we settl like gentleman meet back to end insid again my whole life wait ever sinc i rememb been anxiou await fall let long while cant let go life till i know done when fall ill one look away when call ill first tell i cant stay it over ive found better way to help keep me im better way woohoh x im better way woohoh x you want it youv got it youv alway wast time you want it youv got it a friend your friend mine you want it youv got it when act age you want it youv got it your reason thing chang wooh x your reason thing chang wooh x when fall ill one look away when call ill first tell i cant stay it over ive found better way to help keep me im better way wooh x im better way wooh x im better way
623,i wonder notic lock throw away key gotta open mind got lot learn way me youv alway got say someth im none concern listen all know id rather say noth proud myself im tear wall when fall ill one look away when call ill first tell i cant stay it over ive found better way to help keep me im better way woohoh x im better way woohoh x you gotta keep come tell like know it but know noth call we settl like gentleman meet back to end insid again my whole life wait ever sinc i rememb been anxiou await fall let long while cant let go life till i know done when fall ill one look away when call ill first tell i cant stay it over ive found better way to help keep me im better way woohoh x im better way woohoh x you want it youv got it youv alway wast time you want it youv got it a friend your friend mine you want it youv got it when act age you want it youv got it your reason thing chang wooh x your reason thing chang wooh x when fall ill one look away when call ill first tell i cant stay it over ive found better way to help keep me im better way wooh x im better way wooh x im better way
757,oh yeah high tail face black hole rockin place hong kong video big bang mad blow into cyberspac look im gonna race eight ball pack big bone juke box jack hot star burnin up full moon runnin amok into cyberspac look im gonna race blow cyberspac blow cyberspac gotta get out get place blow big hole cyberspac octan track flat chat smash mach blow burnin hot mile high take right top into cyberspac look im gonna race blow cyberspac blow cyberspac
827,freez said man cruisin beat you get hand spread foot dont move inch i heard say or doin time til judgement day and said dont tell lie give alibi caus cross path doin life it dirti lie choru it shakedown and nervou shakedown a nervou shakedown anoth nervou shakedown it shakedown and nervou shakedown we got shakedown anoth nervou shakedwon it like set up take dime said man you make one call you get one way ticket counti hall well judg look high i look low and smile one man show he said two five juri dicid doubl parol surviv it dirti life choru
837,it anoth lone even and anoth lone town but i aint young worri and i aint old cri when woman get down got anoth empti bottl and anoth empti bed aint young admit it and im old lie im anoth empti head that im lone im lone but i know im gonna im gonna ride ride on ride on stand edg road ride on thumb air ride on one day im gonna ride on chang evil way till ill keep drag on broke anoth promis and i broke anoth heart but i aint young realiz that i aint old tri tri get back start and anoth red light nightmar anoth red light street and i aint old hurri caus i aint old die but i sure hard beat but im lone lord im lone what i gonna ride on ride on got oneway ticket ride on ride on go wrong way ride on gonna chang evil way ride on one day one day ride on ride on im gonna ride on ride on look truck ride on ride on keep ride ride on
854,hello babi gimm hand check high spot lay land you need rocket big limousin come babi ill make obscen i feel safe new york citi i feel safe new york citi i feel safe new york citi i feel safe new york citi all citi dive dont mess place itll eat aliv got lip smackin honey soak jam on top world ma readi slam i feel safe new york citi i feel safe new york citi i feel safe new york citi i feel safe new york citi i feel safe new york citi i feel safe new york citi i feel safe new york citi i feel safe new york citi movin like jumpin bean take look thing tight as jean comin way may luck dont fret boy readi buck i feel safe new york citi i feel safe new york citi i feel safe new york citi i feel safe new york citi i feel safe new york citi i feel safe new york citi i feel safe new york citi i feel safe new york citi i feel safe new york citi i feel safe new york citi i feel safe new york citi new york new york new york i feel safe cage new york citi
855,she make place jumpin the way move around she like rump rollin that get out and start rockin she bring boil she like give some new satellit blue new satellit blue new satellit blue new satellit blue a pictur clear watchin the dish runnin hot the box set pumpin she gonna take lot the way get butt in she gettin set ball i like chew some new satellit blue new satellit blue new satellit blue new satellit blue yeah yeah new satellit blue new satellit blue new satellit blue new satellit blue cant get nothin dial the frigin thing gone wild all i get dumb news new satellit blue new satellit blue new satellit blue new satellit blue new satellit blue i got satellit blue new satellit blue new satellit blue new satellit blue thi thing noth load crap im gonna send right back you stick hurt mac i got satellit blue
912,the king dead we noth fear hi head claim fortun wheel on mob death squar now time renew dont mourn illfat despot hi exist crime against freedom mankind merci innoc merci weak the tyrant die so nation could live fine virtu bloom on poison branch truth again yet again righteou violenc reign absolut bless new ruler he take blood gentri that slowli erod the root tree liberti i bring realm virtu terror i bring justic prompt sever it foolish trust virtu without fear merci innoc merci weak the tyrant die so nation could live fine virtu bloom on poison branch truth again yet again righteou violenc reign absolut down tyrant enemi peopl he stem flow blood now stream fill own who dare accus me i serv caus equal betray fals patriot i spurn senseless riot merci innoc merci weak the tyrant die so nation could live fine virtu bloom on poison branch truth again yet again righteou violenc reign absolut the peopl gather round i hear rabid crowd i feel anxiou eye wait side time judg u
913,the ray earli light show way aurora again open wide the golden gate dawn i woke side struck fresh beauti crown morn breez you hide distant eye when new love awak with differ smell tast behind mask im afraid to see face the new day arriv anoth day bright i say uniqu you pretend believ ill tell lame joke new stori tire lie buy fanci rose take old bar when new love awak with differ smell tast behind mask im afraid to see face deep i search you not one seem true one one leav without trace you keep lead astray a field golden flower bend placid mirror lake drawn beauti lost themselv lone sad when new love awak with differ smell tast behind mask im afraid to see face so goddess dawn carri work bring light earth a new day arriv noth dream anoth day when new love awak with differ smell tast behind mask im afraid to see
938,bird fli high you know i feel sun sky you know i feel reed drift by you know i feel it new dawn it new day it new life me and im feel good fish sea you know i feel river run free you know i feel blossom tree you know i feel it new dawn it new day it new life me and im feel good dragonfli sun you know i mean know butterfli fun you know i mean sleep peac when day done and old world is new world and bold world me star shine you know i feel scent pine you know i feel freedom life and know i feel it new dawn it new day it new life me oh me me and im feel im feel im feel good good im feel good
969,i close eye onli moment moment gone all dream pas eye curio dust wind all dust wind same old song just drop water endless sea all crumbl to ground though refus see dust wind all dust wind oh hmmmm dont hang on noth last forev earth sky it slip away and money anoth minut buy dust wind all dust wind dust wind all dust wind in wind wind wind
971,bird fli high you know i feel sun sky you know i feel reed drift by you know i feel it new dawn it new day it new life me and im feel good fish sea you know i feel river run free you know i feel blossom tree you know i feel it new dawn it new day it new life me and im feel good dragonfli sun you know i mean know butterfli fun you know i mean sleep peac when day done and old world is new world and bold world me star shine you know i feel scent pine you know i feel freedom life and know i feel it new dawn it new day it new life me oh me me and im feel im feel im feel good good im feel good
